"source_name","platform_product_name","normalized_name","source_name_en","gender_scope","style_no","brand_name","category_name","attributes"
무신사,[10주년기획] ©모두의 커브드 치노 팬츠_6 COLOR,[10주년기획] ©모두의 커브드 치노 팬츠_6 color,EVERYONES CURVED CHINO PANTS,"M,W",DBF1PL02,구찌,롱/맥시 원피스,"{""tags"": [""루즈핏"", ""면바지"", ""아메카지"", ""와이드"", ""워크웨어"", ""캐주얼"", ""코튼""], ""season"": ""0"", ""season_year"": 2026, ""source_attributes"": {""핏"": [""루즈""], ""계절"": [""봄"", ""여름"", ""가을"", ""겨울""], ""두께"": [""보통""], ""비침"": [""없음""], ""촉감"": [""보통""], ""신축성"": [""보통""]}}"
무신사,T-Logo Hoodie Heather Grey,t-logo hoodie heather grey,T-Logo Hoodie Heather Grey,"M,W",TNCO0TSWHO06HGR,그루브스텝,블루종/MA-1,"{""tags"": [""SWEATS"", ""T-LOGOITEM"", ""긴팔"", ""남자후드티"", ""스웻"", ""여자후드티"", ""후드티"", ""후드티셔츠"", ""후디""], ""season"": ""2"", ""season_year"": 0, ""source_attributes"": {}}"
무신사,플리티드 트랙 팬츠 LD8922,플리티드 트랙 팬츠 ld8922,플리티드 트랙 팬츠 LD8922,W,LD8922,고저,미니 스커트,"{""tags"": [""ADIDASORIGINALSBYJENNIE"", ""아디다스제니"", ""제니"", ""제니컬렉션"", ""제니협업"", ""트랙팬츠""], ""season"": null, ""season_year"": null, ""source_attributes"": {}}"
무신사,니트 랩 어라운드 가디건 LD8932,니트 랩 어라운드 가디건 ld8932,니트 랩 어라운드 가디건 LD8932,W,LD8932,고저,후드,"{""tags"": [""ADIDASORIGINALSBYJENNIE"", ""아디다스제니"", ""제니"", ""제니컬렉션"", ""제니협업""], ""season"": null, ""season_year"": null, ""source_attributes"": {}}"
무신사,쉬어 롱 슬리브 티 LD8931,쉬어 롱 슬리브 티 ld8931,쉬어 롱 슬리브 티 LD8931,W,LD8931,고저,상의,"{""tags"": [""ADIDASORIGINALSBYJENNIE"", ""롱슬리브"", ""아디다스제니"", ""제니"", ""제니컬렉션"", ""제니협업""], ""season"": null, ""season_year"": null, ""source_attributes"": {}}"
무신사,[오헤시오 컬래버] 폴라 플리스 스냅 풀오버 [틸 블루],[오헤시오 컬래버] 폴라 플리스 스냅 풀오버 [틸 블루],[오헤시오 컬래버] 폴라 플리스 스냅 풀오버 [틸 블루],W,MWFFEAD61-TU,가까이 유니언즈,니트/스웨터,"{""tags"": [""반오픈"", ""아노락"", ""오헤시오컬래버"", ""폴라플리스"", ""후리스""], ""season"": ""2"", ""season_year"": 2026, ""source_attributes"": {""핏"": [""루즈""], ""계절"": [""봄"", ""가을"", ""겨울""], ""두께"": [""약간 두꺼움""], ""비침"": [""거의 없음""], ""촉감"": [""부드러움""], ""신축성"": [""있음""]}}"
무신사,[오헤시오 컬래버] 폴라 플리스 스냅 풀오버 [아이보리],[오헤시오 컬래버] 폴라 플리스 스냅 풀오버 [아이보리],[오헤시오 컬래버] 폴라 플리스 스냅 풀오버 [아이보리],W,MWFFEAD61-IV,가까이 유니언즈,니트/스웨터,"{""tags"": [""반오픈"", ""아노락"", ""오헤시오컬래버"", ""폴라플리스"", ""후리스""], ""season"": ""2"", ""season_year"": 2026, ""source_attributes"": {""핏"": [""루즈""], ""계절"": [""봄"", ""가을"", ""겨울""], ""두께"": [""약간 두꺼움""], ""비침"": [""거의 없음""], ""촉감"": [""부드러움""], ""신축성"": [""있음""]}}"
무신사,PATTERN BLOCK TEE [CHARCOAL],pattern block tee [charcoal],PATTERN BLOCK TEE [CHARCOAL],W,AE46FWLS004CHA,글렌웨이버리03150,상의,"{""tags"": [""롱슬리브티""], ""season"": null, ""season_year"": 0, ""source_attributes"": {}}"
무신사,와플 롱 슬리브 폴로 티 - 원더화이트 / KQ6867,와플 롱 슬리브 폴로 티 - 원더화이트 / kq6867,WAFFLE LS POLO WONWHI,"M,W",KQ6867,고저,상의,"{""tags"": [""긴팔"", ""롱슬리브"", ""무배당발"", ""무신사단독"", ""와플"", ""와플컬렉션"", ""와플폴로롱슬리브"", ""폴로긴팔""], ""season"": ""1"", ""season_year"": 2026, ""source_attributes"": {}}"
무신사,T-Logo L/S Tee White,t-logo l/s tee white,T-Logo L/S Tee White,"M,W",TNCO0TTSLT01WHT,그루브스텝,상의,"{""tags"": [""긴팔"", ""긴팔티"", ""긴팔티셔츠"", ""남자긴팔"", ""로고"", ""여자긴팔""], ""season"": ""0"", ""season_year"": 2026, ""source_attributes"": {}}"
무신사,[2PACK] 쿨 코튼 티셔츠 Black+White,[2pack] 쿨 코튼 티셔츠 black+white,COOL COTTON 2-PACK T-SHIRT,"M,W",CO2602STE1BK,그노노이,기타 상의,"{""tags"": [""23S/S정규컬렉션"", ""데일리아이템"", ""로고티셔츠"", ""반팔티셔츠"", ""썸머컬렉션"", ""에센셜라인"", ""오버핏반팔"", ""투팩"", ""투팩티"", ""티셔츠""], ""season"": null, ""season_year"": 0, ""source_attributes"": {}}"
무신사,니트 랩 어라운드 가디건 LD4840,니트 랩 어라운드 가디건 ld4840,니트 랩 어라운드 가디건 LD4840,W,LD4840,고저,후드,"{""tags"": [""ADIDASORIGINALSBYJENNIE"", ""아디다스제니"", ""제니"", ""제니컬렉션"", ""제니협업""], ""season"": null, ""season_year"": null, ""source_attributes"": {}}"
무신사,나일론 카펜터 와이드 벌룬팬츠 4Color,나일론 카펜터 와이드 벌룬팬츠 4color,Nylon Carpenter Wide Balloon Pants 4Colors,"M,W",MUN107,그라운즈스웻,롱/맥시 스커트,"{""tags"": [""고프코어"", ""나일론팬츠"", ""바지"", ""와이드팬츠"", ""카고바지"", ""카고팬츠"", ""팬츠""], ""season"": ""1"", ""season_year"": 2026, ""source_attributes"": {""핏"": [""오버 사이즈""], ""계절"": [""봄"", ""여름"", ""가을"", ""겨울""], ""두께"": [""보통""], ""비침"": [""없음""], ""촉감"": [""부드러움""], ""신축성"": [""없음""]}}"
무신사,다이마루 배색 레이어드 셔츠_MIWYAG608B MIWYAG91QG,다이마루 배색 레이어드 셔츠_miwyag608b miwyag91qg,다이마루 배색 레이어드 셔츠_MIWYAG608B MIWYAG91QG,W,MIWYAG608B,길영,데님 재킷,"{""tags"": [""SNS트렌드템"", ""나람PICK"", ""베스트아이템""], ""season"": ""1"", ""season_year"": 2026, ""source_attributes"": {}}"
무신사,우먼즈 코튼 커브드 팬츠 (5 colors),우먼즈 코튼 커브드 팬츠 (5 colors),우먼즈 코튼 커브드 팬츠 (5 colors),W,MWFPC4A15,가까이 유니언즈,롱/맥시 원피스,"{""tags"": [""기은세PICK"", ""면팬츠"", ""바지"", ""캐주얼팬츠"", ""커브드"", ""커브드팬츠"", ""코튼팬츠"", ""팬츠"", ""한소희PICK"", ""한소희픽""], ""season"": null, ""season_year"": null, ""source_attributes"": {""핏"": [""루즈""], ""계절"": [""봄"", ""여름"", ""가을"", ""겨울""], ""두께"": [""보통""], ""비침"": [""없음""], ""촉감"": [""보통""], ""신축성"": [""없음""]}}"
무신사,홀스 래빗 롱슬리브 (블랙/레드),홀스 래빗 롱슬리브 (블랙/레드),Horse Rabbit Long Sleeve (Black/Red),W,T26SLS05BKRD,글런든,상의,"{""tags"": [], ""season"": null, ""season_year"": 0, ""source_attributes"": {}}"
무신사,우먼즈 울 텐셀 슬림 스쿱 넥 긴소매 티셔츠 [그레이쉬 베이지],우먼즈 울 텐셀 슬림 스쿱 넥 긴소매 티셔츠 [그레이쉬 베이지],우먼즈 울 텐셀 슬림 스쿱 넥 긴소매 티셔츠,W,MWFTL9A09-GI,가까이 유니언즈,상의,"{""tags"": [""긴소매티셔츠"", ""긴팔티셔츠"", ""스쿱넥"", ""슬림티셔츠"", ""여자긴팔"", ""티셔츠""], ""season"": ""2"", ""season_year"": 2026, ""source_attributes"": {""핏"": [""슬림""], ""계절"": [""봄"", ""여름""], ""두께"": [""약간 얇음""], ""비침"": [""없음""], ""촉감"": [""약간 부드러움""], ""신축성"": [""있음""]}}"
무신사,T-Logo Tee Heather Grey,t-logo tee heather grey,T-Logo Tee Heather Grey,"M,W",TN260TTSST01HGR,그루브스텝,기타 상의,"{""tags"": [""LOGO"", ""남성반팔"", ""남자반팔"", ""반팔"", ""반팔티셔츠"", ""여성반팔"", ""여자반팔""], ""season"": ""1"", ""season_year"": 2026, ""source_attributes"": {}}"
무신사,홀스 래빗 롱슬리브 (네이비),홀스 래빗 롱슬리브 (네이비),,W,T26SLS05NV,글런든,상의,"{""tags"": [""긴소매티셔츠"", ""긴팔티"", ""래빗롱슬리브"", ""롱슬리브"", ""롱슬리브티"", ""말티셔츠"", ""홀스롱슬리브""], ""season"": null, ""season_year"": 0, ""source_attributes"": {}}"
무신사,드라이어 프리 롱슬리브 (4 Color),드라이어 프리 롱슬리브 (4 color),Dryer-Free Long Sleeve _3 Color,"M,W",T25WLS03WH,글런든,상의,"{""tags"": [], ""season"": ""2"", ""season_year"": 0, ""source_attributes"": {""핏"": [""레귤러""], ""계절"": [""봄"", ""여름"", ""가을""], ""두께"": [""보통""], ""비침"": [""보통""], ""촉감"": [""보통""], ""신축성"": [""보통""]}}"
무신사,와플 롱 슬리브 폴로 티 - 블랙 / KQ6866,와플 롱 슬리브 폴로 티 - 블랙 / kq6866,WAFFLE LS POLO BLACK,"M,W",KQ6866,고저,상의,"{""tags"": [""긴팔티"", ""롱슬리브"", ""롱슬리브추천"", ""무배당발"", ""무신사단독"", ""와플"", ""와플롱슬리브"", ""와플컬렉션"", ""폴로긴팔티""], ""season"": ""1"", ""season_year"": 2026, ""source_attributes"": {}}"
무신사,베이직 우먼 티셔츠 (8colors),베이직 우먼 티셔츠 (8colors),,W,"93262TTS1203",닉앤니콜,기타 상의,"{""tags"": [""BASIC"", ""무지티"", ""반팔"", ""반팔티"", ""여름반소매"", ""여름반팔티"", ""여자반팔"", ""티셔츠""], ""season"": ""1"", ""season_year"": 0, ""source_attributes"": {}}"
무신사,USA LOGO V NECK LONG SLEEVE_GREY,usa logo v neck long sleeve_grey,USA LOGO V NECK LONG SLEEVE_GREY,W,GL26SPTP12GY,기준 맨,상의,"{""tags"": [""긴팔"", ""긴팔티"", ""긴팔티셔츠"", ""레이어드티셔츠"", ""롱슬리브"", ""롱슬리브티""], ""season"": ""1"", ""season_year"": 2026, ""source_attributes"": {}}"
무신사,(남성) 왈라비 GTX - 블랙 스웨이드 / 26179251,(남성) 왈라비 gtx - 블랙 스웨이드 / 26179251,(M) Wallabee GTX - Black Suede / 26179251,M,"26179251",뉴에라,기타 팬츠,"{""tags"": [""고어텍스"", ""모카신"", ""모카신추천"", ""왈라비"", ""왈라비추천"", ""클락스신발"", ""클락스왈라비"", ""클락스추천""], ""season"": ""1"", ""season_year"": 0, ""source_attributes"": {}}"
무신사,언타이틀 크레스트 폴로 크롭 반팔 핑크,언타이틀 크레스트 폴로 크롭 반팔 핑크,Untitled Crest Polo Crop Short Sleeve Pink,"M,W",UN26RS14,금강,기타 상의,"{""tags"": [""반소매티셔츠"", ""반팔"", ""반팔티셔츠"", ""여름반팔"", ""여름티셔츠""], ""season"": null, ""season_year"": 0, ""source_attributes"": {}}"
무신사,[오헤시오 컬래버] 레이어드 긴소매 티셔츠  [플럼],[오헤시오 컬래버] 레이어드 긴소매 티셔츠 [플럼],[오헤시오 컬래버] 레이어드 긴소매 티셔츠  [플럼],W,MWFTL9D61-PC,가까이 유니언즈,상의,"{""tags"": [""긴팔"", ""긴팔티"", ""레이어드"", ""레이어드티셔츠"", ""오헤시오컬래버"", ""프린트"", ""플라워""], ""season"": ""2"", ""season_year"": 2026, ""source_attributes"": {""핏"": [""레귤러""], ""계절"": [""봄"", ""가을"", ""겨울""], ""두께"": [""보통""], ""비침"": [""거의 없음""], ""촉감"": [""약간 부드러움""], ""신축성"": [""있음""]}}"
무신사,[주영X유희] FLOWER BUTTON LONG SLEEVE_LIGHT GREY,[주영x유희] flower button long sleeve_light grey,FLOWER BUTTON LONG SLEEVE_LIGHT GREY,W,YHLTGC006LG,길단,상의,"{""tags"": [""26FALL"", ""그래픽티셔츠"", ""긴팔티"", ""긴팔티셔츠"", ""롱슬리브"", ""버튼티셔츠"", ""유희주영에디션"", ""주영"", ""티셔츠"", ""플라워""], ""season"": null, ""season_year"": null, ""source_attributes"": {}}"
무신사,[주영X유희] LACE LAYERED LONG SLEEVE_NAVY,[주영x유희] lace layered long sleeve_navy,LACE LAYERED LONG SLEEVE_NAVY,W,YHLTGC057NV,길단,상의,"{""tags"": [""26FALL"", ""긴팔티"", ""긴팔티셔츠"", ""레이스"", ""레이어드"", ""레이어드티셔츠"", ""롱슬리브"", ""유희주영에디션"", ""주영"", ""티셔츠""], ""season"": null, ""season_year"": null, ""source_attributes"": {}}"
무신사,와플 스냅 긴팔 티셔츠_MIWLWG934A,와플 스냅 긴팔 티셔츠_miwlwg934a,와플 스냅 긴팔 티셔츠_MIWLWG934A,W,MIWLWG934A,길영,상의,"{""tags"": [], ""season"": ""2"", ""season_year"": 2026, ""source_attributes"": {}}"
무신사,싱글 유니콘 헨리넥 롱슬리브 그레이,싱글 유니콘 헨리넥 롱슬리브 그레이,SINGLE UNICORN HENLEY NECK LONG SLEEVE GRAY,"M,W",UN26LS17,금강,상의,"{""tags"": [""긴팔"", ""긴팔티"", ""긴팔티셔츠"", ""티셔츠""], ""season"": null, ""season_year"": 0, ""source_attributes"": {}}"
무신사,믹스 패치 박시 Lst (Black),믹스 패치 박시 lst (black),Mixed Patch Boxy Lst (Black),W,"251MPBTOP001",길프,상의,"{""tags"": [""긴소매티"", ""긴팔티"", ""롱슬리브"", ""롱슬리브티"", ""티셔츠""], ""season"": ""1"", ""season_year"": 0, ""source_attributes"": {}}"
무신사,우먼즈 울 텐셀 슬림 스쿱 넥 긴소매 티셔츠 [차콜 그레이],우먼즈 울 텐셀 슬림 스쿱 넥 긴소매 티셔츠 [차콜 그레이],우먼즈 울 텐셀 슬림 스쿱 넥 긴소매 티셔츠,W,MWFTL9A09-CG,가까이 유니언즈,상의,"{""tags"": [""긴소매티셔츠"", ""긴팔티셔츠"", ""소올PICK"", ""스쿱넥"", ""슬림티셔츠"", ""여자긴팔"", ""티셔츠""], ""season"": ""2"", ""season_year"": 2026, ""source_attributes"": {""핏"": [""슬림""], ""계절"": [""봄"", ""여름""], ""두께"": [""약간 얇음""], ""비침"": [""없음""], ""촉감"": [""약간 부드러움""], ""신축성"": [""있음""]}}"
무신사,픽셀 로고 박시 LST (Grey),픽셀 로고 박시 lst (grey),Pixel Logo Boxy LST (Grey),W,"261PLBTOP010",길프,상의,"{""tags"": [""긴소매"", ""긴팔"", ""긴팔티셔츠"", ""레이어드"", ""롱슬리브티"", ""롱슬리브티셔츠"", ""여성티셔츠""], ""season"": null, ""season_year"": 0, ""source_attributes"": {}}"
무신사,TAG OG LONGSLEEVE,tag og longsleeve,TAG OG LONGSLEEVE,"M,W",BLFMLTS01,기프트오리지널,상의,"{""tags"": [""긴팔"", ""긴팔티"", ""긴팔티셔츠"", ""롱슬리브"", ""롱슬리브티"", ""롱슬리브티셔츠"", ""티셔츠""], ""season"": ""2"", ""season_year"": 2026, ""source_attributes"": {}}"
무신사,하프캡 데콘 - 블랙:블랙 / VN000EATBKA1,하프캡 데콘 - 블랙:블랙 / vn000eatbka1,HALF CAB DECON - BLACK/BLACK,"M,W",VN000EATBKA1,누브,블레이저/슈트 재킷,"{""tags"": [""기본아이템"", ""남녀공용운동화"", ""데일리슈즈"", ""미드탑운동화"", ""반스보드화"", ""반스하프캡"", ""스웨이드단화"", ""스트릿패션"", ""올블랙스니커즈"", ""하프캡디콘""], ""season"": ""2"", ""season_year"": 2026, ""source_attributes"": {}}"
무신사,보울러 스니커즈 R25M200 (워싱 블랙),보울러 스니커즈 r25m200 (워싱 블랙),,"M,W",R25M200WBK,더 건프,블레이저/슈트 재킷,"{""tags"": [""808/블랙/3홀/포스/척/플랫폼"", ""구두/스니커즈/스웨이드/818"", ""더비/보울러/뮬/와이드/8홀"", ""레인저/부츠/로퍼/키높이/우든"", ""로맨틱무브/목토/슈즈/6인치"", ""베스트아이템"", ""여자/레더/597/스피드캣"", ""운동화/구동화/커플/남자""], ""season"": ""1"", ""season_year"": 0, ""source_attributes"": {}}"
무신사,[이핏 X 로맨틱무브] 라스트 스탠드 첼시 부츠 R26M301 / 블랙,[이핏 x 로맨틱무브] 라스트 스탠드 첼시 부츠 r26m301 / 블랙,[이핏 X 로맨틱무브] 라스트 스탠드 첼시 부츠 / 블랙,M,R26M301,더 건프,롱 패딩,"{""tags"": [""가죽부츠"", ""남자수제화"", ""라운드토"", ""앵클부츠"", ""첼시"", ""첼시부츠"", ""키높이""], ""season"": ""0"", ""season_year"": 2026, ""source_attributes"": {}}"
무신사,[SET]빈티지 배색 레이어드 긴팔 티셔츠 세트-네이비/멜란지,[set]빈티지 배색 레이어드 긴팔 티셔츠 세트-네이비/멜란지,[SET] Vintage Color-Block Layered Long Sleeve T Shirt Homewear Set - Navy/Melange,"M,W","5015030097",고목,상의,"{""tags"": [""긴팔티"", ""긴팔티셔츠"", ""데일리룩"", ""레이어드"", ""롱슬리브티"", ""여자긴팔"", ""티셔츠""], ""season"": ""2"", ""season_year"": 0, ""source_attributes"": {""핏"": [""슬림"", ""레귤러""], ""계절"": [""봄"", ""여름"", ""가을"", ""겨울""], ""두께"": [""보통""], ""비침"": [""없음""], ""촉감"": [""보통""], ""신축성"": [""보통""]}}"
무신사,Double High Neck Long Sleeve (Charcoal),double high neck long sleeve (charcoal),Double High Neck Long Sleeve (Charcoal),"M,W",AK26TOP74CH,꼼데가르송,상의,"{""tags"": [""남자롱슬리브"", ""남자후드"", ""롱슬리브"", ""여자롱슬리브"", ""여자후드"", ""후드""], ""season"": ""2"", ""season_year"": 2026, ""source_attributes"": {}}"
무신사,와플 3S 티 - 원더화이트 / KW7436,와플 3s 티 - 원더화이트 / kw7436,WAFFLE 3S TEE WONWHI,"M,W",KW7436,고저,기타 상의,"{""tags"": [""무배당발"", ""무신사단독"", ""무신사에디션"", ""반소매티셔츠"", ""반팔"", ""반팔티"", ""아디다스와플"", ""와플반팔"", ""와플컬렉션"", ""티셔츠추천""], ""season"": ""2"", ""season_year"": 2026, ""source_attributes"": {}}"
무신사,BUTTON SLIT HENLEY KNIT GREY,button slit henley knit grey,BUTTON SLIT HENLEY KNIT GREY,"M,W",SC3KT01GY,기호,상의,"{""tags"": [""긴소매티셔츠"", ""긴팔티"", ""긴팔티셔츠"", ""레이어드티셔츠"", ""롱슬리브"", ""헨리넥""], ""season"": ""1"", ""season_year"": 2026, ""source_attributes"": {""핏"": [""슬림""], ""계절"": [""봄"", ""여름"", ""가을""], ""두께"": [""약간 얇음""], ""촉감"": [""부드러움""], ""신축성"": [""약간 있음""]}}"
무신사,[주영X유희] LACE LAYERED LONG SLEEVE_PINK,[주영x유희] lace layered long sleeve_pink,LACE LAYERED LONG SLEEVE_PINK,W,YHLTGC057PK,길단,상의,"{""tags"": [""26FALL"", ""긴팔티"", ""긴팔티셔츠"", ""레이스"", ""레이어드"", ""레이어드티셔츠"", ""롱슬리브"", ""유희주영에디션"", ""주영"", ""티셔츠""], ""season"": null, ""season_year"": null, ""source_attributes"": {}}"
무신사,TCM alphabet T (lemon),tcm alphabet t (lemon),TCM alphabet T (lemon),W,"26051824",까롯,기타 상의,"{""tags"": [], ""season"": ""1"", ""season_year"": 2026, ""source_attributes"": {}}"
무신사,(W) 3PACK T-SHIRT SET B (WH/PB/CH),(w) 3pack t-shirt set b (wh/pb/ch),(W) 3PACK T-SHIRT SET B (WH/PB/CH),W,m1037_1662861,다이어스,기타 상의,"{""tags"": [""26SS""], ""season"": ""1"", ""season_year"": 2026, ""source_attributes"": {}}"
무신사,(w) TCM mix panel long sleeve (navy),(w) tcm mix panel long sleeve (navy),(w) TCM mix panel long sleeve (navy),"M,W",ETCFWLS02NV,까롯,상의,"{""tags"": [], ""season"": ""2"", ""season_year"": 2026, ""source_attributes"": {}}"
무신사,에어 맥스 모토 2K M - 오프 화이트:메탈릭 실버:하이퍼 터콰이즈:블랙 / IR1476-101,에어 맥스 모토 2k m - 오프 화이트:메탈릭 실버:하이퍼 터콰이즈:블랙 / ir1476-101,AIR MAX MOTO 2K - OFF WHITE/BLACK-METALLIC SILVER,M,IR1476-101,내셔널지오그래픽,블레이저/슈트 재킷,"{""tags"": [""나이키모토"", ""모토2K"", ""에어맥스"", ""에어맥스모토""], ""season"": null, ""season_year"": null, ""source_attributes"": {}}"
무신사,플리스 후디 자켓 LD4967,플리스 후디 자켓 ld4967,플리스 후디 자켓 LD4967,W,LD4967,고저,블루종/MA-1,"{""tags"": [""ADIDASORIGINALSBYJENNIE"", ""아디다스제니"", ""제니"", ""제니컬렉션"", ""제니협업"", ""플리스"", ""후드"", ""후디""], ""season"": null, ""season_year"": null, ""source_attributes"": {}}"
무신사,TCM mini logo stripe long sleeve (yellow/grey),tcm mini logo stripe long sleeve (yellow/grey),TCM mini logo stripe long sleeve (yellow/grey),"M,W","25092258",까롯,상의,"{""tags"": [], ""season"": null, ""season_year"": 0, ""source_attributes"": {}}"
무신사,"STRING BOAT NECK JERSEY BLOUSE, WHITE","string boat neck jersey blouse, white","STRING BOAT NECK JERSEY BLOUSE, WHITE",W,"26FW-120010MA-01",나일론스튜디오,데님 재킷,"{""tags"": [], ""season"": ""2"", ""season_year"": 2026, ""source_attributes"": {}}"
무신사,우먼즈 울 텐셀 레이어드 슬림 긴소매 티셔츠 [그레이쉬 베이지],우먼즈 울 텐셀 레이어드 슬림 긴소매 티셔츠 [그레이쉬 베이지],WOMENS WOOL TENCEL LAYERED SLIM LONG-SLEEVE T-SHIRT [GREYISH BEIGE],W,MWETL8D10-GI,가까이 유니언즈,상의,"{""tags"": [""기본티셔츠"", ""긴팔티셔츠"", ""다다익선"", ""레이어드"", ""레이어드긴소매"", ""레이어드티"", ""롱슬리브"", ""베이식티셔츠"", ""슬림핏티셔츠"", ""티셔츠""], ""season"": ""2"", ""season_year"": 2025, ""source_attributes"": {""핏"": [""슬림""], ""계절"": [""봄"", ""가을"", ""겨울""], ""두께"": [""약간 얇음""], ""비침"": [""약간 있음""], ""촉감"": [""부드러움""], ""신축성"": [""약간 있음""]}}"
지그재그,[ofm] 소르베 린넨 브이넥 니트 (knit)(린넨12%)(라이오셀28%) *뉴 컬러 추가 ♡,[ofm] 소르베 린넨 브이넥 니트 (knit)(린넨12%)(라이오셀28%) *뉴 컬러 추가 ♡,,,,디미트리블랙,,"{""shop_name"": ""메리어라운드""}"
무신사,Raglan Campus Logo Long Top - Grey(Navy),raglan campus logo long top - grey(navy),Raglan Campus Logo Long Top - Grey(Navy),W,S5WTS02GRF,꼼소넛,상의,"{""tags"": [""그래픽티셔츠"", ""긴소매"", ""긴팔"", ""긴팔티"", ""긴팔티셔츠"", ""티셔츠""], ""season"": null, ""season_year"": 0, ""source_attributes"": {}}"
무신사,CROSS ARRAY L/S TEE - BLACK,cross array l/s tee - black,CROSS ARRAY L/S TEE - BLACK,"M,W",OYBFF1TE011BK,끌레,상의,"{""tags"": [""긴팔"", ""긴팔티"", ""긴팔티셔츠"", ""레이어드"", ""롱슬리브"", ""롱슬리브티"", ""롱슬리브티셔츠""], ""season"": ""2"", ""season_year"": 2026, ""source_attributes"": {}}"
무신사,TCM starfish mini logo long sleeve (pistachio),tcm starfish mini logo long sleeve (pistachio),TCM starfish mini logo long sleeve (pistachio),"M,W",ETCFWLS12PI,까롯,상의,"{""tags"": [], ""season"": ""2"", ""season_year"": 2026, ""source_attributes"": {}}"
무신사,로넥 백 레터링 롱 슬리브 티 (4컬러),로넥 백 레터링 롱 슬리브 티 (4컬러),RONEK BACK LETTERING LONG SLEEVE T (4COLOR),W,C-P00000IL,꼼파뇨,상의,"{""tags"": [""긴팔"", ""긴팔티"", ""긴팔티셔츠"", ""롱슬리브티"", ""롱슬리브티셔츠"", ""여름티셔츠"", ""티셔츠""], ""season"": null, ""season_year"": 0, ""source_attributes"": {""핏"": [""레귤러""], ""계절"": [""봄"", ""가을"", ""겨울""], ""두께"": [""보통""], ""비침"": [""없음""], ""촉감"": [""보통""], ""신축성"": [""보통""]}}"
무신사,BUTTON SLIT HENLEY KNIT BLACK,button slit henley knit black,BUTTON SLIT HENLEY KNIT BLACK,"M,W",SC3KT01BK,기호,상의,"{""tags"": [""긴소매티셔츠"", ""긴팔티"", ""긴팔티셔츠"", ""레이어드티셔츠"", ""롱슬리브"", ""헨리넥""], ""season"": ""1"", ""season_year"": 2026, ""source_attributes"": {""핏"": [""슬림""], ""계절"": [""봄"", ""여름"", ""가을""], ""두께"": [""약간 얇음""], ""촉감"": [""부드러움""], ""신축성"": [""약간 있음""]}}"
지그재그,[BEST] [DEMOOR] 무어 라운드 세미크롭 티셔츠 (S/M/L/숏/롱),[best] [demoor] 무어 라운드 세미크롭 티셔츠 (s/m/l/숏/롱),,,,디스이즈네버댓,,"{""shop_name"": ""드무어""}"
무신사,Jacquard Corset Line Pocket Shirt (White),jacquard corset line pocket shirt (white),Jacquard Corset Line Pocket Shirt (White),W,ET26FWTSH37WH,노앙,데님 재킷,"{""tags"": [""7부"", ""데일리셔츠"", ""여름셔츠"", ""여자셔츠"", ""캐주얼셔츠""], ""season"": ""2"", ""season_year"": 2026, ""source_attributes"": {}}"
무신사,PARTIER Dirt Sweatpants (KHAKI),partier dirt sweatpants (khaki),PARTIER Dirt Sweatpants (KHAKI),"M,W",PDP261PT04CKH,노밍,미니 스커트,"{""tags"": [""26SS"", ""밴딩팬츠"", ""스웨트팬츠"", ""스웻팬츠"", ""트레이닝바지"", ""펀드파""], ""season"": ""1"", ""season_year"": 2026, ""source_attributes"": {}}"
무신사,스냅 빅와이드 나일론 트랙 팬츠 네이비/화이트,스냅 빅와이드 나일론 트랙 팬츠 네이비/화이트,스냅 빅와이드 트랙 팬츠 네이비/화이트,"M,W","010",노브,미니 스커트,"{""tags"": [""밴딩팬츠"", ""스웻팬츠"", ""와이드팬츠"", ""트랙팬츠"", ""트레이닝바지"", ""트레이닝팬츠"", ""팬츠""], ""season"": null, ""season_year"": 0, ""source_attributes"": {""핏"": [""루즈""], ""계절"": [""봄"", ""여름"", ""가을"", ""겨울""], ""두께"": [""약간 얇음""], ""비침"": [""없음""], ""촉감"": [""약간 부드러움""], ""신축성"": [""있음""]}}"
무신사,마운틴 롱슬리브 (화이트/레드),마운틴 롱슬리브 (화이트/레드),Mountain Long Sleeve White/Red,"M,W",T25WLS04WHRD,글런든,상의,"{""tags"": [""긴팔티"", ""긴팔티셔츠"", ""레이어드티셔츠"", ""롱슬리브"", ""여성티셔츠"", ""프린팅티셔츠""], ""season"": ""2"", ""season_year"": 0, ""source_attributes"": {""핏"": [""레귤러""], ""계절"": [""봄"", ""여름"", ""가을""], ""두께"": [""보통""], ""비침"": [""보통""], ""촉감"": [""보통""], ""신축성"": [""보통""]}}"
무신사,"50s RAGLAN GRAPHIC T-SHIRT_NAVY","50s raglan graphic t-shirt_navy","50s RAGLAN GRAPHIC T-SHIRT_NAVY",W,TM26FTS02NA,끌로에,상의,"{""tags"": [""26FALL"", ""26FW"", ""50S"", ""그래픽티"", ""긴팔티"", ""래글런티"", ""레터링티"", ""로고티"", ""롱슬리브"", ""면티""], ""season"": null, ""season_year"": null, ""source_attributes"": {}}"
무신사,Classic Henly Neck Top - Gray,classic henly neck top - gray,Classic Henly Neck Top - Gray,W,RC25TP25400GR,나이스 매너스 클럽,상의,"{""tags"": [""긴팔"", ""긴팔티"", ""긴팔티셔츠"", ""롱슬리브"", ""롱슬리브티"", ""여성티셔츠"", ""티셔츠""], ""season"": null, ""season_year"": 0, ""source_attributes"": {}}"
무신사,포니 아카이브 긴팔티/반팔티 (트러플솔트),포니 아카이브 긴팔티/반팔티 (트러플솔트),PONY ARCHIVE T-SHIRT (TRUFFLE SALT),W,BXQCLAF5020SM,너버스,기타 상의,"{""tags"": [""그래픽티셔츠"", ""반팔티"", ""소올PICK"", ""여름신상"", ""여성반팔"", ""크롭티"", ""프린트반팔""], ""season"": ""2"", ""season_year"": 2026, ""source_attributes"": {}}"
무신사,NWWW 오버핏 반팔티,nwww 오버핏 반팔티,,W,오버핏 반팔티,다이닛,기타 상의,"{""tags"": [""반팔"", ""반팔티셔츠"", ""여자반팔"", ""여자오버핏"", ""오버반팔"", ""오버핏반팔"", ""프린팅반팔""], ""season"": ""1"", ""season_year"": 2026, ""source_attributes"": {}}"
무신사,마운틴 티셔츠 (화이트/레드),마운틴 티셔츠 (화이트/레드),Mountain W Tee in White/Red,W,T26STS06WHRD,글런든,기타 상의,"{""tags"": [], ""season"": ""1"", ""season_year"": 0, ""source_attributes"": {}}"
무신사,WXT091 세이란 래글런 롱슬리브 (GRAY),wxt091 세이란 래글런 롱슬리브 (gray),,W,WXT091GY,나귀사,상의,"{""tags"": [""긴소매티셔츠"", ""나그랑"", ""레이어드"", ""배색"", ""여자긴팔"", ""캐주얼티셔츠"", ""크롭""], ""season"": ""2"", ""season_year"": 2026, ""source_attributes"": {""핏"": [""루즈""], ""계절"": [""봄"", ""가을"", ""겨울""], ""두께"": [""보통""], ""비침"": [""없음""], ""촉감"": [""보통""], ""신축성"": [""보통""]}}"
무신사,PRDA BIG PATCH RAGLAN LONG SLEEVE GRAY,prda big patch raglan long sleeve gray,PRDA BIG PATCH RAGLAN LONG SLEEVE GRAY,W,PRTFAWRL08WC4,나우,상의,"{""tags"": [""24FW"", ""긴팔티"", ""긴팔티셔츠"", ""래글런"", ""롱슬리브"", ""여성티셔츠"", ""티셔츠""], ""season"": ""2"", ""season_year"": 2024, ""source_attributes"": {}}"
무신사,I LOVE CAT NOT YOU CAT EAR HOODIE,i love cat not you cat ear hoodie,I LOVE CAT NOT YOU CAT EAR HOODIE,"M,W",IBC25UHD03BK,다이아몬드 레이라,블루종/MA-1,"{""tags"": [""고양이"", ""오버핏후드"", ""후드"", ""후드티"", ""후드티셔츠"", ""후디""], ""season"": ""2"", ""season_year"": 2025, ""source_attributes"": {}}"
무신사,TWICE GIRL OVER SIZE HOODED_GREY,twice girl over size hooded_grey,TWICE GIRL OVER SIZE HOODED_GREY,W,GL26SPTP01GY,기준 맨,블루종/MA-1,"{""tags"": [""그래픽후드"", ""여자후드티"", ""오버핏"", ""오버핏후드"", ""오버핏후드티"", ""후드티"", ""후드티셔츠""], ""season"": ""0"", ""season_year"": 2026, ""source_attributes"": {}}"
무신사,"90s 빈티지 클럽 커브드 조거 - 블랙","90s 빈티지 클럽 커브드 조거 - 블랙","90’s Vintage Club Curved Joggers - Black","M,W",w-pts26-102,넌서치,미니 스커트,"{""tags"": [""밴딩바지"", ""밴딩팬츠"", ""와이드팬츠"", ""조거팬츠"", ""트레이닝바지"", ""트레이닝팬츠"", ""팬츠""], ""season"": null, ""season_year"": 0, ""source_attributes"": {}}"
무신사,Layered Bustier T-Shirt (FL-108_Gray),layered bustier t-shirt (fl-108_gray),Layered Bustier T-Shirt (FL-108_Gray),W,FL-108_Gray,닉 기어,기타 상의,"{""tags"": [""나시"", ""레이어드"", ""민소매"", ""반소매"", ""반팔"", ""뷔스티에"", ""티셔츠""], ""season"": ""0"", ""season_year"": 2026, ""source_attributes"": {""핏"": [""슬림"", ""레귤러""], ""계절"": [""봄"", ""여름"", ""가을""], ""두께"": [""보통""], ""촉감"": [""부드러움""], ""신축성"": [""있음""]}}"
무신사,Asymmetric Off-Shoulder Hoodie_Gray Beige,asymmetric off-shoulder hoodie_gray beige,Asymmetric Off-Shoulder Hoodie_Gray Beige,W,US26SHD001BG,드로우시,블루종/MA-1,"{""tags"": [""오버핏후드"", ""오프숄더"", ""후드"", ""후드티"", ""후드티셔츠""], ""season"": ""1"", ""season_year"": 2026, ""source_attributes"": {}}"
무신사,[오헤시오 컬래버] 체크 프릴 블라우스 [그레이],[오헤시오 컬래버] 체크 프릴 블라우스 [그레이],[오헤시오 컬래버] 체크 프릴 블라우스 [그레이],W,MWFSL9D61-GR,가까이 유니언즈,데님 재킷,"{""tags"": [""블라우스"", ""오헤시오컬래버"", ""체크"", ""체크블라우스"", ""프릴"", ""프릴블라우스""], ""season"": ""2"", ""season_year"": 2026, ""source_attributes"": {""핏"": [""레귤러""], ""계절"": [""봄"", ""가을"", ""겨울""], ""두께"": [""보통""], ""비침"": [""거의 없음""], ""촉감"": [""약간 부드러움""], ""신축성"": [""없음""]}}"
무신사,홀터 레이어드 긴팔 티셔츠_MIWLWG911A,홀터 레이어드 긴팔 티셔츠_miwlwg911a,Halter Layered Long Sleeve T Shirt_MIWLWG911A,W,MIWLWG911A,길영,상의,"{""tags"": [""나람PICK""], ""season"": ""2"", ""season_year"": 2026, ""source_attributes"": {}}"
무신사,RISE VINTAGE OVERSIZED T-SHIRT / BLACK,rise vintage oversized t-shirt / black,RISE VINTAGE OVERSIZED T-SHIRT / BLACK,"M,W",ME26SUTPSSAWRSEBK,드렁크텍스트,기타 상의,"{""tags"": [""26SS반소매"", ""로고반팔"", ""루즈핏반팔"", ""반소매티셔츠"", ""반팔"", ""반팔추천"", ""오버핏반팔""], ""season"": ""1"", ""season_year"": 2026, ""source_attributes"": {}}"
무신사,우먼즈 슬림 크루 넥 티셔츠 [화이트],우먼즈 슬림 크루 넥 티셔츠 [화이트],WOMENS SLIM CREW NECK T-SHIRT [WHITE],W,MWDTS0Z03-WH,가까이 유니언즈,기타 상의,"{""tags"": [""기본티"", ""기본티셔츠"", ""다다익선"", ""반팔"", ""반팔티"", ""여름티셔츠"", ""여자기본티"", ""티셔츠"", ""한소희PICK"", ""한소희픽""], ""season"": ""1"", ""season_year"": 2024, ""source_attributes"": {""핏"": [""슬림""], ""계절"": [""봄"", ""여름""], ""두께"": [""약간 얇음""], ""비침"": [""없음""], ""촉감"": [""약간 부드러움""], ""신축성"": [""있음""]}}"
무신사,퍼스트 카모 빅 에이프 헤드 롱슬리브 티셔츠(M) BLACK/YELLOW,퍼스트 카모 빅 에이프 헤드 롱슬리브 티셔츠(m) black/yellow,퍼스트 카모 빅 에이프 헤드 롱슬리브 티셔츠(M) BLACK/YELLOW,"M,W","001LTM301015BKD",꼼마꼼마,상의,"{""tags"": [], ""season"": ""0"", ""season_year"": 0, ""source_attributes"": {}}"
무신사,APR8 36 Logo Patch Hoodie[5Color],apr8 36 logo patch hoodie[5color],,"M,W",FW2025APR8HD,단아,블루종/MA-1,"{""tags"": [""오버핏"", ""오버핏후드"", ""오버핏후드티"", ""후드"", ""후드티"", ""후드티셔츠"", ""후디""], ""season"": null, ""season_year"": 0, ""source_attributes"": {""핏"": [""루즈""], ""계절"": [""봄"", ""가을"", ""겨울""], ""두께"": [""보통""], ""비침"": [""없음""], ""촉감"": [""보통""], ""신축성"": [""보통""]}}"
무신사,레트로 마운틴 1941 스트라이프 카라 맨투맨 (JR5TSU825MG),레트로 마운틴 1941 스트라이프 카라 맨투맨 (jr5tsu825mg),Retro Mountain 1941 Striped Collar Sweat-Shirt (JR5TSU825MG),"M,W",JR5TSU825MG,그래픽스,트레이닝 재킷,"{""tags"": [""긴팔티셔츠"", ""럭비"", ""루즈핏"", ""스웨트"", ""자수"", ""줄무늬"", ""커플맨투맨""], ""season"": ""2"", ""season_year"": 2026, ""source_attributes"": {}}"
무신사,우먼즈 울 텐셀 레이어드 슬림 긴소매 티셔츠 [차콜 그레이],우먼즈 울 텐셀 레이어드 슬림 긴소매 티셔츠 [차콜 그레이],WOMENS WOOL TENCEL LAYERED SLIM LONG-SLEEVE T-SHIRT [CHARCOAL GREY],W,MWETL8D10-CG,가까이 유니언즈,상의,"{""tags"": [""기본티셔츠"", ""다다익선"", ""레이어드"", ""레이어드긴소매"", ""레이어드티"", ""롱슬리브"", ""무신사스탠다드우먼즈"", ""베이식티셔츠"", ""슬림핏티셔츠"", ""티셔츠""], ""season"": ""2"", ""season_year"": 2025, ""source_attributes"": {""핏"": [""슬림""], ""계절"": [""봄"", ""가을"", ""겨울""], ""두께"": [""약간 얇음""], ""비침"": [""약간 있음""], ""촉감"": [""부드러움""], ""신축성"": [""약간 있음""]}}"
무신사,[가나디] 반팔 티셔츠(WHITE)_SPRLG25U09,[가나디] 반팔 티셔츠(white)_sprlg25u09,[가나디] 반팔 티셔츠(WHITE)_SPRLG25U09,W,SPRLG25U09,낫유즈얼,기타 상의,"{""tags"": [""가나디"", ""그래픽티셔츠"", ""반팔"", ""반팔티"", ""여름티셔츠"", ""오버핏"", ""티셔츠""], ""season"": ""1"", ""season_year"": 2026, ""source_attributes"": {}}"
무신사,우먼즈 슬림 크루 넥 티셔츠 [블랙],우먼즈 슬림 크루 넥 티셔츠 [블랙],WOMENS SLIM CREW NECK T-SHIRT [BLACK],W,MWDTS0Z03-BK,가까이 유니언즈,기타 상의,"{""tags"": [""기본티"", ""기본티셔츠"", ""다다익선"", ""반팔"", ""반팔티"", ""여름티셔츠"", ""이너티셔츠"", ""티셔츠"", ""한소희PICK"", ""한소희픽""], ""season"": ""1"", ""season_year"": 2024, ""source_attributes"": {""핏"": [""슬림""], ""계절"": [""봄"", ""여름""], ""두께"": [""약간 얇음""], ""비침"": [""없음""], ""촉감"": [""약간 부드러움""], ""신축성"": [""있음""]}}"
지그재그,[🍁가을/20만장판매/Essential] 릴리스 텐셀 오버핏 셔츠,[🍁가을/20만장판매/essential] 릴리스 텐셀 오버핏 셔츠,,,,디그,,"{""shop_name"": ""매니크""}"
무신사,우먼즈 울 텐셀 홀터 레이어드 긴소매 티셔츠 [블랙],우먼즈 울 텐셀 홀터 레이어드 긴소매 티셔츠 [블랙],WOMENS WOOL TENCEL HALTER LAYERED LONG SLEEVE T-SHIRT [BLACK],W,MWFTL3A04-BK,가까이 유니언즈,상의,"{""tags"": [""기본티"", ""긴팔티셔츠"", ""레이어드"", ""레이어드티"", ""레이어드티셔츠"", ""롱슬리브"", ""여자긴팔"", ""텐셀티셔츠"", ""티셔츠"", ""홀터티""], ""season"": ""1"", ""season_year"": 2026, ""source_attributes"": {""핏"": [""슬림""], ""계절"": [""봄"", ""여름"", ""가을"", ""겨울""], ""두께"": [""얇음""], ""비침"": [""보통""], ""촉감"": [""부드러움""], ""신축성"": [""있음""]}}"
무신사,STRANGE PUPPY TEE_4colors,strange puppy tee_4colors,STRANGE PUPPY TEE_4colors,"M,W",MG2FMMT506A,드롤드무슈,기타 상의,"{""tags"": [""BEST"", ""GRAPHICWEEK"", ""반소매"", ""반소매티"", ""반소매티셔츠"", ""반팔"", ""반팔티"", ""반팔티셔츠"", ""티셔츠""], ""season"": ""1"", ""season_year"": 2025, ""source_attributes"": {}}"
무신사,싱글 유니콘 헨리넥 롱슬리브 화이트,싱글 유니콘 헨리넥 롱슬리브 화이트,SINGLE UNICORN HENLEY NECK LONG SLEEVE WHITE,"M,W",UN26LS17,금강,상의,"{""tags"": [""긴팔"", ""긴팔티"", ""긴팔티셔츠"", ""티셔츠""], ""season"": null, ""season_year"": 0, ""source_attributes"": {}}"
지그재그,[단독컬러💖][소프트얀] 딥 브이넥 니트_SPKWG49G01,[단독컬러💖][소프트얀] 딥 브이넥 니트_spkwg49g01,,,,디그노루시르,,"{""shop_name"": ""스파오""}"
무신사,[오헤시오 컬래버] 레이어드 긴소매 티셔츠 [민트 그레이],[오헤시오 컬래버] 레이어드 긴소매 티셔츠 [민트 그레이],[오헤시오 컬래버] 레이어드 긴소매 티셔츠 [민트 그레이],W,MWFTL9D61-NG,가까이 유니언즈,상의,"{""tags"": [""긴팔"", ""긴팔티"", ""레이어드"", ""레이어드티셔츠"", ""오헤시오컬래버"", ""프린트"", ""플라워""], ""season"": ""2"", ""season_year"": 2026, ""source_attributes"": {""핏"": [""레귤러""], ""계절"": [""봄"", ""가을"", ""겨울""], ""두께"": [""보통""], ""비침"": [""거의 없음""], ""촉감"": [""약간 부드러움""], ""신축성"": [""있음""]}}"
무신사,NBRJGF710C / 브리즈 / SD2203CH (CHARCOAL),nbrjgf710c / 브리즈 / sd2203ch (charcoal),NBRJGF710C / 브리즈 / SD2203CH (CHARCOAL),W,NBRJGF710C_60,누누씨,코튼/치노 팬츠,"{""tags"": [], ""season"": ""0"", ""season_year"": 0, ""source_attributes"": {}}"
무신사,이베르 와이드 롱부츠 412548004 (3.5cm),이베르 와이드 롱부츠 412548004 (3.5cm),이베르 와이드 롱부츠 412548004 (3.5cm),W,"5008689018",뉴욕웍스,아노락,"{""tags"": [""롱부츠""], ""season"": ""2"", ""season_year"": 0, ""source_attributes"": {}}"
무신사,[오헤시오 컬래버] 폴라 플리스 스냅 풀오버 [미디엄 그레이],[오헤시오 컬래버] 폴라 플리스 스냅 풀오버 [미디엄 그레이],[오헤시오 컬래버] 폴라 플리스 스냅 풀오버 [미디엄 그레이],W,MWFFEAD61-MR,가까이 유니언즈,니트/스웨터,"{""tags"": [""반오픈"", ""아노락"", ""오헤시오컬래버"", ""폴라플리스"", ""후리스""], ""season"": ""2"", ""season_year"": 2026, ""source_attributes"": {""핏"": [""루즈""], ""계절"": [""봄"", ""가을"", ""겨울""], ""두께"": [""약간 두꺼움""], ""비침"": [""거의 없음""], ""촉감"": [""부드러움""], ""신축성"": [""있음""]}}"
무신사,Chaser 링거 반팔 티셔츠,chaser 링거 반팔 티셔츠,Chaser 링거 반팔 티셔츠,"M,W",VIVALAVIDA,공공육이,기타 상의,"{""tags"": [""링거티"", ""반팔"", ""반팔티셔츠"", ""여름반팔"", ""여름티셔츠"", ""오버핏반팔"", ""티셔츠""], ""season"": null, ""season_year"": 0, ""source_attributes"": {""핏"": [""오버 사이즈""], ""계절"": [""여름""], ""두께"": [""보통""], ""비침"": [""거의 없음""], ""촉감"": [""약간 부드러움""], ""신축성"": [""보통""]}}"
무신사,에어리 에센셜 카라 하프 니트 [NAVY] / WBE2L05513,에어리 에센셜 카라 하프 니트 [navy] / wbe2l05513,woman airy essential collar half knit [navy],W,WBE2L05513NA,다크문,후드,"{""tags"": [""니트"", ""니트스웨터"", ""데일리니트"", ""반팔니트"", ""스웨터"", ""여름니트"", ""카라니트""], ""season"": ""1"", ""season_year"": 0, ""source_attributes"": {}}"
지그재그,[가을니트🍁/50만장돌파/made] 시오 니트 (라운드넥/브이넥),[가을니트🍁/50만장돌파/made] 시오 니트 (라운드넥/브이넥),,,,드리프트아웃,,"{""shop_name"": ""리얼코코""}"
무신사,우먼즈 베이식 크루 넥 티셔츠 [화이트],우먼즈 베이식 크루 넥 티셔츠 [화이트],WOMENS BASIC CREW NECK T-SHIRT [WHITE],W,MWJTS0Z02-WH,가까이 유니언즈,기타 상의,"{""tags"": [""기본티"", ""다다익선"", ""라운드넥"", ""무신사스탠다드우먼즈"", ""무지티"", ""반팔"", ""반팔티"", ""여름티셔츠"", ""티셔츠"", ""한소희PICK""], ""season"": ""1"", ""season_year"": null, ""source_attributes"": {""핏"": [""레귤러""], ""계절"": [""여름""], ""두께"": [""보통""], ""비침"": [""없음""], ""촉감"": [""보통""], ""신축성"": [""있음""]}}"
무신사,우먼즈 소프트 리브드 긴소매 티셔츠 [블랙],우먼즈 소프트 리브드 긴소매 티셔츠 [블랙],우먼즈 소프트 리브드 긴소매 티셔츠 [블랙],W,MWFTL7A03-BK,가까이 유니언즈,상의,"{""tags"": [""긴소매티셔츠"", ""긴팔"", ""긴팔티"", ""긴팔티셔츠"", ""롱슬리브"", ""리브드티셔츠"", ""슬림티"", ""시어"", ""티셔츠""], ""season"": ""2"", ""season_year"": 2026, ""source_attributes"": {""핏"": [""슬림""], ""계절"": [""봄"", ""여름""], ""두께"": [""약간 얇음""], ""비침"": [""약간 있음""], ""촉감"": [""약간 부드러움""], ""신축성"": [""있음""]}}"
무신사,Plaid Tie Shirt (light gray),plaid tie shirt (light gray),Plaid Tie Shirt (light gray),W,P0000BUS,낫포너드,데님 재킷,"{""tags"": [""가을셔츠"", ""긴팔셔츠"", ""데일리셔츠"", ""셔츠"", ""여자셔츠"", ""체크셔츠"", ""캐주얼셔츠""], ""season"": ""2"", ""season_year"": 0, ""source_attributes"": {}}"
지그재그,[얼리어텀🍁/하객룩/made] 드멜린 블라우스 (3color),[얼리어텀🍁/하객룩/made] 드멜린 블라우스 (3color),,,,드리프트아웃,,"{""shop_name"": ""리얼코코""}"
무신사,홀스 래빗 롱슬리브 (화이트),홀스 래빗 롱슬리브 (화이트),,W,T26SLS05WH,글런든,상의,"{""tags"": [""긴소매티셔츠"", ""긴팔티"", ""래빗롱슬리브"", ""롱슬리브"", ""롱슬리브티"", ""말티셔츠"", ""홀스롱슬리브""], ""season"": null, ""season_year"": 0, ""source_attributes"": {}}"
무신사,닉켈 동키 나그랑 롱슬리브,닉켈 동키 나그랑 롱슬리브,,"M,W",NKHSLS001,기어엑스,상의,"{""tags"": [], ""season"": null, ""season_year"": null, ""source_attributes"": {}}"
지그재그,[made]너드7부티셔츠,[made]너드7부티셔츠,,,,디스커버리 익스페디션,,"{""shop_name"": ""어텀""}"
무신사,하프캡 데콘 - 블랙:트루 화이트 / VN000EAT6BT1,하프캡 데콘 - 블랙:트루 화이트 / vn000eat6bt1,HALF CAB DECON - BLACK/TRUE WHITE,"M,W",VN000EAT6BT1,누브,블레이저/슈트 재킷,"{""tags"": [""데일리운동화"", ""미드탑스니커즈"", ""반스신발"", ""반스하프캡"", ""보드화추천"", ""스웨이드스니커즈"", ""스케이트보드화"", ""스트릿패션"", ""캐주얼슈즈"", ""하프캡디콘""], ""season"": ""2"", ""season_year"": 2026, ""source_attributes"": {}}"
무신사,언타이틀 크레스트 폴로 롱슬리브 블랙,언타이틀 크레스트 폴로 롱슬리브 블랙,UNTITLED CREST POLO LONG SLEEVE BLACK,"M,W",UN26LS14,금강,트레이닝 재킷,"{""tags"": [""긴팔티"", ""긴팔티셔츠"", ""롱슬리브"", ""롱슬리브티""], ""season"": null, ""season_year"": 0, ""source_attributes"": {}}"
무신사,우먼즈 리브드 피그먼트 슬림 티셔츠 [다크 그레이],우먼즈 리브드 피그먼트 슬림 티셔츠 [다크 그레이],WOMENS RIBBED PIGMENT SLIM T-SHIRT [DARK GREY],W,MWDTS4Z09-DG,가까이 유니언즈,기타 상의,"{""tags"": [""다다익선"", ""무신사스탠다드우먼즈"", ""반팔"", ""반팔티"", ""여름티셔츠"", ""이지웨어"", ""캐주얼티셔츠"", ""티셔츠""], ""season"": ""1"", ""season_year"": 2024, ""source_attributes"": {""핏"": [""슬림""], ""계절"": [""봄"", ""여름""], ""두께"": [""약간 얇음""], ""비침"": [""없음""], ""촉감"": [""약간 부드러움""], ""신축성"": [""있음""]}}"
무신사,마운틴 롱슬리브 (블랙),마운틴 롱슬리브 (블랙),Mountain Long Sleeve Black,W,T25WLS04BK,글런든,상의,"{""tags"": [], ""season"": ""2"", ""season_year"": 0, ""source_attributes"": {""핏"": [""레귤러""], ""계절"": [""봄"", ""여름"", ""가을""], ""두께"": [""보통""], ""비침"": [""보통""], ""신축성"": [""보통""]}}"
무신사,피치드 레글런 롱슬리브 ( 다크그레이/블랙 ),피치드 레글런 롱슬리브 ( 다크그레이/블랙 ),,"M,W",BR856,김미더영,상의,"{""tags"": [""긴팔티"", ""나그랑"", ""배색티"", ""빈티지"", ""워싱"", ""워싱티""], ""season"": ""2"", ""season_year"": 2026, ""source_attributes"": {""핏"": [""레귤러""], ""계절"": [""봄"", ""가을"", ""겨울""], ""두께"": [""보통""], ""비침"": [""없음""], ""촉감"": [""부드러움""], ""신축성"": [""있음""]}}"
무신사,우먼즈 CR 스트라이프 릴렉스드 긴소매 티셔츠 [올리브],우먼즈 cr 스트라이프 릴렉스드 긴소매 티셔츠 [올리브],우먼즈 CR 스트라이프 릴렉스드 긴소매 티셔츠 [올리브],W,MWFTL8A08-OL,가까이 유니언즈,상의,"{""tags"": [""긴소매티셔츠"", ""긴팔티"", ""롱슬리브"", ""루즈핏"", ""릴렉스핏"", ""스트라이프"", ""스트라이프티셔츠"", ""오버핏""], ""season"": ""2"", ""season_year"": 2026, ""source_attributes"": {""핏"": [""루즈""], ""계절"": [""봄"", ""여름"", ""가을""], ""두께"": [""약간 얇음""], ""비침"": [""약간 있음""], ""촉감"": [""약간 부드러움""], ""신축성"": [""없음""]}}"
무신사,Amelia Lace Halter Long Sleeve Top  (Skin Beige),amelia lace halter long sleeve top (skin beige),Amelia Lace Halter Long Sleeve Top  (Skin Beige),W,PNBETP069BE,나우왓,상의,"{""tags"": [""긴팔"", ""긴팔티"", ""긴팔티셔츠"", ""롱슬리브"", ""롱슬리브티"", ""롱슬리브티셔츠"", ""티셔츠""], ""season"": ""2"", ""season_year"": 2025, ""source_attributes"": {""핏"": [""슬림"", ""레귤러""], ""계절"": [""봄"", ""여름"", ""가을"", ""겨울""], ""두께"": [""약간 얇음""], ""비침"": [""보통""], ""촉감"": [""보통""], ""신축성"": [""보통""]}}"
무신사,ORB 페루 반소매 티셔츠 - 블랙 / 3G010017J001MN401,orb 페루 반소매 티셔츠 - 블랙 / 3g010017j001mn401,,W,"3G010017J001MN401SS25",니어앤디어,기타 상의,"{""tags"": [""ORB반소매"", ""무신사부티크"", ""하이패션""], ""season"": ""1"", ""season_year"": 2025, ""source_attributes"": {}}"
무신사,리버사이드 시티 티셔츠_차콜,리버사이드 시티 티셔츠_차콜,,W,UBFUTS004CH,닥스 슈즈,기타 상의,"{""tags"": [""그래픽티셔츠"", ""반팔"", ""반팔티셔츠"", ""여름"", ""여름반팔"", ""여름반팔티"", ""오버핏반팔""], ""season"": ""1"", ""season_year"": 2026, ""source_attributes"": {""핏"": [""루즈""], ""계절"": [""봄"", ""여름"", ""가을""], ""두께"": [""보통""], ""비침"": [""거의 없음""], ""촉감"": [""약간 부드러움""], ""신축성"": [""보통""]}}"
무신사,베린 멀티 버클 롱 부츠 블랙,베린 멀티 버클 롱 부츠 블랙,,W,K26-SH038 BK,누바이브,아노락,"{""tags"": [""26FALL"", ""숏부츠/미들부츠/롱부츠"", ""스트랩샌들/등산/아웃도어/청키"", ""여자/여성/부츠/추천"", ""워커/바이커부츠/닥터마틴/첼시"", ""체인부츠/웨스턴/통굽/가죽부츠""], ""season"": ""2"", ""season_year"": 2026, ""source_attributes"": {}}"
무신사,[주영X유희] HOTFIX OFF-SHOULDER SWEAT SHIRTS_NAVY,[주영x유희] hotfix off-shoulder sweat shirts_navy,HOTFIX OFF-SHOULDER SWEAT SHIRTS_NAVY,W,YHMTGC004NA,길단,니트/스웨터,"{""tags"": [""26FALL"", ""그래픽티셔츠"", ""긴팔티"", ""맨투맨"", ""스웻셔츠"", ""오프숄더"", ""유희주영에디션"", ""주영"", ""티셔츠"", ""핫픽스""], ""season"": null, ""season_year"": null, ""source_attributes"": {}}"
무신사,젤-1130 - 블랙:그래피티 그레이 / 1201A256-002,젤-1130 - 블랙:그래피티 그레이 / 1201a256-002,GEL-1130 - BLACK/GRAPHITE GREY,"M,W","1201A256-002",누보텐,블레이저/슈트 재킷,"{""tags"": [""신발"", ""아식스260821"", ""아식스젤1130"", ""운동화"", ""젤1130"", ""패션""], ""season"": ""2"", ""season_year"": 0, ""source_attributes"": {""무게"": [""가벼움""], ""쿠션"": [""있음""], ""굽 높이"": [""높음""]}}"
무신사,러스크 스트랩 슬라우치드 부츠 Rusk Strap Slouched Boots_Black,러스크 스트랩 슬라우치드 부츠 rusk strap slouched boots_black,Rusk Strap Slouched Boots_Black,W,BP25FWSH01_BK,뉴이 뉴욕,아노락,"{""tags"": [""WOMENBOOTS"", ""가죽롱부츠"", ""롱부츠"", ""여성인기슈즈"", ""유니섹스부츠"", ""키높이부츠""], ""season"": null, ""season_year"": 0, ""source_attributes"": {}}"
무신사,스탠 스미스 LO 발레 JQ6939,스탠 스미스 lo 발레 jq6939,스탠 스미스 LO 발레 JQ6939,W,JQ6939,고저,블레이저/슈트 재킷,"{""tags"": [""메리제인""], ""season"": null, ""season_year"": null, ""source_attributes"": {}}"
무신사,슈퍼스타 SQ 발레 LB3786,슈퍼스타 sq 발레 lb3786,슈퍼스타 SQ 발레 LB3786,W,LB3786,고저,블레이저/슈트 재킷,"{""tags"": [""ADIDASORIGINALSBYJENNIE"", ""슈퍼스타"", ""슈퍼스타발레"", ""아디다스제니"", ""제니"", ""제니컬렉션"", ""제니협업""], ""season"": null, ""season_year"": null, ""source_attributes"": {}}"
무신사,오즈가이아 IG6045,오즈가이아 ig6045,오즈가이아 IG6045,W,IG6045,고저,블레이저/슈트 재킷,"{""tags"": [""오즈가이아""], ""season"": null, ""season_year"": null, ""source_attributes"": {}}"
무신사,얼라인플러스 하이드로 블립온 트루 블랙,얼라인플러스 하이드로 블립온 트루 블랙,ACT+® ALIGNPLUS™ HYDRO BLIP-ON TRUE BLACK,"M,W",BA006BK,논플로어,코치 재킷,"{""tags"": [""공용"", ""남성"", ""남성신발"", ""남자신발"", ""블로퍼"", ""슬리퍼"", ""여성""], ""season"": null, ""season_year"": 0, ""source_attributes"": {""무게"": [""가벼움""], ""쿠션"": [""보통""], ""굽 높이"": [""보통""]}}"
무신사,NBPDGF719S / MR530LG (SILVER),nbpdgf719s / mr530lg (silver),NBPDGF719S / MR530LG (SILVER),"M,W",NBPDGF719S_91,누누씨,블레이저/슈트 재킷,"{""tags"": [""530"", ""5월의530"", ""데일리"", ""베스트스니커즈"", ""스니커즈"", ""스니커즈추천"", ""스테디신발"", ""신발"", ""운동화"", ""캐주얼""], ""season"": ""0"", ""season_year"": 0, ""source_attributes"": {}}"
무신사,Shattered Echo Dirty Washed Stripe Shirt - Beige,shattered echo dirty washed stripe shirt - beige,Shattered Echo Dirty Washed Stripe Shirt - Beige,"M,W",K2SH02ABG,노드유 우먼,데님 재킷,"{""tags"": [""26FW"", ""WASHED"", ""그래픽"", ""긴팔셔츠"", ""셔츠"", ""오버핏셔츠"", ""캐주얼셔츠""], ""season"": ""2"", ""season_year"": 2026, ""source_attributes"": {""핏"": [""레귤러"", ""루즈""], ""계절"": [""봄"", ""가을"", ""겨울""], ""두께"": [""보통""], ""비침"": [""보통""], ""촉감"": [""보통""], ""신축성"": [""보통""]}}"
무신사,슈퍼스타 SQ 발레 LB3787,슈퍼스타 sq 발레 lb3787,슈퍼스타 SQ 발레 LB3787,W,LB3787,고저,블레이저/슈트 재킷,"{""tags"": [""ADIDASORIGINALSBYJENNIE"", ""슈퍼스타"", ""슈퍼스타발레"", ""아디다스제니"", ""제니"", ""제니컬렉션"", ""제니협업""], ""season"": null, ""season_year"": null, ""source_attributes"": {}}"
무신사,우먼즈 슬림 스쿱 넥 캡 슬리브 티셔츠 [블랙],우먼즈 슬림 스쿱 넥 캡 슬리브 티셔츠 [블랙],,W,MWFTS5B10-BK,가까이 유니언즈,기타 상의,"{""tags"": [""기본티"", ""다다익선"", ""반팔"", ""반팔티"", ""스쿱넥"", ""여름"", ""여름반팔"", ""여름티셔츠"", ""티셔츠""], ""season"": ""1"", ""season_year"": 2026, ""source_attributes"": {""핏"": [""슬림""], ""계절"": [""봄"", ""여름"", ""가을""], ""두께"": [""약간 얇음""], ""비침"": [""없음""], ""촉감"": [""약간 부드러움""], ""신축성"": [""있음""]}}"
무신사,NBPFGF733K / W480SK5 (BLACK),nbpfgf733k / w480sk5 (black),NBPFGF733K / W480SK5 (BLACK),"M,W",NBPFGF733K_19,누누씨,플리스 재킷,"{""tags"": [""410_480"", ""480"", ""데일리러닝화"", ""러닝화"", ""워킹러닝""], ""season"": ""0"", ""season_year"": 0, ""source_attributes"": {}}"
무신사,레이븐 폴더블 버클 부츠 블랙,레이븐 폴더블 버클 부츠 블랙,,W,K25-SH031 BK,누바이브,아노락,"{""tags"": [""레더슈즈/레더부츠/첼시부츠"", ""부츠"", ""숏부츠/미들부츠/롱부츠"", ""여자/여성/부츠/추천/가을"", ""워커/바이커부츠/닥터마틴/첼시"", ""체인부츠/웨스턴/통굽/가죽부츠""], ""season"": ""2"", ""season_year"": 2025, ""source_attributes"": {}}"
무신사,삼바 OG - 화이트:블랙 / B75806,삼바 og - 화이트:블랙 / b75806,SAMBA OG FTWWHT/CBLACK/CGRANI,"M,W",B75806,고저,블레이저/슈트 재킷,"{""tags"": [""SPECIALDROP"", ""단화"", ""무배당발"", ""삼바"", ""삼바OG"", ""스니커즈"", ""신발"", ""운동화""], ""season"": ""0"", ""season_year"": 0, ""source_attributes"": {""무게"": [""가벼움""], ""쿠션"": [""보통""], ""굽 높이"": [""낮음""]}}"
무신사,소프트 레더 발레리나,소프트 레더 발레리나,소프트 레더 발레리나,W,"11528750800",노페이머스,경량 패딩,"{""tags"": [""플랫슈즈""], ""season"": null, ""season_year"": null, ""source_attributes"": {}}"
무신사,XT-6 GTX_L47450600,xt-6 gtx_l47450600,XT-6 GTX_L47450600,"M,W",S260109SXG10,구름킴,블레이저/슈트 재킷,"{""tags"": [""XT-6"", ""고어텍스신발"", ""러닝화"", ""스니커즈"", ""여자러닝화"", ""운동화"", ""캐리오버"", ""패션운동화""], ""season"": null, ""season_year"": null, ""source_attributes"": {}}"
무신사,NBPDGF703G / M1906RES (D/GRAY),nbpdgf703g / m1906res (d/gray),NBPDGF703G / M1906RES (D/GRAY),"M,W",NBPDGF703G_17,누누씨,블레이저/슈트 재킷,"{""tags"": [""1906"", ""데일리"", ""베스트스니커즈"", ""스니커즈"", ""스니커즈추천"", ""스테디신발"", ""앙코르데이"", ""운동화"", ""캐주얼"", ""클래식러닝""], ""season"": ""0"", ""season_year"": 2026, ""source_attributes"": {}}"
무신사,샨티 슬라이드 Black,샨티 슬라이드 black,샨티 슬라이드 Black,"M,W","19119098436",놈브레,베스트,"{""tags"": [""KEEN슬리퍼"", ""KEEN신발"", ""LF신베"", ""샨티"", ""여름슬리퍼"", ""킨샌들"", ""킨샨티"", ""킨슬라이드"", ""킨슬리퍼""], ""season"": ""1"", ""season_year"": 0, ""source_attributes"": {}}"
무신사,클래식 발레 - 블랙 / 211994-001,클래식 발레 - 블랙 / 211994-001,Classic Ballet Blk - Black,W,"211994-001",누스페이퍼,코치 재킷,"{""tags"": [""무배당발"", ""크록스메리제인"", ""크록스클래식"", ""크록스클래식발레"", ""클래식발레""], ""season"": ""1"", ""season_year"": 2026, ""source_attributes"": {}}"
무신사,NBPDGF718S / MR530KA (SILVER),nbpdgf718s / mr530ka (silver),NBPDGF718S / MR530KA (SILVER),"M,W",NBPDGF718S_91,누누씨,블레이저/슈트 재킷,"{""tags"": [""260528재입고"", ""530"", ""베스트스니커즈"", ""스니커즈"", ""스니커즈추천"", ""스테디신발"", ""신발"", ""운동화"", ""캐주얼""], ""season"": ""0"", ""season_year"": 0, ""source_attributes"": {}}"
무신사,삼바 OG 뮬 - 코어블랙:화이트 / LB3815,삼바 og 뮬 - 코어블랙:화이트 / lb3815,SAMBA OG MULE W     CBLACK/FTWWHT/GUM5,"M,W",LB3815,고저,숏 패딩,"{""tags"": [""무배당발"", ""뮬"", ""삼바"", ""스니커즈뮬"", ""아디다스삼바뮬""], ""season"": ""2"", ""season_year"": 2026, ""source_attributes"": {}}"
무신사,[OOriginal] 블랙 남여공용 플립플랍,[ooriginal] 블랙 남여공용 플립플랍,[OOriginal] 블랙 남여공용 쪼리,"M,W",UPSO6G900BK,누스,가디건,"{""tags"": [""OOFOS"", ""샌들"", ""슬리퍼"", ""우포스"", ""운동화"", ""쪼리"", ""플립플랍""], ""season"": ""1"", ""season_year"": 2026, ""source_attributes"": {}}"
무신사,레이븐 폴더블 버클 부츠 그레이,레이븐 폴더블 버클 부츠 그레이,,W,K25-SH031 GE,누바이브,아노락,"{""tags"": [""레더슈즈/레더부츠/첼시부츠"", ""부츠"", ""숏부츠/미들부츠/롱부츠"", ""여자/여성/부츠/추천/가을"", ""워커/바이커부츠/닥터마틴/첼시"", ""체인부츠/웨스턴/통굽/가죽부츠""], ""season"": ""2"", ""season_year"": 2025, ""source_attributes"": {}}"
무신사,오즈베누즈 KI0557,오즈베누즈 ki0557,오즈베누즈 KI0557,W,KI0557,고저,블레이저/슈트 재킷,"{""tags"": [], ""season"": null, ""season_year"": null, ""source_attributes"": {}}"
무신사,푸마 태클 헤리티지- 블랙:아이보리 / 408780-02,푸마 태클 헤리티지- 블랙:아이보리 / 408780-02,Puma Tackle Heritage - PUMA Black-Frosted Ivory-PUMA Silver / 408780-02,"M,W","408780-02",누크피터,블레이저/슈트 재킷,"{""tags"": [""로우프로파일"", ""무배당발"", ""신발"", ""태클"", ""태클헤리티지"", ""패션"", ""푸마태클""], ""season"": ""1"", ""season_year"": 2026, ""source_attributes"": {}}"
무신사,여성 고워크 아치핏 2.0 샌들_SP0WSCGM141,여성 고워크 아치핏 2.0 샌들_sp0wscgm141,여성 고워크 아치핏 2.0 샌들_SP0WSCGM141,W,SP0WSCGM141,니브,베스트,"{""tags"": [], ""season"": ""1"", ""season_year"": 2026, ""source_attributes"": {}}"
무신사,삼바 제인 - 블랙:화이트 / JQ6445,삼바 제인 - 블랙:화이트 / jq6445,SAMBA JANE W        FTWWHT/CARBON/CBLACK,W,JQ6445,고저,블레이저/슈트 재킷,"{""tags"": [""메리제인"", ""무배당발"", ""삼바"", ""스니커즈"", ""아디다스삼바"", ""운동화""], ""season"": ""1"", ""season_year"": 0, ""source_attributes"": {}}"
무신사,Jacquard Corset Line Pocket Shirt (Black),jacquard corset line pocket shirt (black),Jacquard Corset Line Pocket Shirt (Black),W,ET26FWTSH37BK,노앙,데님 재킷,"{""tags"": [""7부"", ""긴팔셔츠"", ""데일리셔츠"", ""여자셔츠"", ""캐주얼셔츠""], ""season"": ""2"", ""season_year"": 2026, ""source_attributes"": {""핏"": [""슬림""], ""계절"": [""가을""], ""두께"": [""보통""], ""비침"": [""보통""], ""촉감"": [""약간 부드러움""], ""신축성"": [""보통""]}}"
무신사,NBP7GF709G / ML2002RC (GRAY),nbp7gf709g / ml2002rc (gray),NBP7GF709G / ML2002RC (GRAY),"M,W",NBP7GF709G_15,누누씨,블레이저/슈트 재킷,"{""tags"": [""2002"", ""260528재입고"", ""데일리"", ""스니커즈"", ""스니커즈추천"", ""스테디신발"", ""신발"", ""운동화"", ""캐주얼""], ""season"": ""0"", ""season_year"": 0, ""source_attributes"": {}}"
무신사,푸마 태클 헤리티지 - 오트커피:아이보리 / 408780-01,푸마 태클 헤리티지 - 오트커피:아이보리 / 408780-01,Puma Tackle Heritage - Haute Coffee-Frosted Ivory-PUMA Silver / 408780-01,"M,W","408780-01",누크피터,블레이저/슈트 재킷,"{""tags"": [""로우프로파일"", ""무배당발"", ""신발"", ""태클"", ""태클헤리티지"", ""패션"", ""푸마태클""], ""season"": ""1"", ""season_year"": 2026, ""source_attributes"": {}}"
무신사,젤-1130 - 화이트:클라우드 그레이 / 1201A256-118,젤-1130 - 화이트:클라우드 그레이 / 1201a256-118,GEL-1130 - WHITE/CLOUD GREY,"M,W","1201A256-118",누보텐,블레이저/슈트 재킷,"{""tags"": [""신발"", ""아식스젤1130"", ""운동화"", ""젤1130"", ""패션""], ""season"": null, ""season_year"": 0, ""source_attributes"": {}}"
무신사,젤-카야노 14 - 블랙:퓨어 실버 / 1201A019-006,젤-카야노 14 - 블랙:퓨어 실버 / 1201a019-006,GEL-KAYANO 14 - BLACK/PURE SILVER,"M,W","1201A019-006",누보텐,블레이저/슈트 재킷,"{""tags"": [""신발"", ""아식스젤카야노14"", ""운동화"", ""젤카야노"", ""젤카야노14"", ""패션""], ""season"": null, ""season_year"": 0, ""source_attributes"": {}}"
무신사,김보라x야세 데크 보드슈즈 블랙,김보라x야세 데크 보드슈즈 블랙,Kim Bora x Yase Deck Board Shoes Black,"M,W",CSS02BK,누벨르미에르,무스탕/퍼,"{""tags"": [""김보라"", ""남여공용"", ""스니커즈"", ""스케이트화"", ""스트릿"", ""운동화"", ""키높이신발""], ""season"": ""0"", ""season_year"": 0, ""source_attributes"": {""무게"": [""보통""], ""쿠션"": [""보통""], ""굽 높이"": [""높음""]}}"
무신사,슈퍼스타 스택 - 블랙:화이트 / KK2591,슈퍼스타 스택 - 블랙:화이트 / kk2591,SUPERSTAR STACK W   CBLACK/FTWWHT/CBLACK,W,KK2591,고저,블레이저/슈트 재킷,"{""tags"": [""무배당발"", ""슈퍼스타"", ""슈퍼스타스택"", ""스니커즈"", ""스택"", ""아디다스슈퍼스타""], ""season"": ""2"", ""season_year"": 2026, ""source_attributes"": {}}"
무신사,XT-위스퍼_L47762000,xt-위스퍼_l47762000,XT-위스퍼_L47762000,U,S260109SWP10,구름킴,블레이저/슈트 재킷,"{""tags"": [""XT-WHISPER"", ""XT-위스퍼"", ""남자스니커즈"", ""러닝화"", ""스니커즈"", ""여름신발"", ""여자스니커즈"", ""운동화"", ""캐리오버""], ""season"": null, ""season_year"": null, ""source_attributes"": {}}"
무신사,삼바 OG - 블랙:화이트 / B75807,삼바 og - 블랙:화이트 / b75807,SAMBA OG CBLACK/FTWWHT/GUM5,"M,W",B75807,고저,블레이저/슈트 재킷,"{""tags"": [""SPECIALDROP"", ""단화"", ""무배당발"", ""블랙"", ""삼바"", ""삼바OG"", ""스니커즈"", ""신발"", ""운동화"", ""클래식""], ""season"": ""0"", ""season_year"": 0, ""source_attributes"": {}}"
무신사,우먼즈 더블 니트 투 턱 와이드 라운지 스웨트 팬츠 [건메탈],우먼즈 더블 니트 투 턱 와이드 라운지 스웨트 팬츠 [건메탈],우먼즈 더블 니트 투 턱 와이드 라운지 스웨트 팬츠 [건메탈],W,MWBPK3Z02-GT,가까이 유니언즈,미니 스커트,"{""tags"": [""라운지웨어"", ""무탠다드우먼즈"", ""스웨트룩"", ""스웨트팬츠"", ""와이드팬츠"", ""캐주얼"", ""트레이닝바지""], ""season"": ""2"", ""season_year"": 2026, ""source_attributes"": {""핏"": [""오버 사이즈""], ""계절"": [""봄"", ""가을"", ""겨울""], ""두께"": [""보통""], ""비침"": [""없음""], ""촉감"": [""약간 부드러움""], ""신축성"": [""있음""]}}"
무신사,"1461 3홀 벡스 블랙 스무스 / 21084001","1461 3홀 벡스 블랙 스무스 / 21084001","1461 BEX BLACK SMOOTH","M,W","21084001",누아누,트렌치 코트,"{""tags"": [""1461"", ""3홀"", ""닥터마틴클래식"", ""더비슈즈"", ""레더"", ""무배당발"", ""벡스"", ""블랙""], ""season"": null, ""season_year"": 0, ""source_attributes"": {}}"
무신사,슈퍼스타 II -화이트:블랙 / IH8659,슈퍼스타 ii -화이트:블랙 / ih8659,SUPERSTAR II        FTWWHT/CBLACK/FTWWHT,W,IH8659,고저,블레이저/슈트 재킷,"{""tags"": [""무배당발"", ""슈퍼스타"", ""슈퍼스타2"", ""슈퍼스타II"", ""스니커즈"", ""아디다스2"", ""운동화""], ""season"": ""1"", ""season_year"": 0, ""source_attributes"": {}}"
무신사,XA 프로 3D_L41617400,xa 프로 3d_l41617400,XA 프로 3D_L41617400,U,S260109SXA41,구름킴,블레이저/슈트 재킷,"{""tags"": [""남자운동화"", ""살로몬신발"", ""스니커즈"", ""여름신발"", ""여자운동화"", ""운동화"", ""캐리오버""], ""season"": null, ""season_year"": null, ""source_attributes"": {}}"
무신사,Slouchy Long Boots_Washed Brown,slouchy long boots_washed brown,Slouchy Long Boots_Washed Brown,W,NT3BDFWBO051BR,누토프,아노락,"{""tags"": [], ""season"": ""2"", ""season_year"": 0, ""source_attributes"": {}}"
무신사,토쿠텐 1183C429_250,토쿠텐 1183c429_250,TOKUTEN,"M,W","1183C429_250",누스미크,숏/하프 코트,"{""tags"": [""TOKUTEN"", ""토쿠텐""], ""season"": null, ""season_year"": null, ""source_attributes"": {}}"
무신사,에어 맥스 모토 2K W - 그레이 포그:메탈릭 실버:화이트 / HQ2056-011,에어 맥스 모토 2k w - 그레이 포그:메탈릭 실버:화이트 / hq2056-011,W NIKE AIR MAX MOTO 2K - GREY FOG/WHITE-METALLIC SILVER,W,HQ2056-011,내셔널지오그래픽,블레이저/슈트 재킷,"{""tags"": [""나이키모토"", ""모토2K"", ""에어맥스"", ""에어맥스모토""], ""season"": null, ""season_year"": null, ""source_attributes"": {}}"
무신사,스피드캣 OG - 블랙:모브 미스트 / 398846-09,스피드캣 og - 블랙:모브 미스트 / 398846-09,Speedcat OG - PUMA BALCK-MAUVE MIST / 398846-09,"M,W","398846-09",누크피터,블레이저/슈트 재킷,"{""tags"": [""로우프로파일"", ""무배당발"", ""스피드캣"", ""신발"", ""패션"", ""푸마스피드캣""], ""season"": ""0"", ""season_year"": 0, ""source_attributes"": {}}"
무신사,에샤페 초코(FS261OD03X087219),에샤페 초코(fs261od03x087219),에샤페 초코(FS261OD03X087219),"M,W","1100FS261OD03X087219",너스,블레이저/슈트 재킷,"{""tags"": [""ECHAPPE"", ""ECHAPPELXSERIES"", ""데일리룩"", ""런닝화"", ""스니커즈"", ""여자신발"", ""운동화"", ""인기스니커즈컬렉션"", ""한소희"", ""휠라""], ""season"": null, ""season_year"": null, ""source_attributes"": {}}"
무신사,클래식 애니멀 발레 - 세피아/레오파드 / 212478-2LD,클래식 애니멀 발레 - 세피아/레오파드 / 212478-2ld,Classic Animal Ballet SLd - Sepia/Leopard,W,"212478-2LD",누스페이퍼,코치 재킷,"{""tags"": [""무배당발"", ""크록스메리제인"", ""크록스클래식"", ""크록스클래식발레"", ""클래식발레""], ""season"": ""1"", ""season_year"": 2026, ""source_attributes"": {}}"
무신사,아콘 스니커즈 412430006 (6cm/3colors),아콘 스니커즈 412430006 (6cm/3colors),Acon Sneakers 412430006 (6cm/2 colors),W,"5006554599",뉴욕웍스,블레이저/슈트 재킷,"{""tags"": [""스니커즈"", ""아콘시리즈""], ""season"": ""2"", ""season_year"": 0, ""source_attributes"": {}}"
무신사,삼바 제인 - 블랙:화이트 / KZ6690,삼바 제인 - 블랙:화이트 / kz6690,SAMBA JANE W CBLACK/FTWWHT/GUM5,"M,W",KZ6690,고저,블레이저/슈트 재킷,"{""tags"": [""메리제인"", ""무배당발"", ""무신사단독"", ""무신사에디션"", ""삼바"", ""삼바제인"", ""스니커즈"", ""아디다스삼바제인""], ""season"": ""2"", ""season_year"": 2026, ""source_attributes"": {}}"
무신사,오즈베누즈 JS2468,오즈베누즈 js2468,오즈베누즈 JS2468,W,JS2468,고저,블레이저/슈트 재킷,"{""tags"": [], ""season"": null, ""season_year"": null, ""source_attributes"": {}}"
무신사,이탈리아 70s - 다크브라운:블랙 / HQ9350,이탈리아 70s - 다크브라운:블랙 / hq9350,ITALIA  70s         DBROWN/CBLACK/CBLACK,"M,W",HQ9350,고저,블레이저/슈트 재킷,"{""tags"": [""SMU"", ""로우프로파일"", ""무배당발"", ""무신사단독"", ""스니커즈"", ""아디다스이탈리아"", ""운동화"", ""이탈리아""], ""season"": ""2"", ""season_year"": 2025, ""source_attributes"": {}}"
무신사,알파 커브드 붓컷 카고 팬츠 - 카키,알파 커브드 붓컷 카고 팬츠 - 카키,Alpha Curved Bootcut Cargo Pants - Khaki,"M,W",w-pts26-116,넌서치,롱/맥시 스커트,"{""tags"": [""부츠컷"", ""붓컷팬츠"", ""여름바지"", ""카고"", ""카고팬츠""], ""season"": null, ""season_year"": 0, ""source_attributes"": {}}"
무신사,재스퍼 여성 스니커즈 DARK EARTH/BIRCH,재스퍼 여성 스니커즈 dark earth/birch,[26FW][재스퍼] 브라운 여성 스니커즈,W,KNSO6F301W2,놈브레,블레이저/슈트 재킷,"{""tags"": [], ""season"": ""2"", ""season_year"": 2026, ""source_attributes"": {}}"
무신사,얼라인플러스 하이드로 블립온 라이트토프,얼라인플러스 하이드로 블립온 라이트토프,얼라인플러스 하이드로 블립온 라이트토프,"M,W","5015184433",논플로어,코치 재킷,"{""tags"": [""슬리퍼"", ""액트"", ""여름슈즈"", ""여름슬리퍼"", ""우포스/아식스/킨/플립플랍""], ""season"": ""0"", ""season_year"": 0, ""source_attributes"": {""무게"": [""가벼움""], ""쿠션"": [""보통""], ""굽 높이"": [""보통""]}}"
무신사,NBRJGF710F / 브리즈 / SD2203BR (BROWN),nbrjgf710f / 브리즈 / sd2203br (brown),NBRJGF710F / 브리즈 / SD2203BR (BROWN),W,NBRJGF710F_85,누누씨,코튼/치노 팬츠,"{""tags"": [""데일리"", ""메리제인"", ""모카무스"", ""브리즈데이"", ""샌들"", ""스니커즈"", ""앙코르데이"", ""여성"", ""우먼스"", ""캐주얼""], ""season"": ""0"", ""season_year"": 0, ""source_attributes"": {}}"
무신사,모션플렉스 옵시디언 블랙,모션플렉스 옵시디언 블랙,,"M,W",AKAOAUS01455,니드슬립,롱 코트,"{""tags"": [""고프코어"", ""모션플렉스"", ""스니커즈"", ""스니커즈추천"", ""신발"", ""신학기준비"", ""운동화"", ""운동화추천""], ""season"": null, ""season_year"": 0, ""source_attributes"": {""무게"": [""가벼움""], ""쿠션"": [""있음""], ""굽 높이"": [""보통""]}}"
무신사,리브레 CF(1073A073100) 인도어화,리브레 cf(1073a073100) 인도어화,리브레 CF(1073A073100) 인도어화,"M,W","1073A073100",누보텐,데님 팬츠,"{""tags"": [""배드민턴"", ""배드민턴화"", ""인도어"", ""체대입시"", ""테니스라인"", ""테니스컬렉션""], ""season"": ""1"", ""season_year"": 2024, ""source_attributes"": {}}"
무신사,[X gemgem paradis] IRA wedge heels,[x gemgem paradis] ira wedge heels,[X gemgem paradis] IRA wedge heels,W,BFIHCCOHL07,뉴발란스,블라우스,"{""tags"": [""뮬"", ""미들힐"", ""여성슈즈"", ""여자구두"", ""웨지힐"", ""힐""], ""season"": ""0"", ""season_year"": 0, ""source_attributes"": {""무게"": [""가벼움""], ""쿠션"": [""있음""], ""굽 높이"": [""보통""]}}"
무신사,NBPDGF736W / U7407BO (WHITE),nbpdgf736w / u7407bo (white),NBPDGF736W / U7407BO (WHITE),"M,W",NBPDGF736W_10,누누씨,블레이저/슈트 재킷,"{""tags"": [""740"", ""U740"", ""스니커즈"", ""운동화""], ""season"": ""0"", ""season_year"": 0, ""source_attributes"": {}}"
무신사,재스퍼 락 스니커즈 Birch Black,재스퍼 락 스니커즈 birch black,재스퍼 락 스니커즈 Birch Black,"M,W",KNSO6FMT5IV,놈브레,블레이저/슈트 재킷,"{""tags"": [""고프코어신발"", ""등산화"", ""킨스니커즈"", ""킨신발"", ""킨재스퍼"", ""트래킹화""], ""season"": ""2"", ""season_year"": 0, ""source_attributes"": {}}"
무신사,리니어 로고 후디 Melange,리니어 로고 후디 melange,,"M,W",JSFTK8A12LM,드니벨,블루종/MA-1,"{""tags"": [""로고후드티"", ""오버핏후드티"", ""집업후드"", ""후드집업"", ""후드티""], ""season"": null, ""season_year"": null, ""source_attributes"": {}}"
무신사,멕시코 66 1183A201_126,멕시코 66 1183a201_126,MEXICO 66,"M,W","1183A201_126",누스미크,블레이저/슈트 재킷,"{""tags"": [""1183A201"", ""MEXICO66"", ""멕시코66""], ""season"": ""2"", ""season_year"": 0, ""source_attributes"": {}}"
무신사,NBPFGF732K / MT410CK5 (2E) (BLACK),nbpfgf732k / mt410ck5 (2e) (black),NBPFGF732K / MT410CK5 (2E) (BLACK),"M,W",NBPFGF732K_19,누누씨,롱 코트,"{""tags"": [""410_480"", ""MT410"", ""데일리러닝화"", ""러닝화"", ""런닝화"", ""베스트스니커즈"", ""스니커즈"", ""스니커즈추천"", ""아웃도어"", ""워킹러닝""], ""season"": ""0"", ""season_year"": 2026, ""source_attributes"": {}}"
무신사,우먼즈 로 웨이스트 딥 턱 엑스트라 와이드 히든 밴딩 슬랙스 [다크 브라운],우먼즈 로 웨이스트 딥 턱 엑스트라 와이드 히든 밴딩 슬랙스 [다크 브라운],우먼즈 로 웨이스트 딥 턱 엑스트라 와이드 히든 밴딩 슬랙스 [다크 브라운],W,MWEPL0Z01-DR,가까이 유니언즈,미디 원피스,"{""tags"": [""밴딩슬랙스"", ""슬랙스"", ""여자슬랙스"", ""와이드슬랙스"", ""와이드팬츠"", ""하객룩""], ""season"": ""2"", ""season_year"": 2026, ""source_attributes"": {""핏"": [""오버 사이즈""], ""계절"": [""봄""], ""두께"": [""보통""], ""비침"": [""없음""], ""촉감"": [""보통""], ""신축성"": [""약간 있음""]}}"
무신사,멕시코 66 1183A201_127,멕시코 66 1183a201_127,MEXICO 66,"M,W","1183A201_127",누스미크,블레이저/슈트 재킷,"{""tags"": [""1183A201"", ""MEXICO66"", ""멕시코66""], ""season"": ""2"", ""season_year"": 0, ""source_attributes"": {}}"
무신사,[OOyea] 블랙 남여공용 슬라이드,[ooyea] 블랙 남여공용 슬라이드,[Ooyea] 블랙 남여공용 슬라이드,"M,W",UPSO6G700BK,누스,베스트,"{""tags"": [""OOFOS"", ""리커버리"", ""샌들"", ""슬리퍼"", ""우포스"", ""운동화"", ""쪼리"", ""플립플랍""], ""season"": ""1"", ""season_year"": 2026, ""source_attributes"": {}}"
무신사,"1461 3홀 빈티지브라운 / 11838201","1461 3홀 빈티지브라운 / 11838201","1461 3홀 빈티지브라운 / 11838201","M,W","11838201",누아누,트렌치 코트,"{""tags"": [""1461"", ""14613홀"", ""21F/W신상품"", ""닥터마틴클래식"", ""더비슈즈"", ""레더"", ""무배당발"", ""브라운""], ""season"": null, ""season_year"": 0, ""source_attributes"": {}}"
무신사,샥스 Z 칼리스트라 SP W - 화이트:블랙:메탈릭 실버:유니버시티 레드 / IW2346-160,샥스 z 칼리스트라 sp w - 화이트:블랙:메탈릭 실버:유니버시티 레드 / iw2346-160,W NIKE SHOX Z CALISTRA - WHITE/UNIV RED-BLACK-MTLC SILVER-WHITE-WHITE,W,IW2346-160,내셔널지오그래픽,블레이저/슈트 재킷,"{""tags"": [""메리제인"", ""발레코어"", ""샥스Z"", ""칼리스트라""], ""season"": null, ""season_year"": null, ""source_attributes"": {}}"
무신사,재스퍼 여성 스니커즈 HAIRY BLACK/BLACK,재스퍼 여성 스니커즈 hairy black/black,[26SS][재스퍼] 블랙 여성 스니커즈,W,KNSO6F301BK,놈브레,블레이저/슈트 재킷,"{""tags"": [""KEEN"", ""스니커즈"", ""아웃도어"", ""여성신발"", ""운동화"", ""재스퍼"", ""킨""], ""season"": ""0"", ""season_year"": 2026, ""source_attributes"": {}}"
무신사,캄 2.0 W - 블랙 / IB7561-001,캄 2.0 w - 블랙 / ib7561-001,W NIKE CALM SLIDE 2.0 - BLACK/BLACK-BLACK,W,IB7561-001,내셔널지오그래픽,베스트,"{""tags"": [""나이키슬리퍼"", ""나이키캄"", ""서머슬라이드"", ""슬리퍼"", ""캄슬라이드""], ""season"": null, ""season_year"": null, ""source_attributes"": {}}"
무신사,[SFTM 컬래버] 아디제로 EVO SL W - 도브그레이 / KJ0793,[sftm 컬래버] 아디제로 evo sl w - 도브그레이 / kj0793,Adizero EVO SL WOVE DOVGRY/GRETWO/GRESIX,W,KJ0793,고저,슬랙스,"{""tags"": [""SFTM"", ""러닝"", ""러닝화"", ""러닝화추천"", ""무배당발"", ""아디다스송포더뮤트"", ""아디제로EVOSL""], ""season"": ""2"", ""season_year"": 2026, ""source_attributes"": {}}"
무신사,T-Logo LT Hoodie Heather Grey,t-logo lt hoodie heather grey,T-Logo LT Hoodie Heather Grey,"M,W",TN261TSWHO01HGR,그루브스텝,블루종/MA-1,"{""tags"": [""남자후드티"", ""여자후드티"", ""후드티"", ""후드티셔츠"", ""후디""], ""season"": ""0"", ""season_year"": 2026, ""source_attributes"": {}}"
무신사,헬로키티 플랫폼 샌들,헬로키티 플랫폼 샌들,헬로키티 플랫폼 샌들,W,"5019414448",듑벨,코치 재킷,"{""tags"": [], ""season"": ""0"", ""season_year"": 2026, ""source_attributes"": {}}"
무신사,젤-1130 - 스모크 그레이:자바 / 1203A708-020,젤-1130 - 스모크 그레이:자바 / 1203a708-020,GEL-1130 MUSINSA EDITION - SMOKE GREY/JAVA / 1203A708-020,"M,W","1203A708-020",누보텐,블레이저/슈트 재킷,"{""tags"": [""무신사단독"", ""무신사에디션"", ""신발"", ""아식스젤1130"", ""운동화"", ""젤1130"", ""패션""], ""season"": null, ""season_year"": 0, ""source_attributes"": {}}"
무신사,NBPDGS113S / MR530GMT (SILVER),nbpdgs113s / mr530gmt (silver),NBPDGS113S / MR530GMT (SILVER),"M,W",NBPDGS113S_91,누누씨,블레이저/슈트 재킷,"{""tags"": [""530"", ""530데이"", ""5월의530"", ""데일리"", ""스니커즈"", ""스니커즈추천"", ""스테디신발"", ""신발"", ""운동화"", ""캐주얼""], ""season"": ""0"", ""season_year"": 0, ""source_attributes"": {}}"
무신사,샥스 Z 칼리스트라 W - 블랙 / IR5510-001,샥스 z 칼리스트라 w - 블랙 / ir5510-001,W NIKE SHOX Z CALISTRA - BLACK/BLACK-BLACK,W,IR5510-001,내셔널지오그래픽,블레이저/슈트 재킷,"{""tags"": [""메리제인"", ""샥스Z"", ""칼리스트라"", ""플랫슈즈""], ""season"": null, ""season_year"": null, ""source_attributes"": {}}"
무신사,NBPDGS102W / U740WM2 (WHITE),nbpdgs102w / u740wm2 (white),NBPDGS102W / U740WM2 (WHITE),"M,W",NBPDGS102W_10,누누씨,블레이저/슈트 재킷,"{""tags"": [""데일리"", ""베스트스니커즈"", ""스니커즈"", ""스니커즈추천"", ""스테디신발"", ""신발"", ""신상스니커즈"", ""운동화"", ""캐주얼"", ""클래식러닝""], ""season"": ""0"", ""season_year"": 0, ""source_attributes"": {}}"
무신사,젤 카야노 33 우먼 스탠다드 - 블랙:블랙 / 1012B939-001,젤 카야노 33 우먼 스탠다드 - 블랙:블랙 / 1012b939-001,GEL-KAYANO 33 WOMEN STANDARD - BLACK/BLACK / 1012B939-001,"M,W","1012B939-001",누보텐,슬랙스,"{""tags"": [""아식스260831발매"", ""아식스러닝화"", ""여성러닝화"", ""젤카야노"", ""젤카야노33""], ""season"": null, ""season_year"": null, ""source_attributes"": {}}"
무신사,에샤페 LX(FS261OD03X087662),에샤페 lx(fs261od03x087662),에샤페 LX(FS261OD03X087662),"M,W","1100FS261OD03X087662",너스,스웨트/조거 팬츠,"{""tags"": [""26FW"", ""ECHAPPELXSERIES"", ""남성스니커즈"", ""스니커즈"", ""스니커즈추천"", ""여성스니커즈""], ""season"": null, ""season_year"": null, ""source_attributes"": {}}"
무신사,탠 헬로키티 세트 BROWN,탠 헬로키티 세트 brown,탠 헬로키티 세트 BROWN,W,TATU261BSFF022TK,느쉐,가디건,"{""tags"": [""데일리슈즈"", ""쪼리"", ""키티"", ""탠키티"", ""토앤토X산리오캐릭터즈"", ""토앤토×산리오캐릭터즈"", ""토앤토탠키티"", ""토앤토헬로키티""], ""season"": ""0"", ""season_year"": 0, ""source_attributes"": {}}"
무신사,프릴 리본 발레리나,프릴 리본 발레리나,프릴 리본 발레리나,W,"11560750700",노페이머스,경량 패딩,"{""tags"": [""플랫슈즈""], ""season"": null, ""season_year"": null, ""source_attributes"": {}}"
무신사,가젤 인도어 - 블루:화이트 / HQ8717,가젤 인도어 - 블루:화이트 / hq8717,GAZELLE INDOOR W BLUFUS/FTWWHT/GOLDMT,W,HQ8717,고저,블레이저/슈트 재킷,"{""tags"": [""가젤"", ""가젤W"", ""가젤인도어"", ""무배당발"", ""스니커즈"", ""스웨이드""], ""season"": ""0"", ""season_year"": 0, ""source_attributes"": {}}"
무신사,로미타 플랫폼 스니커즈 OZPDGA102B,로미타 플랫폼 스니커즈 ozpdga102b,로미타 플랫폼 스니커즈 OZPDGA102B,W,OZPDGA102B,느와,블레이저/슈트 재킷,"{""tags"": [""데일리운동화"", ""로미타"", ""스니커즈"", ""여성스니커즈"", ""여자스니커즈"", ""여자신발"", ""운동화""], ""season"": ""1"", ""season_year"": 0, ""source_attributes"": {}}"
무신사,"1461 3홀 모노 블랙 / 14345001","1461 3홀 모노 블랙 / 14345001","1461 3홀 모노 블랙 / 14345001","M,W","14345001",누아누,트렌치 코트,"{""tags"": [""1461"", ""14613홀"", ""닥터마틴클래식"", ""더비슈즈"", ""레더"", ""무배당발"", ""블랙""], ""season"": null, ""season_year"": 0, ""source_attributes"": {""무게"": [""보통""], ""쿠션"": [""보통""], ""굽 높이"": [""보통""]}}"
무신사,벨라 미나 스웨이드 우먼 - 푸마 블랙 / 407671-04,벨라 미나 스웨이드 우먼 - 푸마 블랙 / 407671-04,Bella Mina Suede Wns - PUMA Black / 407671-04,W,"407671-04",누크피터,블레이저/슈트 재킷,"{""tags"": [""검정스니커즈"", ""메리제인스니커즈"", ""발레코어스니커즈"", ""벨라미나스웨이드"", ""블랙운동화"", ""스웨이드스니커즈"", ""여성로우탑"", ""푸마260813"", ""푸마벨라미나"", ""푸마여성화""], ""season"": ""2"", ""season_year"": 2026, ""source_attributes"": {}}"
무신사,어글리 대디 매쉬 운동화 (트리플 블랙),어글리 대디 매쉬 운동화 (트리플 블랙),,"M,W",RCDS20,뉴키치,플리스 재킷,"{""tags"": [""러닝화"", ""어글리"", ""어글리슈즈"", ""어글리스니커즈"", ""오즈위고"", ""운동화"", ""젠더리스""], ""season"": ""0"", ""season_year"": 0, ""source_attributes"": {}}"
무신사,올드스쿨 플랫폼 - 블랙:화이트 / VN0A3B3UY281,올드스쿨 플랫폼 - 블랙:화이트 / vn0a3b3uy281,Old Skool Platform - black/white,"M,W",VN0A3B3UY281,누브,숏/하프 코트,"{""tags"": [""시그니처아이템"", ""올드스쿨"", ""캔버스운동화"", ""플랫폼"", ""플랫폼스니커즈""], ""season"": null, ""season_year"": 0, ""source_attributes"": {""무게"": [""가벼움""], ""쿠션"": [""없음""], ""굽 높이"": [""낮음""]}}"
무신사,페가수스 42 W - 화이트:울프 그레이:쿨 그레이:메탈릭 실버 / IB1881-102,페가수스 42 w - 화이트:울프 그레이:쿨 그레이:메탈릭 실버 / ib1881-102,W AIR ZOOM PEGASUS 42 - WHITE/MTLC SILVER-WOLF GREY-COOL GREY,W,IB1881-102,내셔널지오그래픽,슬랙스,"{""tags"": [""나이키런닝"", ""나이키런닝화"", ""런닝"", ""런닝화"", ""페가수스"", ""페가수스42""], ""season"": null, ""season_year"": null, ""source_attributes"": {}}"
무신사,뉴 타비 발레리나 플랫 슈즈 - 블랙 / S58WZ0127P3753T8013,뉴 타비 발레리나 플랫 슈즈 - 블랙 / s58wz0127p3753t8013,뉴 타비 발레리나 플랫 슈즈 - 블랙 / S58WZ0127P3753T8013,W,S58WZ0127P3753T8013FW26,데이,경량 패딩,"{""tags"": [""무신사부티크"", ""타비슈즈""], ""season"": ""2"", ""season_year"": 2026, ""source_attributes"": {}}"
무신사,클래식 클로그 - 본 / 10001-2Y2,클래식 클로그 - 본 / 10001-2y2,Classic - Bone,"M,W","10001-2Y2",누스페이퍼,코치 재킷,"{""tags"": [""무배당발"", ""크록스추천"", ""크록스클래식"", ""클래식"", ""클래식클로그""], ""season"": ""2"", ""season_year"": 0, ""source_attributes"": {}}"
무신사,DANNY JEAN (BLACK),danny jean (black),DANNY JEAN (BLACK),M,D26F-DN08BK,구아브,긴소매 티셔츠,"{""tags"": [], ""season"": ""2"", ""season_year"": 2026, ""source_attributes"": {}}"
무신사,김보라x야세 데크 보드슈즈 카멜,김보라x야세 데크 보드슈즈 카멜,Kim Bora x Yase Deck Board Shoes Camel,"M,W",CSS02CM,누벨르미에르,무스탕/퍼,"{""tags"": [""김보라"", ""남여공용"", ""스니커즈"", ""스케이트화"", ""스트릿"", ""운동화"", ""키높이신발""], ""season"": ""0"", ""season_year"": 0, ""source_attributes"": {""무게"": [""보통""], ""쿠션"": [""보통""], ""굽 높이"": [""높음""]}}"
무신사,도쿄 - 더스키브론즈:클리어스카이 / IH3992,도쿄 - 더스키브론즈:클리어스카이 / ih3992,TOKYO W             DUBR/CLESKY/GUM3,"M,W",IH3992,고저,블레이저/슈트 재킷,"{""tags"": [""도쿄"", ""로우프로파일"", ""무배당발"", ""스니커즈"", ""아디다스도쿄""], ""season"": ""1"", ""season_year"": 2026, ""source_attributes"": {}}"
무신사,ZIPPER CURVED LINE FLATFORM BOOTS IN BLACK,zipper curved line flatform boots in black,ZIPPER CURVED LINE FLATFORM BOOTS IN BLACK,W,DMAW61SSB03,나이키,롱 패딩,"{""tags"": [""인플루언서PICK""], ""season"": ""1"", ""season_year"": 2026, ""source_attributes"": {}}"
무신사,[오헤시오 컬래버] 체크 프릴 블라우스 [네이비],[오헤시오 컬래버] 체크 프릴 블라우스 [네이비],[오헤시오 컬래버] 체크 프릴 블라우스 [네이비],W,MWFSL9D61-NA,가까이 유니언즈,데님 재킷,"{""tags"": [""블라우스"", ""오헤시오컬래버"", ""체크"", ""체크블라우스"", ""프릴"", ""프릴블라우스""], ""season"": ""2"", ""season_year"": 2026, ""source_attributes"": {""핏"": [""레귤러""], ""계절"": [""봄"", ""가을"", ""겨울""], ""두께"": [""보통""], ""비침"": [""거의 없음""], ""촉감"": [""약간 부드러움""], ""신축성"": [""없음""]}}"
무신사,(여성) 3아이 프리미엄 플랫폼 보트슈즈 - 버건디 / A2QDM-D57,(여성) 3아이 프리미엄 플랫폼 보트슈즈 - 버건디 / a2qdm-d57,TBL Premium Platform 3EyeBurgundy Full Grain,W,A2QDM-D57,댕글드랍,트레이닝 팬츠,"{""tags"": [""23F/W신상"", ""단화"", ""로퍼"", ""무료반품"", ""무배당발"", ""보트슈즈"", ""여성보트슈즈"", ""팀버랜드보트슈즈"", ""팀버랜드여성"", ""플랫폼""], ""season"": ""2"", ""season_year"": 0, ""source_attributes"": {}}"
무신사,[+5.5cm] DAILY DECK(p),[+5.5cm] daily deck(p),,M,BFPNKCBDB03,더 릴,트렌치 코트,"{""tags"": [""결혼식구두"", ""기본구두"", ""데일리룸"", ""보트슈즈"", ""콜라보"", ""키높이"", ""하객룩""], ""season"": ""2"", ""season_year"": 2026, ""source_attributes"": {}}"
무신사,SHOWER - 808 (a) / BLACK,shower - 808 (a) / black,SHOWER - 808 (a),M,KNCH808,댄크디어,트렌치 코트,"{""tags"": [""808"", ""더비"", ""빈티지소가죽"", ""샤워"", ""소가죽"", ""소가죽더비"", ""워싱더비""], ""season"": ""0"", ""season_year"": 0, ""source_attributes"": {}}"
무신사,남성 6인치 레이스업 베이직 부츠 위트브라운_TB1A27TP2311,남성 6인치 레이스업 베이직 부츠 위트브라운_tb1a27tp2311,남성 6인치 레이스업 베이직 부츠 위트브라운_TB1A27TP2311,"M,W",TB1A27TP2311,댕글드랍,롱 패딩,"{""tags"": [""6인치부츠"", ""팀버랜드위탁""], ""season"": null, ""season_year"": 0, ""source_attributes"": {}}"
무신사,아이언 레인저 8111 - 앰버 하니스 / 08111D,아이언 레인저 8111 - 앰버 하니스 / 08111d,IRON RANGER 8111,M,"08111D",더 그린컵,숏 팬츠,"{""tags"": [""가죽"", ""굿이어웰트"", ""레드윙부츠"", ""무배당발"", ""베이식"", ""브라운"", ""빠른배송"", ""아이언레인저"", ""워커""], ""season"": null, ""season_year"": 0, ""source_attributes"": {}}"
무신사,GRAINY - 647 (a) VIBRAM,grainy - 647 (a) vibram,MARYAM GRAINY - 647 (a) VIBRAM,M,KNCH547V,댄크디어,트렌치 코트,"{""tags"": [""647"", ""그레이니"", ""남자구두"", ""남자더비슈즈"", ""남자신발"", ""말가죽"", ""말가죽더비"", ""워싱말가죽""], ""season"": ""0"", ""season_year"": 0, ""source_attributes"": {}}"
무신사,"1461 3홀 블랙 스무스 / 11838002","1461 3홀 블랙 스무스 / 11838002","1461 3홀 블랙 스무스 / 11838002","M,W","11838002",누아누,트렌치 코트,"{""tags"": [""1461"", ""14613홀"", ""닥터마틴클래식"", ""더비슈즈"", ""레더"", ""무배당발"", ""블랙""], ""season"": null, ""season_year"": 0, ""source_attributes"": {""무게"": [""보통""], ""쿠션"": [""보통""], ""굽 높이"": [""보통""]}}"
무신사,젤-카야노 14 - 버치:퓨어실버 / 1203A537-200,젤-카야노 14 - 버치:퓨어실버 / 1203a537-200,GEL-KAYANO 14 - BIRCH/PURE SILVER / 1203A537-200,"M,W","1203A537-200",누보텐,블레이저/슈트 재킷,"{""tags"": [""신발"", ""아식스젤카야노14"", ""운동화"", ""젤카야노"", ""젤카야노14"", ""패션""], ""season"": null, ""season_year"": 0, ""source_attributes"": {}}"
무신사,우든 홀스하이드 더비 슈즈 블랙,우든 홀스하이드 더비 슈즈 블랙,Wooden Horsehide Derby Shoes Black,"M,W",SL0015HBK,누벨르미에르,트렌치 코트,"{""tags"": [""구두"", ""남자구두"", ""더비슈즈"", ""말가죽"", ""수제화"", ""아메카지"", ""키높이""], ""season"": null, ""season_year"": 0, ""source_attributes"": {}}"
무신사,홀리 홀스하이드 컴포트 더비 슈즈 블랙,홀리 홀스하이드 컴포트 더비 슈즈 블랙,,"M,W",SS160HBK,누벨르미에르,트렌치 코트,"{""tags"": [""더비"", ""더비슈즈"", ""레더슈즈"", ""말가죽"", ""캐주얼구두"", ""키높이구두"", ""홀스하이드""], ""season"": null, ""season_year"": 0, ""source_attributes"": {}}"
무신사,NBPFGF733I / W480RG5 (4E) (IVORY),nbpfgf733i / w480rg5 (4e) (ivory),NBPFGF733I / W480RG5 (4E) (IVORY),"M,W",NBPFGF733I_39,누누씨,플리스 재킷,"{""tags"": [""410_480"", ""480"", ""데일리"", ""데일리러닝화"", ""러닝화"", ""런닝화"", ""스니커즈"", ""스니커즈추천"", ""운동화"", ""워킹러닝""], ""season"": null, ""season_year"": null, ""source_attributes"": {""무게"": [""가벼움""], ""쿠션"": [""있음""], ""굽 높이"": [""높음""]}}"
무신사,우먼즈 로 웨이스트 딥 턱 엑스트라 와이드 히든 밴딩 슬랙스 [그레이],우먼즈 로 웨이스트 딥 턱 엑스트라 와이드 히든 밴딩 슬랙스 [그레이],우먼즈 로 웨이스트 딥 턱 엑스트라 와이드 히든 밴딩 슬랙스 [그레이],W,MWEPL0Z01-GR,가까이 유니언즈,미디 원피스,"{""tags"": [""밴딩슬랙스"", ""슬랙스"", ""여자슬랙스"", ""와이드슬랙스"", ""와이드팬츠"", ""하객룩""], ""season"": ""2"", ""season_year"": 2026, ""source_attributes"": {""핏"": [""오버 사이즈""], ""계절"": [""봄""], ""두께"": [""보통""], ""비침"": [""없음""], ""촉감"": [""보통""], ""신축성"": [""약간 있음""]}}"
무신사,클래식 슬립온 - 블랙:블랙 / VN000EYEBKA1,클래식 슬립온 - 블랙:블랙 / vn000eyebka1,Classic Slip-On - black/black,"M,W",VN000EYEBKA1,누브,기타 아우터,"{""tags"": [""스케이트보드"", ""슬립오버"", ""슬립온"", ""시그니처"", ""시그니처아이템"", ""캔버스""], ""season"": null, ""season_year"": 0, ""source_attributes"": {}}"
무신사,아디제로 EVO SL M - 블랙:화이트 / JP7149,아디제로 evo sl m - 블랙:화이트 / jp7149,adizero Evo SL M    CBLACK/FTWWHT/CBLACK,M,JP7149,고저,슬랙스,"{""tags"": [""EVOSL"", ""러닝"", ""러닝화"", ""무배당발"", ""아디제로"", ""아디제로EVOSL"", ""에보슬""], ""season"": ""2"", ""season_year"": 0, ""source_attributes"": {}}"
무신사,XT-EVO_L45404200,xt-evo_l45404200,XT-EVO_L45404200,M,S260109SEO01,구름킴,블레이저/슈트 재킷,"{""tags"": [], ""season"": ""0"", ""season_year"": 0, ""source_attributes"": {}}"
무신사,P.SHOWER-808(p),p.shower-808(p),,M,BEPNKDB01,댄크디어,트렌치 코트,"{""tags"": [""808"", ""PINOKI"", ""구두"", ""더비"", ""더비슈즈"", ""키높이신발"", ""피노키""], ""season"": null, ""season_year"": 0, ""source_attributes"": {}}"
무신사,메이페어 3홀  - 체리레드 / 42864600,메이페어 3홀 - 체리레드 / 42864600,Mayfare 3 Eye Shoe 3 Eye ShoeCherry Red Arcadia,"M,W","42864600",누아누,맨투맨/스웨트,"{""tags"": [""3홀슈즈"", ""더비슈즈"", ""메이페어"", ""무배당발"", ""무신사단독"", ""아카디아가죽"", ""유광더비"", ""체리레드"", ""투톤가죽"", ""포인트슈즈""], ""season"": ""1"", ""season_year"": 2026, ""source_attributes"": {}}"
무신사,FOAT - 505 (a),foat - 505 (a),FOAT - 505 (a),M,KNCH505,댄크디어,맨투맨/스웨트,"{""tags"": [""남자로퍼"", ""로퍼"", ""말가죽"", ""슬립온"", ""워싱말가죽"", ""페니로퍼""], ""season"": ""0"", ""season_year"": 0, ""source_attributes"": {}}"
무신사,[미누의코디 x 식스핏] BOLD TOE DERBY,[미누의코디 x 식스핏] bold toe derby,,M,BOLD TOE DERBY,더 긱스,트렌치 코트,"{""tags"": [""결혼식"", ""결혼식구두"", ""인플루언서픽"", ""하객"", ""하객룩""], ""season"": ""1"", ""season_year"": 2024, ""source_attributes"": {}}"
무신사,플레인 더비 슈즈 [블랙],플레인 더비 슈즈 [블랙],PLAIN DERBY SHOES [BLACK],"M,W",MEAFL0Z01-BK,골든베어,트렌치 코트,"{""tags"": [""가죽신발"", ""구두"", ""기본구두"", ""남성정장"", ""레더슈즈"", ""신발"", ""신학기잡화"", ""캐주얼구두"", ""클래식""], ""season"": ""2"", ""season_year"": null, ""source_attributes"": {}}"
무신사,간트 레더 슬립온 R26M777 (크랙블랙),간트 레더 슬립온 r26m777 (크랙블랙),간트 레더 슬립온 R26M777 (크랙블랙),"M,W",R26M777CBK,더 건프,맨투맨/스웨트,"{""tags"": [""남자/남자신발/신발/슈즈"", ""로퍼/가죽/바부슈"", ""슬리퍼/슬라이드/샌들"", ""여름/썸머/26SS"", ""커플/유니섹스/남녀공용"", ""핀터/핀터레스트/해외패션""], ""season"": null, ""season_year"": 0, ""source_attributes"": {}}"
무신사,BRUTAL - 649 (a) VIBRAM,brutal - 649 (a) vibram,MARYAM BRUTAL - 649 (a) VIBRAM,M,KNCH649,댄크디어,트렌치 코트,"{""tags"": [""649"", ""결혼식"", ""결혼식구두"", ""말가죽"", ""말가죽더비"", ""브루탈"", ""하객"", ""하객룩""], ""season"": ""0"", ""season_year"": 0, ""source_attributes"": {""무게"": [""보통""], ""쿠션"": [""보통""], ""굽 높이"": [""보통""]}}"
무신사,에어 포스 1 07 M - 화이트:메탈릭 실버 / FJ4146-134,에어 포스 1 07 m - 화이트:메탈릭 실버 / fj4146-134,AIR FORCE 1 07 LOW ESS - WHITE/MTLC SILVER,M,FJ4146-134,내셔널지오그래픽,블레이저/슈트 재킷,"{""tags"": [""나이키에어포스1"", ""데일리스니커즈"", ""레더스니커즈"", ""에어포스1""], ""season"": null, ""season_year"": null, ""source_attributes"": {}}"
무신사,Pocket washed cargo pants [FRSP05DP01]_Khaki,pocket washed cargo pants [frsp05dp01]_khaki,Pocket washed cargo pants [FRSP05DP01]_Khaki,W,"5014754630",노운베러,롱/맥시 원피스,"{""tags"": [""MDPICK"", ""바지"", ""와이드팬츠"", ""인플루언서PICK"", ""카고팬츠"", ""코튼팬츠"", ""팬츠""], ""season"": ""1"", ""season_year"": 2026, ""source_attributes"": {}}"
무신사,척 70 X 블랙 A24228C,척 70 x 블랙 a24228c,CHUCK 70 X Black A24228C,M,A24228C,뉴테입,숏/하프 코트,"{""tags"": [""70X"", ""척70X"", ""컨버스70X""], ""season"": null, ""season_year"": null, ""source_attributes"": {}}"
무신사,우든 홀스하이드 더비 슈즈 브라운,우든 홀스하이드 더비 슈즈 브라운,Wooden Horsehide Derby Shoes Brown,"M,W",SL0015HBR,누벨르미에르,트렌치 코트,"{""tags"": [""남성정장구두"", ""남자구두"", ""더비"", ""말가죽"", ""정장구두"", ""포멀룩"", ""홀스레더""], ""season"": null, ""season_year"": 0, ""source_attributes"": {}}"
무신사,벡맨 플랫박스 9060 - 블랙 클론다이크 / 09060D,벡맨 플랫박스 9060 - 블랙 클론다이크 / 09060d,벡맨 플랫박스 9060 - 블랙 클론다이크 / 09060D,M,"09060D",더 그린컵,레깅스,"{""tags"": [""9060"", ""레드윙9060"", ""레드윙벡맨"", ""레드윙추천"", ""무배당발"", ""벡맨"", ""부츠"", ""부츠추천"", ""워커"", ""워커추천""], ""season"": ""2"", ""season_year"": 0, ""source_attributes"": {}}"
무신사,LOND WAIST TUCK  BLOUSE(Z-BL-4225),lond waist tuck blouse(z-bl-4225),LOND WAIST TUCK  BLOUSE(Z-BL-4225),W,"5005159169",닐론스,데님 재킷,"{""tags"": [""데이트룩"", ""봄블라우스"", ""블라우스"", ""여름블라우스"", ""여성블라우스"", ""여자블라우스"", ""하객룩""], ""season"": ""1"", ""season_year"": 0, ""source_attributes"": {""핏"": [""레귤러""], ""계절"": [""봄"", ""여름""], ""두께"": [""보통""], ""비침"": [""없음""], ""촉감"": [""보통""], ""신축성"": [""보통""]}}"
무신사,에어 포스 1 07 M - 블랙 / CW2288-001,에어 포스 1 07 m - 블랙 / cw2288-001,AIR FORCE 1  07 LE - BLACK/BLACK,M,CW2288-001,내셔널지오그래픽,블레이저/슈트 재킷,"{""tags"": [""AF1"", ""나이키신발"", ""나이키운동화"", ""남성나이키스니커즈"", ""레더스니커즈"", ""에어포스1"", ""올검포스""], ""season"": null, ""season_year"": 0, ""source_attributes"": {}}"
무신사,에어 포스 1 07 M - 화이트 / CW2288-111,에어 포스 1 07 m - 화이트 / cw2288-111,AIR FORCE 1  07 LE - WHITE/WHITE,M,CW2288-111,내셔널지오그래픽,블레이저/슈트 재킷,"{""tags"": [""AF1"", ""나이키신발"", ""나이키운동화"", ""남성나이키스니커즈"", ""레더스니커즈"", ""에어포스1"", ""올백포스"", ""올빽포스""], ""season"": null, ""season_year"": 0, ""source_attributes"": {}}"
무신사,아디스타 XLG 2.0 - 화이트:그레이:블랙 / KJ7895,아디스타 xlg 2.0 - 화이트:그레이:블랙 / kj7895,ADISTAR XLG 2.0     GRESTR/CBLACK/OWHITE,"M,W",KJ7895,고저,블레이저/슈트 재킷,"{""tags"": [""무배당발"", ""스니커즈"", ""아디다스아디스타XLG"", ""아디스타XLG2.0"", ""운동화""], ""season"": ""2"", ""season_year"": 2026, ""source_attributes"": {}}"
무신사,WEAKER - 833 (a) / BLACK,weaker - 833 (a) / black,,"M,W",BEKCSN01-BK,댄크디어,블레이저/슈트 재킷,"{""tags"": [""데일리슈즈"", ""레더슈즈"", ""미니멀"", ""블랙"", ""스니커즈"", ""운동화"", ""플랫슈즈""], ""season"": ""0"", ""season_year"": 0, ""source_attributes"": {}}"
무신사,NBPDGF712W / U5098Y0 (WHITE),nbpdgf712w / u5098y0 (white),NBPDGF712W / U5098Y0 (WHITE),"M,W",NBPDGF712W_10,누누씨,블레이저/슈트 재킷,"{""tags"": [], ""season"": ""0"", ""season_year"": 0, ""source_attributes"": {}}"
무신사,P-6000 M - 앳머스피어 그레이:펜슬 포인트:배스트 그레이:블랙 / CD6404-031,p-6000 m - 앳머스피어 그레이:펜슬 포인트:배스트 그레이:블랙 / cd6404-031,NIKE P-6000 - ATMOSPHERE GREY/BLACK-PENCIL POINT,M,CD6404-031,내셔널지오그래픽,블레이저/슈트 재킷,"{""tags"": [""P-6000"", ""P6000"", ""Y2K스니커즈"", ""피육천""], ""season"": null, ""season_year"": null, ""source_attributes"": {}}"
무신사,스케이트 로퍼 - (스웨이드) 브라운:블랙 / VN000VA6Y491,스케이트 로퍼 - (스웨이드) 브라운:블랙 / vn000va6y491,Skate Loafer- SUEDE BROWN/BLACK,"M,W",VN000VA6Y491,누브,맨투맨/스웨트,"{""tags"": [""겨울추천"", ""로퍼"", ""로퍼슈즈추천"", ""로퍼추천"", ""반스로퍼"", ""반스스케이트로퍼"", ""스케이트로퍼""], ""season"": ""2"", ""season_year"": 2025, ""source_attributes"": {}}"
무신사,파이어버드 배럴 팬츠 - 블랙 / LF1057,파이어버드 배럴 팬츠 - 블랙 / lf1057,FB BARREL TP        BLACK,W,LF1057,고저,미니 스커트,"{""tags"": [""데일리팬츠"", ""무배당발"", ""배럴레그팬츠"", ""아디다스파이어버드"", ""파이어버드배럴팬츠""], ""season"": ""2"", ""season_year"": 2026, ""source_attributes"": {}}"
무신사,SIDE B LOGO HALF PANTS [BLACK],side b logo half pants [black],SIDE B LOGO HALF PANTS [BLACK],M,BE2MSP208BK,굿뉴스,미디 스커트,"{""tags"": [], ""season"": ""1"", ""season_year"": 0, ""source_attributes"": {}}"
무신사,루이스 5.5cm 키높이 독일군 스니커즈 올블랙 [225~290mm],루이스 5.5cm 키높이 독일군 스니커즈 올블랙 [225~290mm],,"M,W","25-0121",돌자비,숏/하프 코트,"{""tags"": [""남자독일군스니커즈"", ""남자스니커즈"", ""독일군"", ""독일군스니커즈"", ""스니커즈"", ""여자스니커즈"", ""키높이스니키즈""], ""season"": null, ""season_year"": 0, ""source_attributes"": {}}"
무신사,하이서포트 집업 스포츠브라 단품,하이서포트 집업 스포츠브라 단품,하이서포트 집업 스포츠브라 단품,W,BR268,드리니끄,레더 재킷,"{""tags"": [""SPORTSBRA"", ""스포츠"", ""스포츠브라"", ""여성"", ""운동복"", ""탱크탑""], ""season"": ""2"", ""season_year"": 0, ""source_attributes"": {}}"
무신사,플렉스 라이트 로퍼,플렉스 라이트 로퍼,FLRX-LITE LOAFER,M,NOVERQ,더그린랩,맨투맨/스웨트,"{""tags"": [""로퍼"", ""빈티지"", ""신발"", ""플랫슈즈""], ""season"": null, ""season_year"": 0, ""source_attributes"": {}}"
무신사,익스트림 로우탑 블랙 A20385C,익스트림 로우탑 블랙 a20385c,Extreme Low Top BLACK A20385C,M,A20385C,뉴테입,숏/하프 코트,"{""tags"": [], ""season"": null, ""season_year"": null, ""source_attributes"": {}}"
무신사,홀리 홀스하이드 컴포트 더비 슈즈 브라운,홀리 홀스하이드 컴포트 더비 슈즈 브라운,Holly Horsehide Comfort Derby Shoes Brown,"M,W",SS160HBR,누벨르미에르,트렌치 코트,"{""tags"": [""남성정장구두"", ""남자더비"", ""더비"", ""말가죽"", ""정장구두"", ""캐주얼"", ""포멀룩""], ""season"": null, ""season_year"": 0, ""source_attributes"": {}}"
무신사,XT-6 GTX_L45416900,xt-6 gtx_l45416900,XT-6 GTX_L45416900,M,S260109SXG16,구름킴,블레이저/슈트 재킷,"{""tags"": [], ""season"": ""0"", ""season_year"": 0, ""source_attributes"": {}}"
무신사,GERMAN - 827 (a),german - 827 (a),,M,BFKCDB04,댄크디어,트렌치 코트,"{""tags"": [], ""season"": null, ""season_year"": 0, ""source_attributes"": {}}"
무신사,"1461 벡스 크레이지 호스 다크 브라운 / 27899201","1461 벡스 크레이지 호스 다크 브라운 / 27899201","1461 Bex Dark Brown Crazy Horse","M,W","27899201",누아누,트렌치 코트,"{""tags"": [""1461"", ""14613홀"", ""22F/W신상품"", ""닥터마틴에센셜상품"", ""닥터마틴클래식"", ""더비슈즈"", ""무배당발"", ""벡스"", ""브라운""], ""season"": ""0"", ""season_year"": 0, ""source_attributes"": {}}"
무신사,젤-님버스 10.1 - 화이트:글레이셔 그레이 / 1203A820-100,젤-님버스 10.1 - 화이트:글레이셔 그레이 / 1203a820-100,GEL-NIMBUS 10.1 - WHITE/GLACIER GREY / 1203A820-100,"M,W","1203A820-100",누보텐,플리스 재킷,"{""tags"": [""님버스10.1"", ""아식스님버스"", ""아식스신발"", ""젤님버스"", ""젤님버스10.1""], ""season"": null, ""season_year"": null, ""source_attributes"": {}}"
무신사,USN 70s 홀스하이드 더비 슈즈 블랙,usn 70s 홀스하이드 더비 슈즈 블랙,,M,Y07DH1BK,누벨르미에르,트렌치 코트,"{""tags"": [""25FW신상"", ""결혼식"", ""결혼식구두"", ""하객"", ""하객룩""], ""season"": ""0"", ""season_year"": 0, ""source_attributes"": {}}"
무신사,클럽 C 85 빈티지 - 크림 / DV6434,클럽 c 85 빈티지 - 크림 / dv6434,Club C 85 Vintage - Cream / DV6434,"M,W",RXSOXXCVUE1,더 로우,블레이저/슈트 재킷,"{""tags"": [""스니커즈"", ""운동화"", ""젠더리스"", ""클럽C"", ""클럽C85"", ""클럽C시리즈"", ""헤리티지""], ""season"": null, ""season_year"": 0, ""source_attributes"": {}}"
무신사,여자 숏롱 라인강조 핀턱와이드팬츠 3COLOR,여자 숏롱 라인강조 핀턱와이드팬츠 3color,Women short long pin tuck point wide pants 3colors,W,"5016649106",노잉,미니 스커트,"{""tags"": [""스웨트팬츠"", ""스웻팬츠"", ""와이드팬츠"", ""조거팬츠"", ""트랙팬츠"", ""트레이닝바지"", ""트레이닝팬츠""], ""season"": ""0"", ""season_year"": 0, ""source_attributes"": {""핏"": [""오버 사이즈""], ""계절"": [""봄"", ""여름"", ""가을"", ""겨울""], ""두께"": [""보통""], ""비침"": [""없음""], ""촉감"": [""부드러움""], ""신축성"": [""있음""]}}"
무신사,GUDONGHWA ONE,gudonghwa one,GUDONGHWA ONE,M,NOVERQ,더그린랩,트렌치 코트,"{""tags"": [""구동화"", ""남성구두"", ""더비슈즈"", ""수제화"", ""스니커즈구두"", ""신발""], ""season"": null, ""season_year"": 0, ""source_attributes"": {}}"
무신사,유니 레더 v2 스웨이드 독일군 HPMR6EA301,유니 레더 v2 스웨이드 독일군 hpmr6ea301,유니 레더 v2 스웨이드 독일군 HPMR6EA301,"M,W","5005761026",더니트컴퍼니,스웨트/조거 팬츠,"{""tags"": [""독일군"", ""독일군스니커즈"", ""슈팬"", ""슈펜독일군"", ""슈펜스웨이드독일군"", ""슈펜해피가이정호"", ""스니커즈"", ""스웨이드독일군""], ""season"": null, ""season_year"": 0, ""source_attributes"": {}}"
무신사,스케이트 로퍼 - (스웨이드) 블랙:블랙 / VN000VA6BKA1,스케이트 로퍼 - (스웨이드) 블랙:블랙 / vn000va6bka1,Skate Loafer - SUEDE BLACK/BLACK,"M,W",VN000VA6BKA1,누브,맨투맨/스웨트,"{""tags"": [""겨울추천"", ""로퍼"", ""반스로퍼"", ""반스스니커즈추천"", ""반스스케이트"", ""반스스케이트로퍼"", ""스케이트로퍼""], ""season"": ""2"", ""season_year"": 2025, ""source_attributes"": {}}"
무신사,슈퍼스타 82 - 화이트:블랙 / JI2025,슈퍼스타 82 - 화이트:블랙 / ji2025,SUPERSTAR 82        FTWWHT/CBLACK/OWHITE,"M,W",JI2025,고저,블레이저/슈트 재킷,"{""tags"": [""무배당발"", ""슈퍼스타"", ""슈퍼스타82"", ""아디다스슈퍼스타""], ""season"": ""1"", ""season_year"": 0, ""source_attributes"": {}}"
무신사,KAT - 835 (a),kat - 835 (a),,M,BFKCSN01 - BK,댄크디어,스웨트/조거 팬츠,"{""tags"": [""26SS"", ""구동화"", ""구둥화"", ""남성스니커즈"", ""스니커즈"", ""캐쥬얼화""], ""season"": null, ""season_year"": 0, ""source_attributes"": {}}"
무신사,ORIGINAL 500 첼시부츠_스타우트 브라운,original 500 첼시부츠_스타우트 브라운,ORIGINAL 500 첼시부츠_스타우트 브라운,"M,W",ORIGINAL #500,더노피,롱 패딩,"{""tags"": [""ORIGINALS"", ""남성부츠"", ""베스트셀러"", ""부츠"", ""앵클부츠"", ""여성부츠"", ""여성슈즈부츠"", ""여자부츠"", ""첼시부츠"", ""프리미엄레더""], ""season"": ""0"", ""season_year"": 0, ""source_attributes"": {""무게"": [""보통""], ""쿠션"": [""있음""]}}"
무신사,페라리 스피드캣 - 푸마 블랙-푸마 화이트-로쏘 코르사 / 309404-01,페라리 스피드캣 - 푸마 블랙-푸마 화이트-로쏘 코르사 / 309404-01,Ferrari Speedcat - PUMA Black-PUMA White-Rosso Corsa / 309404-01,"M,W","309404-01",누크피터,블레이저/슈트 재킷,"{""tags"": [""F1"", ""무배당발"", ""스니커즈추천"", ""스피드캣"", ""신발추천"", ""푸마260812"", ""푸마스니커즈"", ""푸마운동화""], ""season"": ""2"", ""season_year"": 2026, ""source_attributes"": {}}"
무신사,토바코 - 브라운 / JP9651,토바코 - 브라운 / jp9651,TOBACCO             BRNDES/CARDBO/GUM4,"M,W",JP9651,고저,블레이저/슈트 재킷,"{""tags"": [""무배당발"", ""무신사단독"", ""슈즈"", ""신발"", ""아디다스토바코"", ""운동화"", ""토바코""], ""season"": ""1"", ""season_year"": 0, ""source_attributes"": {}}"
무신사,슈퍼스타 82 - 블랙:화이트 / JI2026,슈퍼스타 82 - 블랙:화이트 / ji2026,SUPERSTAR 82        CBLACK/FTWWHT/CBLACK,"M,W",JI2026,고저,블레이저/슈트 재킷,"{""tags"": [""무배당발"", ""슈퍼스타"", ""슈퍼스타82"", ""아디다스슈퍼스타""], ""season"": ""1"", ""season_year"": 0, ""source_attributes"": {}}"
무신사,"25Paco JC1301 Venice Ballon Derby shoes 58.5","25paco jc1301 venice ballon derby shoes 58.5",,M,JC1301,더룸,트렌치 코트,"{""tags"": [], ""season"": ""0"", ""season_year"": 0, ""source_attributes"": {}}"
무신사,가먼트다잉 트윌 워크 자켓 [블랙],가먼트다잉 트윌 워크 자켓 [블랙],가먼트다잉 트윌 워크 자켓 [블랙],"M,W",V5FLWJ04,데케트,점프수트/오버올,"{""tags"": [""가을자켓"", ""간절기아우터"", ""셀비지"", ""아우터컬렉션"", ""워크자켓"", ""자켓"", ""트러커"", ""트러커자켓""], ""season"": ""2"", ""season_year"": 2025, ""source_attributes"": {""핏"": [""레귤러"", ""루즈""], ""계절"": [""봄"", ""가을""], ""두께"": [""보통""], ""비침"": [""없음""], ""촉감"": [""보통""], ""신축성"": [""없음""]}}"
무신사,우먼즈 신세틱 레더 카 코트 [브라운],우먼즈 신세틱 레더 카 코트 [브라운],우먼즈 신세틱 레더 카 코트,W,MWFLJ8B07-BR,가까이 유니언즈,스니커즈,"{""tags"": [""간절기아우터"", ""레더자켓"", ""레더재킷"", ""레더카코트"", ""레더코트"", ""신세틱레더"", ""카코트""], ""season"": ""2"", ""season_year"": 2026, ""source_attributes"": {""핏"": [""루즈""], ""계절"": [""봄"", ""가을""], ""두께"": [""보통""], ""비침"": [""없음""], ""촉감"": [""약간 부드러움""], ""신축성"": [""없음""]}}"
무신사,[오정규 x 식스핏] NORM DERBY 더비,[오정규 x 식스핏] norm derby 더비,,M,NORM DERBY,더 긱스,트렌치 코트,"{""tags"": [""23FW신상품"", ""24SS신상품"", ""STANDARD"", ""가죽신발"", ""남자구두"", ""더비"", ""더비슈즈"", ""인플루언서픽"", ""키높이"", ""키높이구두""], ""season"": ""2"", ""season_year"": 2023, ""source_attributes"": {}}"
무신사,UNIFORM Pleats Banding Loafer Dark Brown VTG,uniform pleats banding loafer dark brown vtg,UNIFORM Pleats Banding Loafer Dark Brown VTG,"M,W",UNIFORM Pleats Banding Loafer Dark Brown VTG,더 매드니스,맨투맨/스웨트,"{""tags"": [""남성로퍼"", ""남자구두"", ""남자로퍼"", ""로퍼"", ""셔링로퍼"", ""여자로퍼"", ""플리츠로퍼""], ""season"": ""0"", ""season_year"": 2026, ""source_attributes"": {}}"
무신사,XT-EVO_L49177900,xt-evo_l49177900,XT-EVO_L49177900,M,S260109SEO02,구름킴,블레이저/슈트 재킷,"{""tags"": [], ""season"": ""0"", ""season_year"": 0, ""source_attributes"": {}}"
무신사,"5IN HI 스웨이드 독일군 스니커즈 키높이 버전 - 매트블랙","5in hi 스웨이드 독일군 스니커즈 키높이 버전 - 매트블랙",,"M,W","5IN HI SUEDE GERMAN SNEAKERS",더 긱스,숏/하프 코트,"{""tags"": [""단화"", ""데일리"", ""독일군"", ""독일군스니커즈"", ""스니커즈"", ""스웨이드운동화"", ""인플루언서픽"", ""캐주얼스니커즈""], ""season"": ""1"", ""season_year"": 2025, ""source_attributes"": {}}"
무신사,슈퍼스타 부츠 - 샌드브라운 / JS0703,슈퍼스타 부츠 - 샌드브라운 / js0703,SUPERSTAR BOOT      SANGRE/SANGRE/CBLACK,"M,W",JS0703,고저,숏 팬츠,"{""tags"": [""무배당발"", ""무신사단독"", ""슈퍼스타부츠"", ""아디다스슈퍼스타부츠"", ""윈터슈즈""], ""season"": ""2"", ""season_year"": 2025, ""source_attributes"": {}}"
무신사,(남성) 클레이힐 심 - 다크 샌드 스웨이드 / 26186419,(남성) 클레이힐 심 - 다크 샌드 스웨이드 / 26186419,(M) Cleyhill Seam - Dark Sand Suede / 26186419,M,"26186419",뉴에라,기타 팬츠,"{""tags"": [""더비슈즈"", ""신발추천"", ""클락스슈즈"", ""클락스신발"", ""클락스추천"", ""클레이힐"", ""클레이힐심""], ""season"": ""1"", ""season_year"": 2026, ""source_attributes"": {}}"
무신사,[6.5CM UP] 논슬립 러기드 스웨이드 뮬_브라운,[6.5cm up] 논슬립 러기드 스웨이드 뮬_브라운,[6.5CM UP] NON SLIP RUGGED SUEDE MULE_BROWN,"M,W",TRFSN01BR,갭,블레이저/슈트 재킷,"{""tags"": [""구두"", ""로퍼"", ""스니커즈"", ""스웨이드"", ""슬리퍼"", ""슬립온"", ""키높이""], ""season"": ""2"", ""season_year"": 2026, ""source_attributes"": {""무게"": [""가벼움""], ""쿠션"": [""있음""], ""굽 높이"": [""높음""]}}"
무신사,올드스쿨 - (캔버스) 블랙:블랙 / VN000D3HBKA1,올드스쿨 - (캔버스) 블랙:블랙 / vn000d3hbka1,Old Skool (Canvas) - black/black,"M,W",VN000D3HBKA1,누브,숏/하프 코트,"{""tags"": [""반스보드화"", ""반스봄신발"", ""반스올드스쿨"", ""봄신발추천"", ""올드스쿨"", ""올블랙신발"", ""캔버스올드스쿨"", ""캔버스화"", ""캔버스화추천""], ""season"": null, ""season_year"": 0, ""source_attributes"": {}}"
무신사,테렉스 프리하이커 3 로우 고어텍스 하이킹화 KI8275,테렉스 프리하이커 3 로우 고어텍스 하이킹화 ki8275,테렉스 프리하이커 3 로우 고어텍스 하이킹화 KI8275,M,KI8275,고저,롱 코트,"{""tags"": [""아웃도어""], ""season"": null, ""season_year"": null, ""source_attributes"": {}}"
무신사,SPELL POINT STRIPE WOOL BLENDED KNIT CARDIGAN IN BLACK,spell point stripe wool blended knit cardigan in black,SPELL POINT STRIPE WOOL BLENDED KNIT CARDIGAN IN BLACK,"M,W",MK2500CD716VBB,데케트 우먼,데님 스커트,"{""tags"": [], ""season"": ""2"", ""season_year"": 0, ""source_attributes"": {}}"
무신사,(공용) 헛 목 2 레져 SE - 다크 월넛 / M26A1-UOL812,(공용) 헛 목 2 레져 se - 다크 월넛 / m26a1-uol812,(U) HUT MOC 2 LEISURE SE - DARK WALNUT / M26A1-UOL812,"M,W",M26A1-UOL812,돕,기타 팬츠,"{""tags"": [], ""season"": ""2"", ""season_year"": 2026, ""source_attributes"": {}}"
무신사,SHANGHAI BLACK [VIBRAM],shanghai black [vibram],SHANGHAI BLACK [VIBRAM],"M,W",JOS001,두들리스트,맨투맨/스웨트,"{""tags"": [""구두"", ""남자로퍼"", ""로퍼컬렉션"", ""비브람컬렉션"", ""정장구두"", ""창교체가능슈즈""], ""season"": ""2"", ""season_year"": 0, ""source_attributes"": {}}"
무신사,PETERS BLACK [VIBRAM],peters black [vibram],PETERS BLACK [VIBRAM],M,JOS001,두들리스트,미니 원피스,"{""tags"": [""가죽구두"", ""구두"", ""남자구두"", ""더비"", ""비브람"", ""비브람컬렉션"", ""창교체가능슈즈""], ""season"": ""2"", ""season_year"": 0, ""source_attributes"": {}}"
무신사,우먼즈 소프트 리브드 저지 가디건 [다크 퍼플],우먼즈 소프트 리브드 저지 가디건 [다크 퍼플],우먼즈 소프트 리브드 저지 가디건 [다크 퍼플],W,MWFTL7A04-PD,가까이 유니언즈,데님 스커트,"{""tags"": [""가디건"", ""가을가디건"", ""간절기아우터"", ""슬림가디건"", ""시어"", ""여름가디건"", ""져지가디건""], ""season"": ""2"", ""season_year"": 2026, ""source_attributes"": {""핏"": [""슬림""], ""계절"": [""봄"", ""여름""], ""두께"": [""약간 얇음""], ""비침"": [""약간 있음""], ""촉감"": [""약간 부드러움""], ""신축성"": [""있음""]}}"
무신사,Wind Breaker 6COLORS,wind breaker 6colors,Wind Breaker 6COLORS,W,HT262JK001,네이키드앤페이머스,스포츠화,"{""tags"": [], ""season"": ""0"", ""season_year"": 2026, ""source_attributes"": {}}"
무신사,[린넨 라이크/사계절용선택] TX304 커브드 배기 벌룬 데님 (블랙),[린넨 라이크/사계절용선택] tx304 커브드 배기 벌룬 데님 (블랙),curved baggy balloon fit(black),M,TX304,더블힙스,긴소매 티셔츠,"{""tags"": [""배기팬츠"", ""벌룬팬츠"", ""벌룬핏"", ""여름팬츠"", ""와이드핏"", ""커브드데님"", ""커브드팬츠""], ""season"": ""1"", ""season_year"": 2026, ""source_attributes"": {""핏"": [""루즈"", ""오버 사이즈""], ""계절"": [""봄"", ""여름"", ""가을"", ""겨울""], ""두께"": [""보통""], ""비침"": [""없음""], ""촉감"": [""보통""], ""신축성"": [""거의 없음""]}}"
무신사,"5IN OG - 오리지널 독일군 스니커즈","5in og - 오리지널 독일군 스니커즈","5IN OG - 오리지널 독일군 스니커즈","M,W","5INOG",더 긱스,숏/하프 코트,"{""tags"": [""남자신발"", ""단화"", ""독일군"", ""독일군스니커즈"", ""베스트인기상품"", ""브랜드위크"", ""스니커즈추천"", ""스탠다드"", ""인플루언서픽""], ""season"": ""0"", ""season_year"": 2024, ""source_attributes"": {""무게"": [""보통""], ""쿠션"": [""있음""], ""굽 높이"": [""높음""]}}"
무신사,(남성) 헤리티지 목토 GTX 미드 - 라이트 그린 스웨이드 / A2JU5-EBM,(남성) 헤리티지 목토 gtx 미드 - 라이트 그린 스웨이드 / a2ju5-ebm,(M) TIMBERLAND HERITAGE MID LACE GTX BOOT - LIGHT GREEN SUEDE / A2JU5-EBM,M,A2JU5-EBM,댕글드랍,레깅스,"{""tags"": [""목토"", ""무배당발"", ""무신사단독"", ""워커추천"", ""팀버랜드워커"", ""헤리티지목토""], ""season"": ""1"", ""season_year"": 2026, ""source_attributes"": {}}"
무신사,[미누의코디 x 식스핏]BOLD TOE DERBY (BROWN),[미누의코디 x 식스핏]bold toe derby (brown),,M,BOLD TOE DERBY,더 긱스,트렌치 코트,"{""tags"": [""남자구두"", ""더비"", ""모카무스"", ""볼드토더비"", ""스웨이드패션"", ""인플루언서픽"", ""키높이구두""], ""season"": ""1"", ""season_year"": 2025, ""source_attributes"": {}}"
무신사,남성 6인치 레이스업 베이직 부츠 블랙_TB1A27X60151,남성 6인치 레이스업 베이직 부츠 블랙_tb1a27x60151,남성 6인치 레이스업 베이직 부츠 블랙_TB1A27X60151,"M,W",TB1A27X60151,댕글드랍,숏 팬츠,"{""tags"": [""6인치부츠"", ""팀버랜드위탁""], ""season"": ""0"", ""season_year"": 2024, ""source_attributes"": {}}"
무신사,빈티지 워시드 필드 자켓_차콜,빈티지 워시드 필드 자켓_차콜,,"M,W",MW262JK1CH,네헤스,기타 원피스·스커트,"{""tags"": [""26FW"", ""가을아우터"", ""사파리자켓"", ""아우터"", ""야상"", ""워크자켓"", ""점퍼""], ""season"": ""2"", ""season_year"": 2026, ""source_attributes"": {""핏"": [""루즈""], ""계절"": [""봄"", ""가을"", ""겨울""], ""두께"": [""보통"", ""약간 두꺼움""], ""비침"": [""없음""], ""촉감"": [""보통""], ""신축성"": [""보통""]}}"
무신사,후드 디테처블 신세틱 레더 자켓_블랙 9176361972,후드 디테처블 신세틱 레더 자켓_블랙 9176361972,,W,"2606948818",노든,스니커즈,"{""tags"": [""가을룩"", ""가을캐주얼코디"", ""가을코디"", ""레더자켓"", ""스튜디오톰보이자켓"", ""톰보이자켓"", ""후드자켓""], ""season"": ""2"", ""season_year"": 2026, ""source_attributes"": {}}"
무신사,[DIVEIN X 무민서] WASHED VERN CARGO PANTS (BLUE),[divein x 무민서] washed vern cargo pants (blue),[DIVEIN X MUMINSEO] WASHED VERN CARGO PANTS (BLUE),M,D26F-PT32BL,구아브,롱/맥시 원피스,"{""tags"": [], ""season"": ""2"", ""season_year"": 2026, ""source_attributes"": {}}"
무신사,[오리지널/-5cm] 빈티지 워시드 배럴 코튼 팬츠 [베이지],[오리지널/-5cm] 빈티지 워시드 배럴 코튼 팬츠 [베이지],[ORIGINAL/-5cm] VINTAGE WASHED BARREL COTTON PANTS [BEIGE],"M,W",S26FW_PT_001_BE,논타입,롱/맥시 원피스,"{""tags"": [""26FW"", ""배럴팬츠"", ""배럴핏팬츠"", ""삭형"", ""커브드진"", ""커브드팬츠"", ""코튼팬츠""], ""season"": ""2"", ""season_year"": 2026, ""source_attributes"": {}}"
무신사,스트레이트 셀비지 B32 데님 팬츠 로우,스트레이트 셀비지 b32 데님 팬츠 로우,스트레이트 셀비지 B32 데님 팬츠 로우,M,PJTF5SZB321DI0,더바넷,긴소매 티셔츠,"{""tags"": [""데님"", ""데님바지"", ""데님팬츠"", ""생지"", ""셀비지"", ""청바지""], ""season"": ""2"", ""season_year"": 2023, ""source_attributes"": {""핏"": [""레귤러""], ""계절"": [""봄"", ""여름"", ""가을"", ""겨울""], ""두께"": [""보통""], ""비침"": [""없음""], ""촉감"": [""약간 뻣뻣함""], ""신축성"": [""없음""]}}"
무신사,와이드 히든 밴딩 슬랙스 [블랙],와이드 히든 밴딩 슬랙스 [블랙],WIDE HIDDEN BANDING SLACKS [BLACK],M,MM0PL0Z04-BK,골든베어,미디 원피스,"{""tags"": [""남성정장"", ""루즈핏"", ""밴딩바지"", ""셋업"", ""슬랙스컬렉션"", ""와이드슬랙스"", ""와이드팬츠"", ""정장바지""], ""season"": ""0"", ""season_year"": null, ""source_attributes"": {""핏"": [""루즈""], ""계절"": [""봄"", ""가을"", ""겨울""], ""두께"": [""보통""], ""비침"": [""없음""], ""촉감"": [""보통""], ""신축성"": [""있음""]}}"
무신사,[NERDKING x ALYSS] 슬릭 커브드 코튼 치노 팬츠_4COLOR,[nerdking x alyss] 슬릭 커브드 코튼 치노 팬츠_4color,[NERDKING X ALYSS] SLEEK CURVED COTTON PANTS [3COLOR],M,ALSPT6243,고하더,롱/맥시 원피스,"{""tags"": [""너드킹"", ""너드킹×알리스"", ""와이드팬츠"", ""청바지"", ""치노팬츠"", ""커브드팬츠"", ""코튼팬츠""], ""season"": ""1"", ""season_year"": 2026, ""source_attributes"": {}}"
무신사,[오리지널/-5cm] 빈티지 워시드 배럴 코튼 팬츠 [브라운],[오리지널/-5cm] 빈티지 워시드 배럴 코튼 팬츠 [브라운],[ORIGINAL/-5cm] VINTAGE WASHED BARREL COTTON PANTS [BROWN],"M,W",S26FW_PT_001_BR,논타입,롱/맥시 원피스,"{""tags"": [""26FW"", ""배럴팬츠"", ""배럴핏팬츠"", ""삭형"", ""커브드진"", ""커브드팬츠"", ""코튼팬츠""], ""season"": ""2"", ""season_year"": 2026, ""source_attributes"": {}}"
무신사,[10주년기획] © 모두의 밴딩 커브드 슬랙스_3 COLOR,[10주년기획] © 모두의 밴딩 커브드 슬랙스_3 color,EVERYONES BANDING CURVED SLACKS,"M,W",DBF1PL04,구찌,미디 원피스,"{""tags"": [""루즈핏"", ""미니멀"", ""세미와이드"", ""와이드핏"", ""젠더리스"", ""캐주얼"", ""팬츠""], ""season"": ""0"", ""season_year"": 2026, ""source_attributes"": {""핏"": [""레귤러""], ""계절"": [""봄"", ""여름"", ""가을""], ""두께"": [""보통""], ""비침"": [""없음""], ""촉감"": [""보통""], ""신축성"": [""보통""]}}"
무신사,[젠플록스X아워데이즈] 세미 커브드 치노 팬츠 [3COLORS],[젠플록스x아워데이즈] 세미 커브드 치노 팬츠 [3colors],[JENFLOX X OURDAYZ] CURVED CHINO PANTS [3COLORS],"M,W",ODPT6312,논앤논,롱/맥시 원피스,"{""tags"": [""남자바지"", ""데일리팬츠"", ""면바지"", ""바지"", ""치노팬츠"", ""코튼팬츠"", ""팬츠""], ""season"": ""2"", ""season_year"": 2026, ""source_attributes"": {}}"
무신사,[DIVEIN X 무민서] WASHED VERN CARGO PANTS (BLACK),[divein x 무민서] washed vern cargo pants (black),[DIVEIN X MUMINSEO] WASHED VERN CARGO PANTS (BLACK),M,D26F-PT32BK,구아브,롱/맥시 원피스,"{""tags"": [], ""season"": ""2"", ""season_year"": 2026, ""source_attributes"": {}}"
무신사,타슬란 윈드 테이커 자켓-블랙,타슬란 윈드 테이커 자켓-블랙,Taslan Wind Taker Jacket-Black,"M,W",Taslan Wind Taker Jacket,그라퍼리즈,스포츠화,"{""tags"": [""ALLSEASON"", ""고프코어"", ""라이트"", ""바람막이"", ""써머윈드브레이커"", ""아노락"", ""윈드브레이커"", ""장마"", ""젠더리스"", ""캐리오버""], ""season"": null, ""season_year"": 0, ""source_attributes"": {""핏"": [""오버 사이즈""], ""계절"": [""봄"", ""여름"", ""가을"", ""겨울""], ""두께"": [""보통""], ""비침"": [""없음""], ""촉감"": [""부드러움""], ""신축성"": [""없음""]}}"
무신사,엑스트라 와이드 투 턱 히든 밴딩 슬랙스 [블랙],엑스트라 와이드 투 턱 히든 밴딩 슬랙스 [블랙],EXTRA WIDE TWO TUCK HIDDEN BANDING SLACKS [BLACK],M,MMFPL3C03-BK,골든베어,미디 원피스,"{""tags"": [""남성정장"", ""남자슬랙스"", ""밴딩슬랙스"", ""슬랙스"", ""와이드"", ""와이드슬랙스"", ""와이드팬츠"", ""이도현PICK"", ""이도현픽"", ""투턱""], ""season"": ""1"", ""season_year"": 2026, ""source_attributes"": {""핏"": [""오버 사이즈""], ""계절"": [""봄"", ""가을"", ""겨울""], ""두께"": [""보통""], ""비침"": [""없음""], ""촉감"": [""보통""], ""신축성"": [""약간 있음""]}}"
무신사,크링클 신세틱 레더 싱글 재킷 [블랙],크링클 신세틱 레더 싱글 재킷 [블랙],CRINKLE SYNTHETIC LEATHER SINGLE JACKET [BLACK],M,MMFLJ1B03-BK,골든베어,스니커즈,"{""tags"": [""26SS"", ""가죽자켓"", ""간절기아우터"", ""간절기자켓"", ""네오그런지"", ""레더자켓"", ""레더재킷"", ""미니멀자켓"", ""이도현PICK"", ""이도현픽""], ""season"": ""1"", ""season_year"": 2026, ""source_attributes"": {""핏"": [""레귤러""], ""계절"": [""봄"", ""가을"", ""겨울""], ""두께"": [""보통""], ""비침"": [""없음""], ""촉감"": [""보통""], ""신축성"": [""없음""]}}"
무신사,스피드캣 웨지 우먼스 - 토탈리 타우페 : 초콜렛 / 407878-01,스피드캣 웨지 우먼스 - 토탈리 타우페 : 초콜렛 / 407878-01,Speedcat Wedge Wns - Totally Taupe-Chocolate / 407878-01,"M,W","407878-01",누크피터,블레이저/슈트 재킷,"{""tags"": [""무배당발"", ""스피드캣""], ""season"": ""0"", ""season_year"": 2026, ""source_attributes"": {}}"
무신사,[젠플록스x웬즈데이오아시스] (기장선택) 딥 원턱 하프밴딩 슬랙스_3COLOR,[젠플록스x웬즈데이오아시스] (기장선택) 딥 원턱 하프밴딩 슬랙스_3color,[젠플록스x웬즈데이오아시스] (기장선택) 딥 원턱 하프밴딩 슬랙스_3COLOR,M,"26AUTUMN_2",골든아이,미디 원피스,"{""tags"": [""남자슬랙스"", ""바지"", ""슬랙스"", ""원턱슬랙스"", ""정장바지"", ""팬츠"", ""하프밴딩""], ""season"": null, ""season_year"": 0, ""source_attributes"": {}}"
무신사,브루니 커브드 데님팬츠 (생지),브루니 커브드 데님팬츠 (생지),,"M,W",ANFW712,더블유브이프로젝트,긴소매 티셔츠,"{""tags"": [], ""season"": null, ""season_year"": 0, ""source_attributes"": {""계절"": [""가을"", ""겨울""], ""비침"": [""없음""], ""촉감"": [""보통""], ""신축성"": [""보통""]}}"
무신사,[오리지널/-5cm] 빈티지 워시드 배럴 데님 팬츠 [블랙],[오리지널/-5cm] 빈티지 워시드 배럴 데님 팬츠 [블랙],[ORIGINAL/-5cm] VINTAGE WASHED BARREL DENIM PANTS [BLACK],"M,W",S2630DN41_BK,논타입,긴소매 티셔츠,"{""tags"": [""26FW"", ""배럴팬츠"", ""배럴핏팬츠"", ""삭형"", ""커브드진"", ""커브드팬츠""], ""season"": ""2"", ""season_year"": 2026, ""source_attributes"": {}}"
무신사,엑스트라 와이드 투 턱 히든 밴딩 슬랙스 [미디엄 그레이],엑스트라 와이드 투 턱 히든 밴딩 슬랙스 [미디엄 그레이],EXTRA WIDE TWO TUCK HIDDEN BANDING SLACKS [MEDIUM GREY],M,MMFPL3C03-MR,골든베어,미디 원피스,"{""tags"": [""남자슬랙스"", ""밴딩"", ""밴딩슬랙스"", ""슬랙스"", ""와이드"", ""와이드슬랙스"", ""와이드팬츠"", ""턱"", ""투턱"", ""히든밴딩""], ""season"": ""1"", ""season_year"": 2026, ""source_attributes"": {""핏"": [""오버 사이즈""], ""계절"": [""봄"", ""가을"", ""겨울""], ""두께"": [""보통""], ""비침"": [""없음""], ""촉감"": [""보통""], ""신축성"": [""약간 있음""]}}"
무신사,[여름원단추가] 유니섹스 세미 와이드 밴딩 슬랙스 블랙,[여름원단추가] 유니섹스 세미 와이드 밴딩 슬랙스 블랙,unisex semi wide banding slacks,M,"1804050",더바이닐하우스,미디 원피스,"{""tags"": [""밴딩"", ""밴딩팬츠"", ""세미와이드"", ""슬랙스"", ""시그니처컬렉션"", ""여름바지"", ""와이드"", ""와이드팬츠"", ""젠더리스"", ""하객룩""], ""season"": ""0"", ""season_year"": 0, ""source_attributes"": {}}"
무신사,[쿨탠다드] 와이드 히든 밴딩 슬랙스 [블랙],[쿨탠다드] 와이드 히든 밴딩 슬랙스 [블랙],COOLTANDARD WIDE HIDDEN BANDING SLACKS [BLACK],M,MMAPL6Z01-BK,골든베어,미디 원피스,"{""tags"": [""슬랙스컬렉션"", ""와이드슬랙스"", ""정장바지"", ""쿨맥스"", ""쿨아이템"", ""쿨탠다드""], ""season"": ""1"", ""season_year"": null, ""source_attributes"": {""핏"": [""루즈""], ""계절"": [""봄"", ""여름""], ""두께"": [""얇음""], ""비침"": [""없음""], ""촉감"": [""보통""], ""신축성"": [""있음""]}}"
무신사,GT-2160-블랙:실버/1203A275-001,gt-2160-블랙:실버/1203a275-001,GT-2160-BLACK/PURE SILVER/1203A275-001,"M,W","1203A275-001",누보텐,블레이저/슈트 재킷,"{""tags"": [""GT-2160"", ""신발"", ""아식스260820"", ""아식스GT-2160"", ""운동화"", ""패션""], ""season"": null, ""season_year"": null, ""source_attributes"": {}}"
무신사,TCORE - 839(a),tcore - 839(a),,M,BFKCDB01,댄크디어,트렌치 코트,"{""tags"": [""26SS"", ""가죽신발"", ""결혼식구두"", ""남자더비"", ""더비""], ""season"": null, ""season_year"": 0, ""source_attributes"": {}}"
무신사,에어 포스 1 07 LX Vibram® M - 펜슬 포인트:오프 누아르:스피드 옐로우:블랙 / IH1943-001,에어 포스 1 07 lx vibram® m - 펜슬 포인트:오프 누아르:스피드 옐로우:블랙 / ih1943-001,AIR FORCE 1 07 LOW LX VIBRAM - PENCIL POINT/BLACK-OFF NOIR-SPEED YELLOW,M,IH1943-001,내셔널지오그래픽,블레이저/슈트 재킷,"{""tags"": [""나이키스니커즈"", ""나이키에어포스"", ""데일리스니커즈"", ""비브람에어포스""], ""season"": null, ""season_year"": null, ""source_attributes"": {}}"
지그재그,[블라우스후기1등][하객룩][l.m.w] 라튤립 스트랩 반팔 블라우스 (bl),[블라우스후기1등][하객룩][l.m.w] 라튤립 스트랩 반팔 블라우스 (bl),,,,디미트리블랙,,"{""shop_name"": ""메리어라운드""}"
무신사,에브리데이 커브드 팬츠 [블랙],에브리데이 커브드 팬츠 [블랙],Everyday Curved Pants [Black],M,L25SPPA00301,그래프플랫폼,긴소매 티셔츠,"{""tags"": [""데님"", ""데님팬츠"", ""바지"", ""와이드데님"", ""와이드팬츠"", ""와이드핏"", ""청바지"", ""팬츠""], ""season"": ""0"", ""season_year"": 0, ""source_attributes"": {""핏"": [""오버 사이즈""], ""계절"": [""봄"", ""여름"", ""가을"", ""겨울""], ""두께"": [""보통""], ""비침"": [""없음""], ""촉감"": [""보통""], ""신축성"": [""없음""]}}"
무신사,파이핑 라인 트랙 스트링 팬츠 (BLACK),파이핑 라인 트랙 스트링 팬츠 (black),Piping line track string pants (BLACK),M,T3F-PLTSPT414,나드빌리지,미니 스커트,"{""tags"": [""고프코어"", ""바지"", ""밴딩팬츠"", ""봄시즌오프"", ""스웨트팬츠"", ""조거팬츠"", ""트랙팬츠"", ""트레이닝바지"", ""팬츠""], ""season"": null, ""season_year"": 0, ""source_attributes"": {}}"
무신사,커브드 데님 팬츠 (8 colors),커브드 데님 팬츠 (8 colors),CURVED DENIM PANTS (8 colors),M,MMFNP4A19,골든베어,긴소매 티셔츠,"{""tags"": [""26FW"", ""남자데님"", ""데님시리즈"", ""배럴팬츠"", ""와이드팬츠"", ""이도현PICK"", ""이도현픽"", ""커브드팬츠""], ""season"": ""1"", ""season_year"": 2026, ""source_attributes"": {""핏"": [""오버 사이즈""], ""계절"": [""봄"", ""가을"", ""겨울""], ""두께"": [""보통""], ""비침"": [""없음""], ""촉감"": [""보통""], ""신축성"": [""없음""]}}"
무신사,B-SYMBOL LOGO NYLON JOGGER PANTS [BLACK],b-symbol logo nylon jogger pants [black],B-SYMBOL LOGO NYLON JOGGER PANTS [BLACK],M,BG5MLP206BK,굿뉴스,민소매/슬리브리스,"{""tags"": [], ""season"": ""2"", ""season_year"": 0, ""source_attributes"": {}}"
무신사,데미지 워시드 데님 팬츠-미디엄 블루,데미지 워시드 데님 팬츠-미디엄 블루,Damage Washed Denim Pants-Medium Blue,"M,W",Damage Washed Denim Pants-mb,그라퍼리즈,긴소매 티셔츠,"{""tags"": [""ALLSEASON"", ""데님"", ""데님와이드핏"", ""바지"", ""스테디셀러"", ""와이드팬츠"", ""워싱진"", ""청바지"", ""캐리오버"", ""팬츠""], ""season"": ""1"", ""season_year"": 2026, ""source_attributes"": {""핏"": [""오버 사이즈""], ""계절"": [""봄"", ""여름"", ""가을"", ""겨울""], ""두께"": [""보통""], ""비침"": [""없음""], ""촉감"": [""부드러움""], ""신축성"": [""있음""]}}"
무신사,더블니 85283 루즈핏 워크팬츠 Black,더블니 85283 루즈핏 워크팬츠 black,더블니 85283 루즈핏 워크팬츠 Black,"M,W",DK010610BLK,글림퍼,롱/맥시 원피스,"{""tags"": [""85283"", ""85283WORKPANTS"", ""더블니팬츠"", ""면바지"", ""바지"", ""아이콘"", ""워크팬츠"", ""코튼팬츠"", ""팬츠""], ""season"": ""2"", ""season_year"": 0, ""source_attributes"": {}}"
무신사,[시티 레저] 와이드 벨티드 카고 팬츠 [블랙],[시티 레저] 와이드 벨티드 카고 팬츠 [블랙],CITY LEISURE WIDE BELTED CARGO PANTS [BLACK],M,MMCPC0Z02-BK,골든베어,미니 스커트,"{""tags"": [""남자바지"", ""면바지"", ""시티레저"", ""시티레저컬렉션"", ""와이드팬츠"", ""카고바지"", ""카고팬츠"", ""코튼팬츠"", ""팬츠장바구니쿠폰""], ""season"": ""2"", ""season_year"": 2023, ""source_attributes"": {""핏"": [""오버 사이즈""], ""계절"": [""봄"", ""여름"", ""가을""], ""두께"": [""보통""], ""비침"": [""없음""], ""촉감"": [""보통""], ""신축성"": [""없음""]}}"
무신사,파라슈트 와이드 카고 팬츠 [8COLOR],파라슈트 와이드 카고 팬츠 [8color],Parachute Wide Cargo Pants [8COLOR],M,LRPT3203,더엣지,미니 스커트,"{""tags"": [""고프코어"", ""나일론팬츠"", ""맨즈BEST"", ""와이드팬츠"", ""유튜버PICK"", ""조거바지"", ""조거팬츠"", ""카고바지"", ""카고팬츠"", ""팬츠""], ""season"": ""0"", ""season_year"": 2024, ""source_attributes"": {}}"
무신사,와이드 히든 밴딩 슬랙스 [미디엄 그레이],와이드 히든 밴딩 슬랙스 [미디엄 그레이],WIDE HIDDEN BANDING SLACKS [MEDIUM GREY],M,MM0PL0Z04-MR,골든베어,미디 원피스,"{""tags"": [""남성정장"", ""루즈핏"", ""밴딩바지"", ""셋업"", ""슬랙스컬렉션"", ""와이드슬랙스"", ""와이드팬츠"", ""정장바지"", ""팬츠장바구니쿠폰""], ""season"": ""0"", ""season_year"": null, ""source_attributes"": {""핏"": [""루즈""], ""계절"": [""봄"", ""가을"", ""겨울""], ""두께"": [""보통""], ""비침"": [""없음""], ""촉감"": [""보통""], ""신축성"": [""있음""]}}"
무신사,코튼 딥 턱 와이드 밴딩 팬츠 [베이지],코튼 딥 턱 와이드 밴딩 팬츠 [베이지],COTTON DEEP TUCK WIDE BANDING PANTS [BEIGE],M,MMDPC3Z11-BE,골든베어,롱/맥시 원피스,"{""tags"": [""24SS신상"", ""면바지"", ""밴딩바지"", ""와이드핏"", ""이지웨어"", ""코튼팬츠"", ""팬츠장바구니쿠폰"", ""편한바지""], ""season"": ""1"", ""season_year"": 2024, ""source_attributes"": {""핏"": [""레귤러""], ""계절"": [""봄"", ""여름"", ""가을""], ""두께"": [""보통""], ""비침"": [""없음""], ""촉감"": [""약간 부드러움"", ""보통""], ""신축성"": [""거의 없음""]}}"
무신사,레플리카 퍼티그 팬츠 [카키],레플리카 퍼티그 팬츠 [카키],REPLICA FATIGUE PANTS [KHAKI],M,MMJPC9Z04-KH,골든베어,롱/맥시 원피스,"{""tags"": [""레플리카"", ""면바지"", ""밀리터리"", ""바지"", ""백사틴"", ""백사틴컬렉션"", ""워크웨어"", ""치노팬츠"", ""팬츠장바구니쿠폰""], ""season"": ""2"", ""season_year"": null, ""source_attributes"": {""핏"": [""레귤러""], ""계절"": [""봄"", ""가을""], ""두께"": [""보통""], ""비침"": [""없음""], ""촉감"": [""보통""], ""신축성"": [""없음""]}}"
무신사,바이퍼 왁스코팅 플레어 데님 블랙,바이퍼 왁스코팅 플레어 데님 블랙,Viper Wax Coating Flare Denim Black,M,L6AD0016BK,돈애스크마이플랜,긴소매 티셔츠,"{""tags"": [""26FW"", ""데님"", ""팬츠""], ""season"": ""2"", ""season_year"": 2026, ""source_attributes"": {}}"
무신사,(공용) 웨이브 라이더 10 - 화이트:썬스트럭:매저린 블루 / D1GA210400,(공용) 웨이브 라이더 10 - 화이트:썬스트럭:매저린 블루 / d1ga210400,(U) WAVE RIDER 10 - White/sunstruck/Mazarine Blue / D1GA210400,"M,W",D1GA210400,돌체앤가바나,슬랙스,"{""tags"": [""데일리"", ""러닝"", ""러닝화"", ""러닝화추천"", ""무배당발"", ""미즈노슈즈"", ""미즈노스니커즈"", ""미즈노신발"", ""웨이브라이더""], ""season"": ""1"", ""season_year"": 2024, ""source_attributes"": {}}"
무신사,[NERDKING x ALYSS] 슬릭 커브드 데님 팬츠_4COLOR,[nerdking x alyss] 슬릭 커브드 데님 팬츠_4color,[NERDKING X ALYSS] SLEEK CURVED LINEN-LIKE DENIM PANTS [3COLOR],M,ALSPT6244,고하더,긴소매 티셔츠,"{""tags"": [""너드킹"", ""너드킹×알리스"", ""여름바지"", ""와이드팬츠"", ""치노팬츠"", ""커브드팬츠"", ""코튼팬츠""], ""season"": ""1"", ""season_year"": 2026, ""source_attributes"": {}}"
무신사,Deep One Tuck Sweat Pants [Black],deep one tuck sweat pants [black],Deep One Tuck Sweat Pants [Black],"M,W","2020F10",더블유엠씨,미니 스커트,"{""tags"": [""딥원턱스웨트팬츠"", ""블랙"", ""스웨트컬렉션"", ""스웨트팬츠"", ""스웻팬츠"", ""와이드팬츠"", ""원턱팬츠"", ""트레이닝팬츠"", ""플리츠팬츠""], ""season"": null, ""season_year"": 0, ""source_attributes"": {""핏"": [""오버 사이즈""], ""계절"": [""봄"", ""가을"", ""겨울""], ""두께"": [""보통""], ""비침"": [""없음""], ""촉감"": [""약간 부드러움""], ""신축성"": [""있음""]}}"
무신사,Deep One Tuck Sweat Shorts [Black],deep one tuck sweat shorts [black],Deep One Tuck Sweat Shorts [Black],"M,W","2021HS03",더블유엠씨,피케/카라 티셔츠,"{""tags"": [""반바지"", ""버뮤다팬츠"", ""쇼츠"", ""쇼츠컬렉션"", ""숏팬츠"", ""스웨트쇼츠"", ""스웨트컬렉션"", ""스웻"", ""여름바지""], ""season"": null, ""season_year"": 0, ""source_attributes"": {""핏"": [""오버 사이즈""], ""계절"": [""여름""], ""두께"": [""약간 얇음""], ""비침"": [""없음""], ""촉감"": [""약간 부드러움""], ""신축성"": [""있음""]}}"
무신사,모어 와이드 데님 팬츠 (WASHED RAW BLACK),모어 와이드 데님 팬츠 (washed raw black),MORE WIDE DENIM PANTS (WASHED RAW BLACK),M,T3S-MWDPTWRB,나드빌리지,긴소매 티셔츠,"{""tags"": [""데님바지"", ""데님팬츠"", ""봄시즌오프"", ""와이드데님"", ""와이드팬츠"", ""워싱데님"", ""청바지"", ""팬츠""], ""season"": null, ""season_year"": 0, ""source_attributes"": {}}"
무신사,테이퍼드 히든 밴딩 크롭 슬랙스 [블랙],테이퍼드 히든 밴딩 크롭 슬랙스 [블랙],TAPERED HIDDEN BANDING CROP SLACKS [BLACK],M,MM0PL3Z01-BK,골든베어,미디 원피스,"{""tags"": [""남성정장"", ""밴딩바지"", ""블록코어"", ""셋업"", ""슬랙스컬렉션"", ""정장바지"", ""정장팬츠"", ""팬츠장바구니쿠폰"", ""허리밴딩""], ""season"": ""0"", ""season_year"": null, ""source_attributes"": {""핏"": [""슬림""], ""계절"": [""봄"", ""가을"", ""겨울""], ""두께"": [""보통""], ""비침"": [""없음""], ""촉감"": [""보통""], ""신축성"": [""있음""]}}"
무신사,스트레이트 히든 밴딩 슬랙스 [블랙],스트레이트 히든 밴딩 슬랙스 [블랙],STRAIGHT HIDDEN BANDING SLACKS [BLACK],M,MMBPL0Z11-BK,골든베어,미디 원피스,"{""tags"": [""남성정장"", ""밴딩슬랙스"", ""슬랙스컬렉션"", ""슬림핏"", ""정장바지""], ""season"": ""1"", ""season_year"": 2022, ""source_attributes"": {""핏"": [""슬림""], ""계절"": [""봄"", ""가을"", ""겨울""], ""두께"": [""보통""], ""비침"": [""없음""], ""촉감"": [""보통""], ""신축성"": [""있음""]}}"
무신사,액티브 쇼츠 8 color,액티브 쇼츠 8 color,Active shorts 8 color,M,HD22SHP03C01,더티아이디어,미디 스커트,"{""tags"": [""BESTITEM"", ""남자반바지"", ""쇼츠"", ""숏바지"", ""숏팬츠""], ""season"": ""0"", ""season_year"": 2022, ""source_attributes"": {}}"
무신사,"26 FW 스트레이트 카치온 팬츠 (3컬러)","26 fw 스트레이트 카치온 팬츠 (3컬러)","26 FW Straight Cation Pants (3 Colors)",M,"5010101468",구미코,롱/맥시 원피스,"{""tags"": [""가을"", ""겨울"", ""세미와이드"", ""와이드"", ""치노팬츠"", ""코튼팬츠"", ""화이트""], ""season"": ""2"", ""season_year"": 2026, ""source_attributes"": {""핏"": [""레귤러"", ""루즈""], ""계절"": [""봄"", ""가을"", ""겨울""], ""비침"": [""없음""], ""신축성"": [""보통""]}}"
무신사,[V2] M65 WIDE CARGO PANTS [KHAKI],[v2] m65 wide cargo pants [khaki],[V2] M65 WIDE CARGO PANTS [KHAKI],M,UNION-PT25KK,공에이프런,롱/맥시 원피스,"{""tags"": [""26S/S컬렉션""], ""season"": null, ""season_year"": 0, ""source_attributes"": {}}"
무신사,(남성) 스피드고트 7 - 블랙:아우터 오르빗 / 1171928-BCKT,(남성) 스피드고트 7 - 블랙:아우터 오르빗 / 1171928-bckt,(M) Speedgoat 7 - BLACK / OUTER ORBIT / 1171928-BCKT,M,"1171928-BCKT",더 베리 띵,슬랙스,"{""tags"": [""러닝화"", ""본디9와이드"", ""신발추천"", ""운동화추천"", ""호카스니커즈"", ""호카신발"", ""호카운동화"", ""호카추천""], ""season"": ""1"", ""season_year"": 2026, ""source_attributes"": {}}"
무신사,"501® 오리지널 RIGID 진 00501-0000","501® 오리지널 rigid 진 00501-0000",,M,"00501-0000",돈웨이크미업,긴소매 티셔츠,"{""tags"": [""501"", ""데님"", ""데님팬츠"", ""스트레이트핏"", ""연말결산세일"", ""워싱데님"", ""청바지""], ""season"": null, ""season_year"": null, ""source_attributes"": {}}"
무신사,루시안 클래식 4cm 페니로퍼 블랙 [250-290mm 5단위],루시안 클래식 4cm 페니로퍼 블랙 [250-290mm 5단위],,M,"25-046",돌자비,맨투맨/스웨트,"{""tags"": [""구두"", ""남성로퍼"", ""남자구두"", ""남자로퍼"", ""로퍼"", ""정장구두"", ""페니로퍼""], ""season"": null, ""season_year"": 0, ""source_attributes"": {}}"
무신사,릴렉스드 테이퍼드 히든 밴딩 크롭 슬랙스 [블랙],릴렉스드 테이퍼드 히든 밴딩 크롭 슬랙스 [블랙],RELAXED TAPERED HIDDEN BANDING CROP SLACKS [BLACK],M,MMAPL3Z06-BK,골든베어,미디 원피스,"{""tags"": [""기본슬랙스"", ""남성정장"", ""밴딩바지"", ""셋업"", ""슬랙스컬렉션"", ""정장바지"", ""정장팬츠"", ""팬츠장바구니쿠폰""], ""season"": ""2"", ""season_year"": null, ""source_attributes"": {""핏"": [""슬림""], ""계절"": [""봄"", ""가을"", ""겨울""], ""두께"": [""보통""], ""비침"": [""없음""], ""촉감"": [""보통""], ""신축성"": [""있음""]}}"
무신사,빈티지 페이드 와이드 워싱 데님 팬츠 [BLACK],빈티지 페이드 와이드 워싱 데님 팬츠 [black],Wide washed denim pants [Black],M,"5011900094",더파코,긴소매 티셔츠,"{""tags"": [""데님팬츠"", ""블랙진"", ""와이드팬츠"", ""와이드핏"", ""워싱데님"", ""청바지"", ""팬츠""], ""season"": ""0"", ""season_year"": 0, ""source_attributes"": {""핏"": [""루즈"", ""오버 사이즈""], ""계절"": [""봄"", ""여름"", ""가을"", ""겨울""], ""두께"": [""보통""], ""비침"": [""없음""], ""촉감"": [""뻣뻣함""], ""신축성"": [""없음""]}}"
무신사,라이크 린넨 원턱 와이드 밴딩 팬츠 3Color,라이크 린넨 원턱 와이드 밴딩 팬츠 3color,Likelinen one-tuck wide banding pants 3 Colors,M,MUN074,그라운즈스웻,롱/맥시 원피스,"{""tags"": [""린넨팬츠"", ""바지"", ""밴딩팬츠"", ""슬랙스"", ""여름바지"", ""와이드팬츠"", ""팬츠""], ""season"": ""1"", ""season_year"": 2026, ""source_attributes"": {""계절"": [""봄"", ""여름"", ""가을""], ""두께"": [""약간 얇음"", ""보통""], ""비침"": [""보통""], ""촉감"": [""보통""], ""신축성"": [""없음""]}}"
무신사,[시티 레저] CN 벨티드 유틸리티 팬츠 [블랙],[시티 레저] cn 벨티드 유틸리티 팬츠 [블랙],CITY LEISURE CN BELTED UTILITY PANTS [BLACK],M,MMDPC4Z82-BK,골든베어,롱/맥시 스커트,"{""tags"": [""시티레저"", ""시티레저컬렉션"", ""유틸리티"", ""카고바지"", ""캐주얼팬츠""], ""season"": ""2"", ""season_year"": 2024, ""source_attributes"": {""핏"": [""루즈""], ""계절"": [""봄"", ""여름""], ""두께"": [""약간 얇음""], ""비침"": [""없음""], ""촉감"": [""보통""], ""신축성"": [""거의 없음""]}}"
무신사,TX301 커브드 배기 벌룬 데님 (중청),tx301 커브드 배기 벌룬 데님 (중청),curved baggy balloon fit(mid blue),M,TX301,더블힙스,긴소매 티셔츠,"{""tags"": [""배기진"", ""배기팬츠"", ""벌룬팬츠"", ""벌룬핏"", ""와이드핏"", ""커브드데님"", ""커브드팬츠""], ""season"": ""1"", ""season_year"": 2026, ""source_attributes"": {}}"
무신사,린넨 라이크 세미 와이드 밴딩 팬츠 - 10 COLOR,린넨 라이크 세미 와이드 밴딩 팬츠 - 10 color,LINEN SEMI -WIDE BANDING PANTS,"M,W",SBB2PT77U,고스트리퍼블릭,롱/맥시 원피스,"{""tags"": [""린넨"", ""린넨바지"", ""린넨팬츠"", ""바지"", ""밴딩팬츠"", ""와이드"", ""쿨링""], ""season"": null, ""season_year"": 0, ""source_attributes"": {""핏"": [""루즈""], ""계절"": [""봄"", ""여름""], ""두께"": [""약간 얇음""], ""비침"": [""약간 있음"", ""보통""], ""신축성"": [""보통""]}}"
무신사,어센틱 - 블랙:블랙 / VN000EE3BKA1,어센틱 - 블랙:블랙 / vn000ee3bka1,Authentic - black/black,"M,W",VN000EE3BKA1,누브,숏/하프 코트,"{""tags"": [""반스어센틱"", ""반스여름슈즈"", ""어센틱"", ""어센틱추천"", ""어센틱컬러"", ""여름슈즈추천"", ""여름신발추천"", ""캔버스화"", ""캔버스화추천""], ""season"": null, ""season_year"": 0, ""source_attributes"": {}}"
무신사,나일론 투 턱 트랙 팬츠-블랙,나일론 투 턱 트랙 팬츠-블랙,Nylon Two Tuck Track Pants-Black,"M,W",FBFCUPT001BK,그라퍼리즈,미니 스커트,"{""tags"": [""ALLSEASON"", ""ENCOREBLACKFRIDAY"", ""바지"", ""밴딩팬츠"", ""스테디셀러"", ""와이드팬츠"", ""조거팬츠"", ""캐리오버"", ""쿨써머"", ""트레이닝바지""], ""season"": ""1"", ""season_year"": 2026, ""source_attributes"": {""핏"": [""오버 사이즈""], ""계절"": [""봄"", ""여름"", ""가을"", ""겨울""], ""두께"": [""보통""], ""비침"": [""없음""], ""촉감"": [""부드러움""], ""신축성"": [""있음""]}}"
무신사,린넨 라이크 와이드 데님 팬츠 [로우 블랙],린넨 라이크 와이드 데님 팬츠 [로우 블랙],LINEN LIKE WIDE DENIM PANTS [RAW BLACK],M,MMCNP5Z02-AK,골든베어,긴소매 티셔츠,"{""tags"": [""데님컬렉션"", ""린넨라이크"", ""린넨라이크컬렉션"", ""여름바지"", ""워싱진"", ""청바지"", ""캐주얼팬츠"", ""휴가룩""], ""season"": ""1"", ""season_year"": 2023, ""source_attributes"": {""핏"": [""루즈""], ""계절"": [""봄"", ""여름"", ""가을""], ""두께"": [""약간 얇음""], ""비침"": [""없음""], ""촉감"": [""약간 부드러움""], ""신축성"": [""없음""]}}"
무신사,(여름추가) 에즈 릴렉스 세미 와이드 데님 팬츠 (7color),(여름추가) 에즈 릴렉스 세미 와이드 데님 팬츠 (7color),,M,RWBYC1PT01,더엘라,긴소매 티셔츠,"{""tags"": [""데님"", ""데님바지"", ""바지"", ""에즈라인업"", ""와이드팬츠"", ""청바지"", ""팬츠""], ""season"": null, ""season_year"": 0, ""source_attributes"": {""핏"": [""루즈""], ""계절"": [""봄"", ""여름"", ""가을"", ""겨울""], ""두께"": [""보통""], ""비침"": [""없음""], ""촉감"": [""약간 부드러움""], ""신축성"": [""거의 없음""]}}"
무신사,"1942 US Army Chino Trousers Khaki","1942 us army chino trousers khaki","1942 US Army Chino Trousers Khaki","M,W",B-BOTTOM-0005-KHAKI,더콜디스트모먼트,롱/맥시 원피스,"{""tags"": [""면바지"", ""스테디셀러"", ""아메카지"", ""와이드팬츠"", ""치노팬츠"", ""카고팬츠"", ""코튼팬츠""], ""season"": ""2"", ""season_year"": 2025, ""source_attributes"": {}}"
무신사,M65 파라슈트 커브드 팬츠_코튼 3 COLOR,m65 파라슈트 커브드 팬츠_코튼 3 color,M65 PARACHUTE CURVED PANTS_COTTON 3 COLOR,"M,W",DBF7PL01,구찌,롱/맥시 원피스,"{""tags"": [""데일리"", ""밀리터리"", ""밴딩"", ""와이드핏"", ""워싱"", ""워크웨어"", ""카고팬츠""], ""season"": ""2"", ""season_year"": 2026, ""source_attributes"": {""핏"": [""레귤러""], ""계절"": [""봄"", ""여름"", ""가을"", ""겨울""], ""두께"": [""보통""], ""비침"": [""없음""], ""촉감"": [""보통""], ""신축성"": [""보통""]}}"
무신사,빈티지 프론트 워싱 와이드 벌룬 데님 팬츠 4Color,빈티지 프론트 워싱 와이드 벌룬 데님 팬츠 4color,Vintage Front-Washed Wide Balloon Denim Pants 4 Colors,M,MUN040,그라운즈스웻,긴소매 티셔츠,"{""tags"": [""남자청바지"", ""데님팬츠"", ""벌룬팬츠"", ""와이드데님"", ""와이드청바지"", ""와이드팬츠"", ""청바지""], ""season"": ""1"", ""season_year"": 2026, ""source_attributes"": {""핏"": [""오버 사이즈""], ""계절"": [""봄"", ""여름"", ""가을"", ""겨울""], ""두께"": [""보통""], ""비침"": [""없음""], ""촉감"": [""부드러움""], ""신축성"": [""없음""]}}"
무신사,컴팩트 2in1 러닝 쇼츠 남녀 스포츠 반바지 레깅스 (헬스 워터 운동) 팬츠 M 2컬러,컴팩트 2in1 러닝 쇼츠 남녀 스포츠 반바지 레깅스 (헬스 워터 운동) 팬츠 m 2컬러,,"M,W",LGU0MRP100,더제이수,미디 스커트,"{""tags"": [""2IN1팬츠"", ""러닝쇼츠"", ""런닝"", ""베스트팬츠"", ""비치웨어"", ""수영복"", ""짐웨어"", ""투인원"", ""트레이닝복""], ""season"": null, ""season_year"": 0, ""source_attributes"": {}}"
무신사,백 사틴 오피서 팬츠 [블랙],백 사틴 오피서 팬츠 [블랙],BACK SATIN OFFICER PANTS [BLACK],M,MMCPC9Z01-BK,골든베어,롱/맥시 원피스,"{""tags"": [""레귤러핏"", ""면바지"", ""워크웨어"", ""청바지"", ""치노팬츠"", ""캐주얼팬츠"", ""테이퍼드"", ""퍼티그"", ""퍼티그팬츠""], ""season"": ""2"", ""season_year"": 2023, ""source_attributes"": {""핏"": [""루즈""], ""계절"": [""봄"", ""가을""], ""두께"": [""보통""], ""비침"": [""없음""], ""촉감"": [""보통""], ""신축성"": [""없음""]}}"
무신사,square (black),square (black),,"M,W",pmt-20,두프,블레이저/슈트 재킷,"{""tags"": [""구동화"", ""구두대용"", ""구두스니커즈"", ""구두운동화"", ""구둥화"", ""편한구두""], ""season"": ""2"", ""season_year"": 0, ""source_attributes"": {""무게"": [""가벼움""], ""쿠션"": [""보통""], ""굽 높이"": [""낮음""]}}"
무신사,[노미스 X 인템포무드] 리벳 카고 팬츠_버건디,[노미스 x 인템포무드] 리벳 카고 팬츠_버건디,[NO.MISS X INTEMPOMOOD] Rivet Cargo Pants_Burgundy,M,"5011368068",나오미아블로,롱/맥시 원피스,"{""tags"": [""면바지"", ""스트레이트핏"", ""카고팬츠"", ""코튼팬츠"", ""콜라보"", ""파라슈트팬츠"", ""팬츠""], ""season"": ""0"", ""season_year"": 0, ""source_attributes"": {""핏"": [""레귤러""], ""계절"": [""봄"", ""가을"", ""겨울""], ""두께"": [""보통""], ""비침"": [""없음""], ""촉감"": [""부드러움""], ""신축성"": [""없음""]}}"
무신사,패스트 앤 프리 라인드 러닝 쇼츠 5inch *업데이트 디자인,패스트 앤 프리 라인드 러닝 쇼츠 5inch *업데이트 디자인,패스트 앤 프리 라인드 러닝 쇼츠 5inch *업데이트 디자인,M,LM7C45S-4780,노아,미디 스커트,"{""tags"": [""FAST&FREE""], ""season"": ""2"", ""season_year"": 2026, ""source_attributes"": {}}"
무신사,[젠플록스X아워데이즈] 세미 커브드 원 턱 스웻 팬츠 [2COLORS],[젠플록스x아워데이즈] 세미 커브드 원 턱 스웻 팬츠 [2colors],[JENFLOX X OURDAYZ] CURVED ONE TUCK SWEAT PANTS [2COLORS],"M,W",ODPT6313,논앤논,롱/맥시 원피스,"{""tags"": [""남자바지"", ""남자팬츠"", ""바지"", ""스웨트팬츠"", ""스웻팬츠"", ""커브드팬츠"", ""팬츠""], ""season"": ""2"", ""season_year"": 2026, ""source_attributes"": {}}"
무신사,[시티 레저] NP 와이드 벨티드 카고 팬츠 [블랙],[시티 레저] np 와이드 벨티드 카고 팬츠 [블랙],CITY LEISURE NP WIDE BELTED CARGO PANTS [BLACK],M,MMDPC4Z81-BK,골든베어,미니 스커트,"{""tags"": [""밀리터리"", ""시티레저"", ""시티레저컬렉션"", ""유틸리티"", ""카고바지"", ""카고팬츠"", ""캐주얼팬츠"", ""콜라보"", ""팬츠장바구니쿠폰""], ""season"": ""1"", ""season_year"": 2024, ""source_attributes"": {""핏"": [""오버 사이즈""], ""계절"": [""봄"", ""여름"", ""가을""], ""두께"": [""보통""], ""비침"": [""없음""], ""촉감"": [""보통""], ""신축성"": [""없음""]}}"
무신사,UNIFORM CARGO PANTS [ASH BEIGE],uniform cargo pants [ash beige],UNIFORM CARGO PANTS [ASH BEIGE],M,BR26PT33AB,그라미치,롱/맥시 원피스,"{""tags"": [""26FW컬렉션"", ""바지"", ""와이드팬츠"", ""유니폼카고팬츠"", ""카고바지"", ""카고팬츠"", ""코튼팬츠""], ""season"": null, ""season_year"": 0, ""source_attributes"": {""핏"": [""레귤러"", ""루즈""], ""계절"": [""봄"", ""여름"", ""가을"", ""겨울""], ""두께"": [""보통""], ""비침"": [""없음""], ""촉감"": [""보통""], ""신축성"": [""보통""]}}"
무신사,Asym Vintage Cargo Pants (Washed Black),asym vintage cargo pants (washed black),,"M,W",KC6B1W5230WBK,꿈,롱/맥시 원피스,"{""tags"": [""긴바지"", ""데일리팬츠"", ""면팬츠"", ""바지"", ""와이드팬츠"", ""캐주얼팬츠"", ""코튼팬츠""], ""season"": ""1"", ""season_year"": 2026, ""source_attributes"": {}}"
무신사,[패션플래닛X드로우핏] 세미 와이드 치노 팬츠 [6color],[패션플래닛x드로우핏] 세미 와이드 치노 팬츠 [6color],SEMI WIDE CHINO PANTS [6color],M,DFPT5304,골라,롱/맥시 원피스,"{""tags"": [], ""season"": ""2"", ""season_year"": 2026, ""source_attributes"": {}}"
무신사,NBPDGF736S / U7401P5 (SILVER),nbpdgf736s / u7401p5 (silver),NBPDGF736S / U7401P5 (SILVER),"M,W",NBPDGF736S_91,누누씨,블레이저/슈트 재킷,"{""tags"": [""740"", ""U740"", ""스니커즈"", ""운동화""], ""season"": ""0"", ""season_year"": 0, ""source_attributes"": {}}"
무신사,세미 와이드 슬릿 히든 밴딩 슬랙스 [블랙],세미 와이드 슬릿 히든 밴딩 슬랙스 [블랙],SEMI WIDE SLIT HIDDEN BANDING SLACKS [BLACK],M,MM0PL3Z10-BK,골든베어,미디 원피스,"{""tags"": [""기본슬랙스"", ""남성정장"", ""루즈핏"", ""밴딩바지"", ""밴딩팬츠"", ""셋업"", ""슬랙스컬렉션"", ""와이드팬츠"", ""정장바지"", ""팬츠장바구니쿠폰""], ""season"": ""0"", ""season_year"": null, ""source_attributes"": {""핏"": [""레귤러""], ""계절"": [""봄"", ""가을"", ""겨울""], ""두께"": [""보통""], ""비침"": [""없음""], ""촉감"": [""보통""], ""신축성"": [""있음""]}}"
무신사,커브드 와이드 데님 - 중청,커브드 와이드 데님 - 중청,Curved Wide Denim - Mid Blue,M,ASP25FWPDP212MB,돌돌,긴소매 티셔츠,"{""tags"": [""데님진"", ""와이드데님"", ""와이드커브드진"", ""와이드팬츠"", ""커브데님"", ""커브드데님""], ""season"": null, ""season_year"": 0, ""source_attributes"": {}}"
무신사,[ 원단 선택  가능]카펜터 버뮤다 스웨트 8부 팬츠 블랙,[ 원단 선택 가능]카펜터 버뮤다 스웨트 8부 팬츠 블랙,CARPENTER BERMUDA SWEAT SHORT BLACK,M,CARPENTER BERMUDA SWEAT SHORT BLACK,돌라바,피케/카라 티셔츠,"{""tags"": [""7부"", ""무신사단독"", ""반바지"", ""밴딩반바지"", ""버뮤다팬츠"", ""스웨트팬츠"", ""여름바지"", ""카펜터"", ""하프팬츠""], ""season"": ""2"", ""season_year"": 0, ""source_attributes"": {""핏"": [""오버 사이즈""], ""계절"": [""봄"", ""여름"", ""가을""], ""두께"": [""약간 두꺼움""], ""비침"": [""없음""], ""촉감"": [""보통""], ""신축성"": [""보통""]}}"
무신사,더블 니트 투 턱 와이드 라운지 스웨트 팬츠 [블랙],더블 니트 투 턱 와이드 라운지 스웨트 팬츠 [블랙],DOUBLE KNIT TWO TUCK WIDE LOUNGE SWEAT PANTS [BLACK],M,MMBPKAZ13-BK,골든베어,미니 스커트,"{""tags"": [""라운지웨어"", ""스웻팬츠"", ""이지웨어"", ""트레이닝바지""], ""season"": ""2"", ""season_year"": 2022, ""source_attributes"": {""핏"": [""오버 사이즈""], ""계절"": [""봄"", ""여름"", ""가을"", ""겨울""], ""두께"": [""약간 얇음""], ""비침"": [""없음""], ""촉감"": [""약간 부드러움""], ""신축성"": [""있음""]}}"
무신사,와이드 데님 팬츠 [워시드 블랙],와이드 데님 팬츠 [워시드 블랙],WIDE DENIM PANTS [WASHED BLACK],M,MMJNP0Z06-WC,골든베어,긴소매 티셔츠,"{""tags"": [""데님와이드핏"", ""데님컬렉션"", ""데님팬츠"", ""루즈핏"", ""와이드팬츠"", ""통청바지""], ""season"": ""2"", ""season_year"": null, ""source_attributes"": {""핏"": [""오버 사이즈""], ""계절"": [""봄"", ""가을"", ""겨울""], ""두께"": [""약간 두꺼움""], ""비침"": [""없음""], ""촉감"": [""보통""], ""신축성"": [""없음""]}}"
무신사,커브드 치노 팬츠 2colors,커브드 치노 팬츠 2colors,[2COLORS] 커브드 치노 팬츠,"M,W",DC26SG036,겐조,롱/맥시 원피스,"{""tags"": [""26SS"", ""긴바지"", ""면바지"", ""면팬츠"", ""무배당발"", ""바지"", ""치노팬츠"", ""캐주얼팬츠"", ""커브드"", ""코튼팬츠""], ""season"": ""1"", ""season_year"": 2026, ""source_attributes"": {}}"
무신사,스포츠 반바지 쇼츠 프로 (2IN1) (3color),스포츠 반바지 쇼츠 프로 (2in1) (3color),SPORTS SHORTS PRO (2IN1) (3color),"M,W",RIFE-SHRT(P),그랜디오시티,미디 스커트,"{""tags"": [""데일리러닝"", ""러닝"", ""러닝반바지"", ""러닝쇼츠"", ""마라톤"", ""쇼츠"", ""헬스"", ""헬스반바지""], ""season"": ""0"", ""season_year"": 0, ""source_attributes"": {""핏"": [""레귤러""], ""계절"": [""봄"", ""여름"", ""가을""], ""두께"": [""보통""], ""비침"": [""없음""], ""촉감"": [""부드러움""], ""신축성"": [""약간 있음""]}}"
무신사,[WOMEN] 스웨이드 미니 클래식 부츠 (클래식 미니 플랫폼) - 체스넛 / 1134991-CHE,[women] 스웨이드 미니 클래식 부츠 (클래식 미니 플랫폼) - 체스넛 / 1134991-che,Classic Mini Platform - CHE,W,"1134991-CHE",드네이지,카고 팬츠,"{""tags"": [""어그미니부츠"", ""어그클래식미니"", ""어그클래식부츠"", ""클래식미니"", ""플랫폼""], ""season"": ""2"", ""season_year"": 0, ""source_attributes"": {}}"
무신사,[시티 레저] 와이드 벨티드 카고 팬츠 [카키],[시티 레저] 와이드 벨티드 카고 팬츠 [카키],CITY LEISURE WIDE BELTED CARGO PANTS [KHAKI],M,MMCPC0Z02-KH,골든베어,미니 스커트,"{""tags"": [""남자바지"", ""면바지"", ""바지"", ""시티레저"", ""시티레저컬렉션"", ""와이드팬츠"", ""카고바지"", ""카고팬츠"", ""팬츠장바구니쿠폰""], ""season"": ""2"", ""season_year"": 2023, ""source_attributes"": {""핏"": [""오버 사이즈""], ""계절"": [""봄"", ""여름"", ""가을""], ""두께"": [""보통""], ""비침"": [""없음""], ""촉감"": [""보통""], ""신축성"": [""없음""]}}"
무신사,MULTI BUTTON BOOTS (SUEDE BROWN),multi button boots (suede brown),MULTI BUTTON BOOTS (SUEDE BROWN),W,A26FWS133BR230,드노아,아노락,"{""tags"": [""BOOTS"", ""가을부츠"", ""롱부츠"", ""부츠"", ""여성부츠""], ""season"": ""2"", ""season_year"": 2026, ""source_attributes"": {}}"
무신사,헤시키아 셀비지 진 라이트 인디고,헤시키아 셀비지 진 라이트 인디고,Hesychia Selvedge Jeans Light Indigo,M,"263DPT405MLI",돌리그램,긴소매 티셔츠,"{""tags"": [""26FW"", ""데님"", ""데님팬츠"", ""워싱데님"", ""청바지"", ""캐주얼팬츠"", ""팬츠""], ""season"": ""2"", ""season_year"": 2026, ""source_attributes"": {}}"
무신사,베이직 로고 후디 Black,베이직 로고 후디 black,,"M,W",JSFTK7A11BK,드니벨,블루종/MA-1,"{""tags"": [""로고후드티"", ""오버핏후드티"", ""집업후드"", ""후드집업"", ""후드티""], ""season"": null, ""season_year"": null, ""source_attributes"": {}}"
무신사,플레어 히든 밴딩 슬랙스 [블랙],플레어 히든 밴딩 슬랙스 [블랙],FLARE HIDDEN BANDING SLACKS [BLACK],M,MMDPL3Z07-BK,골든베어,미디 원피스,"{""tags"": [""남성정장"", ""남자바지"", ""남자슬랙스"", ""밴딩슬랙스"", ""슬랙스"", ""이도현PICK"", ""이도현픽"", ""플레어핏팬츠""], ""season"": ""2"", ""season_year"": 2024, ""source_attributes"": {""핏"": [""레귤러""], ""계절"": [""봄"", ""가을"", ""겨울""], ""두께"": [""보통""], ""비침"": [""없음""], ""촉감"": [""보통""], ""신축성"": [""있음""]}}"
무신사,TX307 커브드 배기 벌룬 데님 (아이보리),tx307 커브드 배기 벌룬 데님 (아이보리),curved baggy balloon fit(ivory),"M,W",TX307,더블힙스,긴소매 티셔츠,"{""tags"": [""배기진"", ""배기팬츠"", ""벌룬팬츠"", ""벌룬핏"", ""와이드핏"", ""커브드데님"", ""커브드팬츠""], ""season"": ""1"", ""season_year"": 2026, ""source_attributes"": {}}"
무신사,스트라이프 엑스트라 와이드 투 턱 히든 밴딩 슬랙스 [차콜 그레이],스트라이프 엑스트라 와이드 투 턱 히든 밴딩 슬랙스 [차콜 그레이],STRIPED EXTRA WIDE TWO-TUCK HIDDEN BANDING SLACKS [CHARCOAL GREY],M,MMFPL3D01-CG,골든베어,미디 원피스,"{""tags"": [""26SS"", ""밴딩"", ""밴딩슬랙스"", ""스트라이프"", ""슬랙스"", ""와이드"", ""와이드슬랙스"", ""이도현PICK"", ""턱"", ""투턱""], ""season"": ""1"", ""season_year"": 2026, ""source_attributes"": {""핏"": [""오버 사이즈""], ""계절"": [""봄"", ""가을"", ""겨울""], ""두께"": [""보통""], ""비침"": [""없음""], ""촉감"": [""보통""], ""신축성"": [""약간 있음""]}}"
무신사,바이오 워싱 와이드 청바지 데님 팬츠 8 COLOR,바이오 워싱 와이드 청바지 데님 팬츠 8 color,Bio-Washed Wide Jeans Denim Pants 8 COLOR,"M,W",MUN002,그라운즈스웻,긴소매 티셔츠,"{""tags"": [""데님"", ""데님팬츠"", ""바지"", ""와이드청바지"", ""와이드팬츠"", ""청바지"", ""팬츠""], ""season"": ""1"", ""season_year"": 2026, ""source_attributes"": {""핏"": [""오버 사이즈""], ""계절"": [""봄"", ""여름"", ""가을"", ""겨울""], ""두께"": [""보통""], ""비침"": [""없음""], ""촉감"": [""부드러움""], ""신축성"": [""없음""]}}"
무신사,레플리카 퍼티그 팬츠 [세이지 그린],레플리카 퍼티그 팬츠 [세이지 그린],REPLICA FATIGUE PANTS [SAGE GREEN],M,MMJPC9Z04-EE,골든베어,롱/맥시 원피스,"{""tags"": [""남자면바지"", ""남자바지"", ""바지"", ""백사틴"", ""백사틴컬렉션"", ""워크웨어"", ""치노팬츠"", ""테이퍼드"", ""퍼티그""], ""season"": ""2"", ""season_year"": 2022, ""source_attributes"": {""핏"": [""레귤러""], ""계절"": [""봄"", ""가을""], ""두께"": [""보통""], ""비침"": [""없음""], ""촉감"": [""보통""], ""신축성"": [""없음""]}}"
무신사,워시드 파라슈트 밴딩 카고 팬츠_3color,워시드 파라슈트 밴딩 카고 팬츠_3color,WASHED PARACHUTE BANDING CARGO PANTS_3color,M,TRFPT65,갭,롱/맥시 원피스,"{""tags"": [""면바지"", ""밴딩팬츠"", ""치노팬츠"", ""카고팬츠"", ""캐주얼바지"", ""캐주얼팬츠"", ""코튼팬츠""], ""season"": ""2"", ""season_year"": 2026, ""source_attributes"": {""핏"": [""루즈""], ""계절"": [""봄"", ""여름"", ""가을"", ""겨울""], ""두께"": [""보통""], ""비침"": [""없음""], ""촉감"": [""보통""], ""신축성"": [""보통""]}}"
무신사,[시티 레저] 트레일 기어 팬츠 [그레이],[시티 레저] 트레일 기어 팬츠 [그레이],[시티 레저] 트레일 기어 팬츠,M,MMFPC9D36-GR,골든베어,롱/맥시 스커트,"{""tags"": [""등산"", ""러닝"", ""트레일"", ""트레일기어"", ""트레일웨어"", ""팬츠"", ""포켓""], ""season"": ""2"", ""season_year"": 2026, ""source_attributes"": {""핏"": [""슬림"", ""레귤러""], ""계절"": [""봄"", ""여름"", ""가을""], ""두께"": [""보통"", ""약간 두꺼움""], ""비침"": [""없음""], ""촉감"": [""보통""], ""신축성"": [""있음""]}}"
무신사,BB 트랙 팬츠 - 나이트스카이 / KC9302,bb 트랙 팬츠 - 나이트스카이 / kc9302,BB TRACKPANT        NGTSKY,"M,W",KC9302,고저,미니 스커트,"{""tags"": [""BB트랙팬츠"", ""SMU"", ""무배당발"", ""무신사단독"", ""아디다스트랙팬츠"", ""트랙팬츠""], ""season"": ""2"", ""season_year"": 2025, ""source_attributes"": {}}"
무신사,린넨 라이크 와이드 데님 팬츠 [라이트 인디고],린넨 라이크 와이드 데님 팬츠 [라이트 인디고],LINEN LIKE WIDE DENIM PANTS [LIGHT INDIGO],M,MMCNP5Z02-LI,골든베어,긴소매 티셔츠,"{""tags"": [""데님컬렉션"", ""린넨라이크"", ""린넨라이크컬렉션"", ""여름바지"", ""워싱진"", ""청바지"", ""캐주얼팬츠"", ""휴가룩""], ""season"": ""1"", ""season_year"": 2023, ""source_attributes"": {""핏"": [""루즈""], ""계절"": [""봄"", ""여름"", ""가을""], ""두께"": [""약간 얇음""], ""비침"": [""없음""], ""촉감"": [""약간 부드러움""], ""신축성"": [""없음""]}}"
무신사,플레더 3S 트랙탑 - 블랙 / KQ5472,플레더 3s 트랙탑 - 블랙 / kq5472,PLEATHER 3S TT      BLACK,"M,W",KQ5472,고저,잡화·액세서리,"{""tags"": [""가죽자켓"", ""레더자켓"", ""무배당발"", ""봄아우터"", ""아디다스가죽자켓"", ""저지"", ""져지"", ""트랙탑""], ""season"": null, ""season_year"": 0, ""source_attributes"": {}}"
무신사,백 사틴 오피서 재킷 [카키],백 사틴 오피서 재킷 [카키],BACK SATIN OFFICER JACKET [KHAKI],M,MMDJJ2Z16-KH,골든베어,기타 원피스·스커트,"{""tags"": [""밀리터리"", ""백사틴"", ""백사틴컬렉션"", ""봄아우터"", ""워크웨어"", ""워크웨어컬렉션"", ""워크재킷"", ""점퍼"", ""캐주얼아우터""], ""season"": ""1"", ""season_year"": 2024, ""source_attributes"": {""핏"": [""루즈""], ""계절"": [""봄"", ""가을""], ""두께"": [""보통""], ""비침"": [""없음""], ""촉감"": [""보통""], ""신축성"": [""거의 없음""]}}"
무신사,헤비 코튼 세미 크롭 후드 집 업-3Color,헤비 코튼 세미 크롭 후드 집 업-3color,Heavy Cotton Semi Crop Hood Zip Up-3Color,M,FBFFUHZ004,그라퍼리즈,신발,"{""tags"": [""간절기아우터"", ""아우터"", ""집업"", ""집업후드"", ""후드집업"", ""후드티"", ""후디""], ""season"": ""2"", ""season_year"": 2026, ""source_attributes"": {""핏"": [""레귤러""], ""계절"": [""봄"", ""여름"", ""가을""], ""두께"": [""보통""], ""비침"": [""없음""], ""촉감"": [""부드러움""], ""신축성"": [""있음""]}}"
무신사,후드 집업 - 블랙:크림화이트 / KC9315,후드 집업 - 블랙:크림화이트 / kc9315,HOODED ZIPUP        BLACK/CREWHT,"M,W",KC9315,고저,신발,"{""tags"": [""SMU"", ""무배당발"", ""무신사단독"", ""아디다스후드집업"", ""후드"", ""후드집업"", ""후드집업추천"", ""후디""], ""season"": ""1"", ""season_year"": 0, ""source_attributes"": {}}"
무신사,[시티 레저] 후디드 라이트 다운 재킷 [블랙],[시티 레저] 후디드 라이트 다운 재킷 [블랙],CITY LEISURE HOODED LIGHT DOWN JACKET [BLACK],M,MMDDJAZ01-BK,골든베어,원피스·스커트,"{""tags"": [""경량패딩"", ""덕다운"", ""러닝"", ""방한"", ""보온"", ""시티레저컬렉션"", ""츠통령PICK"", ""캐주얼패딩"", ""패딩조끼""], ""season"": ""2"", ""season_year"": 2024, ""source_attributes"": {""핏"": [""레귤러""], ""계절"": [""겨울""], ""두께"": [""보통""], ""비침"": [""없음""], ""촉감"": [""보통""], ""신축성"": [""없음""]}}"
무신사,[시티 레저] 후디드 라이트 다운 재킷 [스톤 화이트],[시티 레저] 후디드 라이트 다운 재킷 [스톤 화이트],CITY LEISURE HOODED LIGHT DOWN JACKET [STONE WHITE],M,MMDDJAZ01-SW,골든베어,원피스·스커트,"{""tags"": [""경량패딩재입고"", ""덕다운"", ""방한"", ""보온"", ""재입고"", ""츠통령PICK"", ""캐주얼패딩"", ""패딩""], ""season"": ""2"", ""season_year"": 2025, ""source_attributes"": {""핏"": [""레귤러""], ""계절"": [""겨울""], ""두께"": [""보통""], ""비침"": [""없음""], ""촉감"": [""보통""], ""신축성"": [""없음""]}}"
무신사,아디스타 컨트롤 5 - 블랙 / KI5226,아디스타 컨트롤 5 - 블랙 / ki5226,ADISTAR CONTROL 5 CBLACK/CBLACK/CBLACK,"M,W",KI5226,고저,블레이저/슈트 재킷,"{""tags"": [""무배당발"", ""무신사단독"", ""아디다스컨트롤"", ""아디스타"", ""아디스타컨트롤5"", ""운동화"", ""운동화추천"", ""컨트롤"", ""컨트롤5""], ""season"": ""1"", ""season_year"": 2026, ""source_attributes"": {}}"
무신사,라운드넥 크롭 니트 가디건[네이비],라운드넥 크롭 니트 가디건[네이비],Round Neck Cropped Knit Cardigan [Navy],M,"25AUTRNCC-003",데미오,데님 스커트,"{""tags"": [""가디건"", ""긴팔가디건"", ""남자가디건"", ""니트"", ""니트가디건"", ""크롭"", ""크롭가디건""], ""season"": ""2"", ""season_year"": 0, ""source_attributes"": {}}"
무신사,크롭 스웨이드 카라 자켓_BROWN,크롭 스웨이드 카라 자켓_brown,,"M,W","1016512",골라 클래식,스니커즈,"{""tags"": [""25FW"", ""가죽자켓"", ""간절기아우터"", ""레더자켓"", ""레더점퍼"", ""스웨이드자켓"", ""아우터""], ""season"": ""2"", ""season_year"": 2026, ""source_attributes"": {""핏"": [""레귤러""], ""계절"": [""가을""], ""두께"": [""보통""], ""비침"": [""없음""], ""촉감"": [""부드러움""], ""신축성"": [""없음"", ""거의 없음""]}}"
무신사,모노 트레일,모노 트레일,Zerogram Mono Trail Brown,"M,W",ZU3LCX2601BRN,돌핀웨이브어패럴,롱 코트,"{""tags"": [""등산"", ""등산화"", ""트레일"", ""트레일화""], ""season"": ""0"", ""season_year"": 2026, ""source_attributes"": {""무게"": [""가벼움""], ""쿠션"": [""있음""], ""굽 높이"": [""보통""]}}"
무신사,닉켈 26 동키 후드집업,닉켈 26 동키 후드집업,NICKEL 26 DONKEY ZIP_UP,"M,W",NKZU002,기어엑스,신발,"{""tags"": [], ""season"": null, ""season_year"": null, ""source_attributes"": {}}"
무신사,(컬러 추가) 라이트 시어쉘 패딩 점퍼 - 6 COLOR,(컬러 추가) 라이트 시어쉘 패딩 점퍼 - 6 color,Light Sheer Shell Padded Jumper - 3 COLORS,M,SBE4DW01M,고스트리퍼블릭,원피스·스커트,"{""tags"": [""겨울아우터"", ""경량패딩"", ""남자경량패딩"", ""숏패딩"", ""아우터"", ""야상패딩"", ""패딩""], ""season"": null, ""season_year"": 0, ""source_attributes"": {}}"
무신사,워셔블 에센셜 라운드 가디건 4color,워셔블 에센셜 라운드 가디건 4color,워셔블 에센셜 라운드 가디건 4color,"M,W",TMKC102630,고다신,데님 스커트,"{""tags"": [""가디건"", ""간절기아우터"", ""긴팔가디건"", ""니트"", ""니트가디건"", ""니트웨어"", ""캐주얼가디건""], ""season"": ""2"", ""season_year"": 2026, ""source_attributes"": {""핏"": [""레귤러""], ""계절"": [""봄"", ""가을"", ""겨울""], ""두께"": [""보통""], ""비침"": [""없음""], ""촉감"": [""부드러움""], ""신축성"": [""있음""]}}"
무신사,B-SYMBOL LOGO NYLON WIND BREAKER [BLACK],b-symbol logo nylon wind breaker [black],B-SYMBOL LOGO NYLON WIND BREAKER [BLACK],M,BG5MJK204BK,굿뉴스,가방,"{""tags"": [], ""season"": ""2"", ""season_year"": 0, ""source_attributes"": {}}"
무신사,ASI 포시즌 에센셜 후드 집업_데님 빈티지 블랙,asi 포시즌 에센셜 후드 집업_데님 빈티지 블랙,ASI FOUR SEASONS ESSENTIAL PIGMENT HOODED ZIP-UP,"M,W",ABF1DJ01VB,구찌,신발,"{""tags"": [""데님자켓"", ""루즈핏"", ""아우터"", ""워싱"", ""점퍼"", ""코튼"", ""투웨이""], ""season"": ""0"", ""season_year"": 2026, ""source_attributes"": {""계절"": [""봄"", ""가을"", ""겨울""], ""두께"": [""보통""], ""비침"": [""없음""], ""촉감"": [""보통""], ""신축성"": [""보통""]}}"
무신사,NJ2HS02C 남성 몬테라 자켓 METAL GRAY,nj2hs02c 남성 몬테라 자켓 metal gray,M S MONTERA JACKET,M,NJ2HS02C,나이엔,스포츠화,"{""tags"": [""26SS신상품"", ""간절기아우터"", ""경량자켓"", ""바람막이"", ""바람막이자켓"", ""윈드브레이크"", ""의류"", ""자켓""], ""season"": null, ""season_year"": 0, ""source_attributes"": {}}"
무신사,아디컬러 클래식 트랙탑 (와플) - 원더화이트 / JW0109,아디컬러 클래식 트랙탑 (와플) - 원더화이트 / jw0109,WAFFLE BBTT         WONWHI,"M,W",JW0109,고저,하의,"{""tags"": [""무신사단독"", ""봄아우터"", ""아디다스와플트랙탑"", ""아디컬러"", ""와플"", ""와플컬렉션"", ""와플트랙탑"", ""저지"", ""져지"", ""트랙탑""], ""season"": ""0"", ""season_year"": 0, ""source_attributes"": {}}"
무신사,트윌 워크 재킷 Brown,트윌 워크 재킷 brown,Twill Work Jacket Brown,M,DIKU242LRJK301BR,글림퍼,잡화·액세서리,"{""tags"": [""간절기아우터"", ""아우터"", ""아우터추천"", ""워크웨어"", ""워크자켓"", ""자켓"", ""트러커자켓""], ""season"": ""0"", ""season_year"": 0, ""source_attributes"": {}}"
무신사,[Office] 올시즌 데일리 수트 셋업_ 2 COLOR,[office] 올시즌 데일리 수트 셋업_ 2 color,[OFFICE] ALL-SEASON DAILY SUIT SET-UP_2 COLOR,"M,W",ABF7JK02 ABF7PL03,구찌,로퍼,"{""tags"": [""셋업"", ""오피스룩"", ""자켓"", ""정장"", ""캐주얼"", ""코튼팬츠"", ""하객룩""], ""season"": ""2"", ""season_year"": 2026, ""source_attributes"": {""핏"": [""레귤러""], ""계절"": [""봄"", ""가을""], ""두께"": [""보통""], ""비침"": [""없음""], ""촉감"": [""보통""], ""신축성"": [""없음""]}}"
무신사,후드 집업 - 로얄블루:화이트 / KC9318,후드 집업 - 로얄블루:화이트 / kc9318,HOODED ZIPUP        ROYBLU/WHITE,"M,W",KC9318,고저,신발,"{""tags"": [""SMU"", ""무배당발"", ""무신사단독"", ""아디다스후드집업"", ""후드"", ""후드집업"", ""후드집업추천"", ""후디""], ""season"": ""1"", ""season_year"": 0, ""source_attributes"": {}}"
무신사,CHROME B HOODIE ZIP-UP [BLACK],chrome b hoodie zip-up [black],CHROME B HOODIE ZIP-UP [BLACK],M,BH5MJK210BK,굿뉴스,반소매 티셔츠,"{""tags"": [""남자후드집업"", ""아우터"", ""오버핏후드"", ""오버핏후드집업"", ""짐웨어"", ""후드"", ""후드집업""], ""season"": ""1"", ""season_year"": 2026, ""source_attributes"": {}}"
무신사,[씬라이트] 후드 재킷_SPJPG4TC24,[씬라이트] 후드 재킷_spjpg4tc24,[씬라이트] 후드 재킷_SPJPG4TC24,M,SPJPG4TC24,낫유즈얼,원피스·스커트,"{""tags"": [""겨울아우터"", ""경량"", ""경량패딩"", ""아우터"", ""점퍼"", ""패딩""], ""season"": ""2"", ""season_year"": 2026, ""source_attributes"": {}}"
무신사,워시드 프렌치 워크 자켓_Blue,워시드 프렌치 워크 자켓_blue,,M,워시드 프렌치 워크 자켓_Blue,데프,잡화·액세서리,"{""tags"": [""26FW1차"", ""26FW아우터""], ""season"": ""2"", ""season_year"": 2026, ""source_attributes"": {}}"
무신사,(남성) 스카이플로우 와이드 - 블랙:화이트 / 1155117-BWHT,(남성) 스카이플로우 와이드 - 블랙:화이트 / 1155117-bwht,(M) Skyflow Wide - Black/White / 1155117-BWHT,M,"1155117-BWHT",더 베리 띵,슬랙스,"{""tags"": [""데일리"", ""러닝"", ""러닝화"", ""러닝화추천"", ""스카이플로우"", ""호카슈즈"", ""호카스니커즈"", ""호카신발""], ""season"": ""2"", ""season_year"": 2025, ""source_attributes"": {}}"
무신사,[시티 레저] 후디드 라이트 다운 재킷 [라이트 그레이],[시티 레저] 후디드 라이트 다운 재킷 [라이트 그레이],CITY LEISURE HOODED LIGHT DOWN JACKET [LIGHT GREY],M,MMDDJAZ01-LG,골든베어,원피스·스커트,"{""tags"": [""경량패딩재입고"", ""덕다운"", ""러닝"", ""방한"", ""보온"", ""재입고"", ""츠통령PICK"", ""캐주얼패딩"", ""패딩""], ""season"": ""2"", ""season_year"": 2025, ""source_attributes"": {""핏"": [""레귤러""], ""계절"": [""겨울""], ""두께"": [""보통""], ""비침"": [""없음""], ""촉감"": [""보통""], ""신축성"": [""없음""]}}"
무신사,CROPPED WASHED HOOD ZIP UP [DEEP GREEN],cropped washed hood zip up [deep green],CROPPED WASHED HOOD ZIP UP [DEEP GREEN],M,SDEFTO514DG,노매뉴얼,신발,"{""tags"": [""후드"", ""후드집업"", ""후디""], ""season"": ""2"", ""season_year"": 0, ""source_attributes"": {}}"
무신사,[SAINT YEAR] 세미 오버 핏 셋업 수트_GREY,[saint year] 세미 오버 핏 셋업 수트_grey,[SAINT YEAR] SEMI OVER FIT SET-UP SUIT_GREY,M,"NI-BJ022003-40, NI-PR022023-40",던드롭,로퍼,"{""tags"": [""남자여름셋업"", ""세미오버핏"", ""셋업컬렉션"", ""여름블레이저"", ""여름슬랙스"", ""여름정장"", ""오버핏셋업"", ""올드머니"", ""올드머니룩"", ""올드머니트렌드""], ""season"": null, ""season_year"": 0, ""source_attributes"": {""핏"": [""루즈""], ""계절"": [""봄"", ""여름"", ""가을""], ""두께"": [""약간 얇음""], ""비침"": [""보통""], ""촉감"": [""약간 부드러움""], ""신축성"": [""보통""]}}"
무신사,신세틱 스웨이드 레이서 재킷 [브라운],신세틱 스웨이드 레이서 재킷 [브라운],SYNTHETIC SUEDE RACER JACKET [BROWN],M,MMELJ2Z03-BR,골든베어,스니커즈,"{""tags"": [""가죽재킷"", ""남자재킷"", ""레더재킷"", ""레이서재킷"", ""봄아우터"", ""스웨이드재킷"", ""신세틱스웨이드""], ""season"": ""1"", ""season_year"": 2025, ""source_attributes"": {""핏"": [""레귤러""], ""계절"": [""봄"", ""가을"", ""겨울""], ""두께"": [""보통""], ""비침"": [""없음""], ""촉감"": [""보통""], ""신축성"": [""없음""]}}"
무신사,[쿨탠다드] 릴렉스드 베이식 블레이저 [블랙],[쿨탠다드] 릴렉스드 베이식 블레이저 [블랙],COOLTANDARD RELAXED BASIC BLAZER [BLACK],M,MMBJK5Z06-BK,골든베어,로퍼,"{""tags"": [""기능성"", ""기본재킷"", ""블레이저컬렉션"", ""정장"", ""쿨아이템"", ""쿨탠다드""], ""season"": ""1"", ""season_year"": 2022, ""source_attributes"": {""핏"": [""루즈""], ""계절"": [""봄"", ""여름""], ""두께"": [""얇음""], ""비침"": [""없음""], ""촉감"": [""보통""], ""신축성"": [""있음""]}}"
무신사,클래식 트랙탑 - 원더화이트:아우라커피 / KQ9491,클래식 트랙탑 - 원더화이트:아우라커피 / kq9491,CLASSIC TT          WONWHI/AUCO,M,KQ9491,고저,하의,"{""tags"": [""무배당발"", ""베켄바우어"", ""봄아우터"", ""아디다스트랙탑"", ""저지"", ""져지"", ""클래식트랙탑"", ""트랙탑""], ""season"": ""0"", ""season_year"": 0, ""source_attributes"": {}}"
무신사,[PF]레거시 플리스 하프집업_FS3FR02U,[pf]레거시 플리스 하프집업_fs3fr02u,[PF] Legacy Fleece Half-Zip_FS3FR02U,M,FS3FR02U,데프가먼츠,더비/레이스업,"{""tags"": [""26FW"", ""간절기"", ""플리스"", ""플리스자켓"", ""플리스점퍼"", ""후리스"", ""후리스자켓""], ""season"": ""2"", ""season_year"": 2026, ""source_attributes"": {}}"
무신사,[UNISEX]플라워 베어 자수 피케 반팔티셔츠_블랙,[unisex]플라워 베어 자수 피케 반팔티셔츠_블랙,[UNISEX]플라워 베어 자수 피케 반팔티셔츠_블랙,"M,W",G(M)-PK22-10-BK,드라이로즈,트레이닝 재킷,"{""tags"": [""PK"", ""반팔카라티"", ""여름반팔티"", ""오버핏반팔"", ""카라티"", ""커플티"", ""피케티""], ""season"": ""0"", ""season_year"": 0, ""source_attributes"": {}}"
무신사,오버사이즈 블레이저 [미디엄 그레이],오버사이즈 블레이저 [미디엄 그레이],OVERSIZE BLAZER [MEDIUM GREY],M,MMJJK0Z01-MR,골든베어,로퍼,"{""tags"": [""남성정장"", ""남자자켓"", ""남자재킷"", ""봄아우터"", ""블레이저컬렉션"", ""셋업"", ""오버핏"", ""테일러드재킷"", ""투버튼""], ""season"": ""1"", ""season_year"": null, ""source_attributes"": {""핏"": [""오버 사이즈""], ""계절"": [""봄"", ""가을""], ""두께"": [""보통""], ""비침"": [""없음""], ""촉감"": [""부드러움""], ""신축성"": [""있음""]}}"
무신사,VTG M1965 피쉬테일 자켓 (BLACK),vtg m1965 피쉬테일 자켓 (black),VTG M1965 FISHTAIL JACKET (BLACK),M,E5F-VMFJ75 BLACK,나이스고스트클럽,기타 원피스·스커트,"{""tags"": [""25FALL"", ""가을자켓"", ""간절기아우터"", ""미니멀"", ""야상"", ""자켓"", ""피쉬테일"", ""피쉬테일자켓""], ""season"": ""2"", ""season_year"": 2025, ""source_attributes"": {""핏"": [""레귤러""], ""계절"": [""봄"", ""가을"", ""겨울""], ""두께"": [""보통""], ""비침"": [""없음""], ""촉감"": [""보통""], ""신축성"": [""없음""]}}"
무신사,BB 트랙탑 - 크림화이트 / KC3335,bb 트랙탑 - 크림화이트 / kc3335,BB TRACKTOP         CREWHT,"M,W",KC3335,고저,하의,"{""tags"": [""BB트랙탑"", ""무배당발"", ""무신사단독"", ""봄아우터"", ""아디다스트랙탑"", ""저지"", ""져지"", ""트랙탑"", ""트랙탑추천""], ""season"": ""2"", ""season_year"": 2025, ""source_attributes"": {}}"
무신사,[시티 레저] 후디드 라이트 다운 재킷 [클라우디 블루],[시티 레저] 후디드 라이트 다운 재킷 [클라우디 블루],CITY LEISURE HOODED LIGHT DOWN JACKET [CLOUDY BLUE],M,MMDDJAZ01-CY,골든베어,원피스·스커트,"{""tags"": [""경량패딩"", ""덕다운"", ""러닝"", ""방한"", ""보온"", ""시티레저"", ""시티레저컬렉션"", ""츠통령PICK"", ""캐주얼패딩"", ""패딩조끼""], ""season"": ""2"", ""season_year"": 2024, ""source_attributes"": {""핏"": [""레귤러""], ""계절"": [""겨울""], ""두께"": [""보통""], ""비침"": [""없음""], ""촉감"": [""보통""], ""신축성"": [""없음""]}}"
무신사,데님 파이어버드 트랙탑 - 블루데님 / KS4970,데님 파이어버드 트랙탑 - 블루데님 / ks4970,DENIM FB TT         WORBLU,M,KS4970,고저,점프수트/오버올,"{""tags"": [""데님"", ""데님트랙탑"", ""무배당발"", ""트랙탑"", ""파이어버드""], ""season"": ""2"", ""season_year"": 2026, ""source_attributes"": {}}"
무신사,아치 로고 루즈핏 아플리케 다잉 후드 집업 Blue,아치 로고 루즈핏 아플리케 다잉 후드 집업 blue,,"M,W",CHFTJ9A32BL,낫소,신발,"{""tags"": [""26FW"", ""다잉"", ""아치로고"", ""집업"", ""후드"", ""후드집업""], ""season"": ""2"", ""season_year"": 2026, ""source_attributes"": {}}"
무신사,멘즈 라이트웨이트 신칠라 스냅-티 풀오버 / 25551R7,멘즈 라이트웨이트 신칠라 스냅-티 풀오버 / 25551r7,Mens Lightweight Synchilla SnapT Pullover,M,"25551R7",노드,플랫,"{""tags"": [""가을아우터"", ""간절기아우터"", ""아웃도어플리스"", ""캠핑룩"", ""플리스"", ""플리스자켓"", ""후리스""], ""season"": ""2"", ""season_year"": 2026, ""source_attributes"": {}}"
무신사,트랙재킷 - 블랙 / 751726TOO481000,트랙재킷 - 블랙 / 751726too481000,TRACK JACKET,M,"751726TOO481000FW23",덴메이드,하의,"{""tags"": [""무신사부티크""], ""season"": ""2"", ""season_year"": 2023, ""source_attributes"": {}}"
무신사,백 사틴 오피서 재킷 [블랙],백 사틴 오피서 재킷 [블랙],BACK SATIN OFFICER JACKET [BLACK],M,MMDJJ2Z16-BK,골든베어,기타 원피스·스커트,"{""tags"": [""40%쿠폰"", ""밀리터리"", ""백사틴"", ""백사틴컬렉션"", ""봄아우터"", ""워크웨어"", ""워크웨어컬렉션"", ""워크재킷"", ""점퍼"", ""캐주얼아우터""], ""season"": ""1"", ""season_year"": 2024, ""source_attributes"": {""핏"": [""루즈""], ""계절"": [""봄"", ""가을""], ""두께"": [""보통""], ""비침"": [""없음""], ""촉감"": [""보통""], ""신축성"": [""거의 없음""]}}"
무신사,에센셜 2WAY 스웨트 후드 집업 (BLACK),에센셜 2way 스웨트 후드 집업 (black),ESSENTIAL 2WAY SWEAT HOOD ZIP UP (BLACK),M,TRSHT09BK,갭,신발,"{""tags"": [""긴소매"", ""무지"", ""오버핏"", ""자켓"", ""집업후드"", ""캐주얼"", ""트레이닝"", ""후드티""], ""season"": ""1"", ""season_year"": 2025, ""source_attributes"": {""핏"": [""레귤러""], ""계절"": [""봄"", ""여름"", ""가을"", ""겨울""], ""두께"": [""보통""], ""비침"": [""없음""], ""신축성"": [""보통""]}}"
무신사,KNIT COLLAR TWEED CARDIGAN (BLACK),knit collar tweed cardigan (black),KNIT COLLAR TWEED CARDIGAN (BLACK),"M,W",awa782m(BLACK),뎁스,데님 스커트,"{""tags"": [], ""season"": ""2"", ""season_year"": 2026, ""source_attributes"": {}}"
무신사,[시티 레저] 후디드 라이트 다운 재킷 [더스티 베이지],[시티 레저] 후디드 라이트 다운 재킷 [더스티 베이지],CITY LEISURE HOODED LIGHT DOWN JACKET [DUSTY BEIGE],M,MMDDJAZ01-UI,골든베어,원피스·스커트,"{""tags"": [""경량패딩"", ""경량패딩재입고"", ""덕다운"", ""방한"", ""보온"", ""재입고"", ""츠통령PICK"", ""캐주얼패딩"", ""패딩""], ""season"": ""2"", ""season_year"": 2025, ""source_attributes"": {""핏"": [""레귤러""], ""계절"": [""겨울""], ""두께"": [""보통""], ""비침"": [""없음""], ""촉감"": [""보통""], ""신축성"": [""없음""]}}"
무신사,클래식 트랙탑 - 클리어스카이:나이트인디고 / KZ1210,클래식 트랙탑 - 클리어스카이:나이트인디고 / kz1210,BECKENBAUER TT      CLESKY/NINDIG,"M,W",KZ1210,고저,하의,"{""tags"": [""무배당발"", ""아디다스트랙탑"", ""클래식트랙탑"", ""트랙탑""], ""season"": ""2"", ""season_year"": 2026, ""source_attributes"": {}}"
무신사,Buffalo Leather S.Rider Jacket Black,buffalo leather s.rider jacket black,Buffalo Leather S.Rider Jacket Black,"M,W","20260209-09",데밀,스니커즈,"{""tags"": [""LEATHER"", ""가죽"", ""가죽자켓"", ""라이더자켓"", ""레더자켓"", ""버팔로레더싱글라이더자켓"", ""자켓""], ""season"": null, ""season_year"": 0, ""source_attributes"": {}}"
무신사,[시티 레저] 시어 후디드 라이트 다운 재킷 (9 colors),[시티 레저] 시어 후디드 라이트 다운 재킷 (9 colors),[시티 레저] 시어 후디드 라이트 다운 재킷 (9 colors),M,MMFDJ9A82,골든베어,원피스·스커트,"{""tags"": [""경량패딩"", ""덕다운"", ""라이트다운"", ""무탠경량패딩"", ""이도현"", ""이도현PICK"", ""이도현픽"", ""츠통령PICK""], ""season"": ""2"", ""season_year"": 2026, ""source_attributes"": {""핏"": [""레귤러"", ""오버 사이즈""], ""계절"": [""겨울""], ""두께"": [""보통""], ""비침"": [""약간 있음""], ""촉감"": [""약간 부드러움""], ""신축성"": [""거의 없음""]}}"
무신사,트윌 재킷-네이비,트윌 재킷-네이비,WINDBRKR JKT-LINED-WINDBREAKER 32/1 TWILL-NAVY-410,"M,W",MNPOOTW16021299-410-26,그란데라인,잡화·액세서리,"{""tags"": [""26FW"", ""JACKET"", ""OUTERWEAR"", ""POLO"", ""폴로""], ""season"": ""2"", ""season_year"": 2026, ""source_attributes"": {}}"
무신사,베이식 블레이저 [블랙],베이식 블레이저 [블랙],BASIC BLAZER [BLACK],M,MM0JK9Z02-BK,골든베어,로퍼,"{""tags"": [""남성정장"", ""남자자켓"", ""남자재킷"", ""봄아우터"", ""블레이저컬렉션"", ""셋업"", ""테일러드재킷"", ""투버튼""], ""season"": ""0"", ""season_year"": null, ""source_attributes"": {""핏"": [""레귤러""], ""계절"": [""봄"", ""가을""], ""두께"": [""보통""], ""비침"": [""없음""], ""촉감"": [""부드러움""], ""신축성"": [""있음""]}}"
무신사,트레일 오버 카코트 - 브라운,트레일 오버 카코트 - 브라운,트레일 오버 카코트 - 브라운,M,BDMDJK15-BR,뎁크,스니커즈,"{""tags"": [], ""season"": ""2"", ""season_year"": 2026, ""source_attributes"": {}}"
무신사,스트레치 기모 안감 자켓 SQ323XJK91,스트레치 기모 안감 자켓 sq323xjk91,스트레치 기모 안감 자켓 SQ323XJK91,"M,W",SQ323XJK91,덕다이브,부츠/워커,"{""tags"": [], ""season"": ""2"", ""season_year"": 0, ""source_attributes"": {}}"
무신사,ATLANTA FLOCK VELVET JACKET (BLACK),atlanta flock velvet jacket (black),ATLANTA FLOCK VELVET JACKET (BLACK),"M,W",awa771m(BLACK),뎁스,점프수트/오버올,"{""tags"": [], ""season"": ""2"", ""season_year"": 2026, ""source_attributes"": {}}"
무신사,[여름/사계절] 시비코 세미 오버핏 싱글 셋업 수트 [그레이],[여름/사계절] 시비코 세미 오버핏 싱글 셋업 수트 [그레이],,M,BWBYC1SET01,더엘라,로퍼,"{""tags"": [""남자자켓"", ""남자정장"", ""블레이저"", ""셋업"", ""셋업컬렉션"", ""수트셋업"", ""재킷""], ""season"": null, ""season_year"": 0, ""source_attributes"": {""핏"": [""루즈""], ""계절"": [""봄"", ""가을"", ""겨울""], ""두께"": [""보통""], ""비침"": [""없음""], ""촉감"": [""약간 부드러움""], ""신축성"": [""보통""]}}"
무신사,[2PACK][PAT&MAT] 모션 매트&패트 티셔츠 - 화이트,[2pack][pat&mat] 모션 매트&패트 티셔츠 - 화이트,[2PACK][PAT&MAT] MOTION MAT&PAT T-SHIRT - WHITE,"M,W",PM5,드러그 프로덕트,기타 상의,"{""tags"": [""2팩"", ""그래픽티셔츠"", ""로고티셔츠"", ""반팔티"", ""오버핏반팔"", ""커플티"", ""프린팅반팔""], ""season"": null, ""season_year"": 0, ""source_attributes"": {""핏"": [""레귤러""], ""계절"": [""봄"", ""여름"", ""가을"", ""겨울""], ""두께"": [""보통""], ""비침"": [""없음""], ""촉감"": [""부드러움""], ""신축성"": [""보통""]}}"
무신사,NINJA ZIP HOODIE BLACK,ninja zip hoodie black,,"M,W",SC4JP45BK,기호,신발,"{""tags"": [""HOODIE"", ""간절기아우터"", ""아우터"", ""후드집업"", ""후드티"", ""후디""], ""season"": ""2"", ""season_year"": 2026, ""source_attributes"": {""핏"": [""슬림"", ""레귤러""], ""계절"": [""가을"", ""겨울""], ""비침"": [""없음""], ""촉감"": [""부드러움""], ""신축성"": [""약간 있음""]}}"
무신사,릴렉스드 미니멀 재킷 [블랙],릴렉스드 미니멀 재킷 [블랙],RELAXED MINIMAL JACKET [BLACK],M,MMDJJ3Z12-BK,골든베어,기타,"{""tags"": [""24SS신상"", ""봄버재킷"", ""봄아우터"", ""블루종"", ""캐주얼아우터""], ""season"": ""1"", ""season_year"": 2024, ""source_attributes"": {""핏"": [""루즈""], ""계절"": [""봄"", ""가을""], ""두께"": [""보통""], ""비침"": [""없음""], ""촉감"": [""보통""], ""신축성"": [""있음""]}}"
무신사,에센셜 CP 백컷 세미크롭 후드 집업_3color,에센셜 cp 백컷 세미크롭 후드 집업_3color,ESSENTIAL CP BACK-CUT SEMI CROP ZIP UP HOODIE_3color,"M,W",TRSHT15R,갭,신발,"{""tags"": [""간절기아우터"", ""집업후드"", ""크롭"", ""후드집업"", ""후드티"", ""후디"", ""후디집업""], ""season"": ""2"", ""season_year"": 2026, ""source_attributes"": {""핏"": [""레귤러""], ""계절"": [""봄"", ""가을"", ""겨울""], ""두께"": [""보통""], ""비침"": [""없음""], ""촉감"": [""보통""], ""신축성"": [""보통""]}}"
무신사,헤비웨이트 CP 워크 재킷 [블랙],헤비웨이트 cp 워크 재킷 [블랙],HEAVYWEIGHT CP WORK JACKET [BLACK],M,MMDJJ3Z13-BK,골든베어,기타,"{""tags"": [""봄아우터"", ""워크웨어"", ""워크웨어컬렉션"", ""워크재킷"", ""점퍼"", ""캐주얼아우터"", ""코튼재킷""], ""season"": ""1"", ""season_year"": 2024, ""source_attributes"": {""핏"": [""루즈""], ""계절"": [""봄"", ""가을""], ""두께"": [""약간 두꺼움""], ""비침"": [""없음""], ""촉감"": [""약간 뻣뻣함""], ""신축성"": [""없음""]}}"
무신사,NJ4HR99A 남성 스토메가 자켓 BLACK,nj4hr99a 남성 스토메가 자켓 black,M’S STORMEGA JACKET,M,NJ4HR99A,나이엔,스포츠화,"{""tags"": [""간절기자켓"", ""바람막이"", ""아우터"", ""윈드브레이커"", ""의류"", ""자켓""], ""season"": ""0"", ""season_year"": 0, ""source_attributes"": {}}"
무신사,인시전 레더 블루종 자켓 [BLACK],인시전 레더 블루종 자켓 [black],INCISION LEATHER BLOUSON JACKET [BLACK],M,DFJK4110BK,골라,스니커즈,"{""tags"": [""가죽자켓"", ""남자가죽점퍼"", ""남자레더자켓"", ""라이더자켓"", ""레더자켓"", ""스웨이드자켓"", ""자켓""], ""season"": ""2"", ""season_year"": 2026, ""source_attributes"": {}}"
무신사,릴렉스드 베이식 블레이저 [네이비],릴렉스드 베이식 블레이저 [네이비],RELAXED BASIC BLAZER [NAVY],M,MMJJK0Z02-NA,골든베어,로퍼,"{""tags"": [""남성정장"", ""봄아우터"", ""블레이저컬렉션"", ""수트"", ""투버튼""], ""season"": ""2"", ""season_year"": null, ""source_attributes"": {""핏"": [""루즈""], ""계절"": [""봄"", ""가을""], ""두께"": [""보통""], ""비침"": [""없음""], ""촉감"": [""보통""], ""신축성"": [""있음""]}}"
무신사,"86-IRO237 바이커 칼라 스웨이드 자켓 카키","86-iro237 바이커 칼라 스웨이드 자켓 카키","86-IRO237 Biker Collar Suede Jacket Khaki","M,W","86-IRO237",도그마 엑스,스니커즈,"{""tags"": [""가죽자켓"", ""레더"", ""레더자켓"", ""봄아우터"", ""스웨이드자켓"", ""스테디아우터"", ""유틸리티""], ""season"": ""2"", ""season_year"": 0, ""source_attributes"": {}}"
무신사,[9999x후디진호] Orbital Binding Jersey,[9999x후디진호] orbital binding jersey,[9999xHoodieJinho] Orbital Binding Jersey,M,"9AK26FAOBJSBK",도르모르,기타,"{""tags"": [""남자자켓"", ""봄아우터"", ""블루종"", ""아우터"", ""여자자켓"", ""점퍼""], ""season"": ""2"", ""season_year"": 2026, ""source_attributes"": {""핏"": [""레귤러"", ""루즈""], ""계절"": [""봄"", ""여름"", ""가을"", ""겨울""], ""두께"": [""약간 얇음"", ""보통""], ""비침"": [""없음""], ""촉감"": [""보통""], ""신축성"": [""보통"", ""약간 있음""]}}"
무신사,"780G 솔리드 크롭 후디 집업-8%멜란지 그레이-","780g 솔리드 크롭 후디 집업-8%멜란지 그레이-","780G SOLID CROP HOODY ZIP UP-8%MELANGE GREY-",M,"25fw-shz02",그라스플랜,신발,"{""tags"": [""오버핏"", ""집업후드"", ""크롭후드"", ""후드"", ""후드집업"", ""후드티"", ""후디""], ""season"": null, ""season_year"": 0, ""source_attributes"": {""핏"": [""레귤러""], ""계절"": [""봄"", ""가을"", ""겨울""], ""두께"": [""보통""], ""비침"": [""없음""], ""촉감"": [""보통""], ""신축성"": [""보통""]}}"
무신사,코튼 캔버스 비치 재킷 Burgundy,코튼 캔버스 비치 재킷 burgundy,코튼 캔버스 비치 재킷 Burgundy,M,DIKU261LRJK001BG,글림퍼,잡화·액세서리,"{""tags"": [""26S/S"", ""간절기자켓"", ""아우터"", ""아우터컬렉션"", ""자켓"", ""점퍼"", ""캔버스자켓""], ""season"": ""0"", ""season_year"": 0, ""source_attributes"": {}}"
무신사,신세틱 스웨이드 워크 재킷 [브라운],신세틱 스웨이드 워크 재킷 [브라운],SYNTHETIC SUEDE WORK JACKET [BROWN],M,MMELJ3Z06-BR,골든베어,스니커즈,"{""tags"": [""가죽자켓"", ""간절기아우터"", ""간절기자켓"", ""남자자켓"", ""레더자켓"", ""레더재킷"", ""봄아우터"", ""스웨이드자켓"", ""워크웨어"", ""워크웨어컬렉션""], ""season"": ""1"", ""season_year"": 2025, ""source_attributes"": {""핏"": [""레귤러""], ""계절"": [""봄"", ""가을"", ""겨울""], ""두께"": [""보통""], ""비침"": [""없음""], ""촉감"": [""보통""], ""신축성"": [""없음""]}}"
무신사,빅 대디 오버사이즈 블레이저 [블랙],빅 대디 오버사이즈 블레이저 [블랙],BIG DADDY OVERSIZE BLAZER [BLACK],M,MMAJK9Z09-BK,골든베어,로퍼,"{""tags"": [""남성정장"", ""남자자켓"", ""남자재킷"", ""봄아우터"", ""블레이저컬렉션"", ""셋업"", ""오버핏"", ""정장""], ""season"": ""1"", ""season_year"": 2022, ""source_attributes"": {""핏"": [""오버 사이즈""], ""계절"": [""봄"", ""가을""], ""두께"": [""보통""], ""비침"": [""없음""], ""촉감"": [""보통""], ""신축성"": [""있음""]}}"
무신사,그리드 체크 라이트 윈드브레이커 Purple,그리드 체크 라이트 윈드브레이커 purple,그리드 체크 라이트 윈드브레이커 Purple,"M,W",DIKU251LRJK004PP0,글림퍼,스포츠화,"{""tags"": [""25S/S"", ""간절기아우터"", ""고프코어"", ""라이트자켓"", ""바람막이"", ""쉘자켓"", ""워크웨어"", ""윈드브레이커""], ""season"": ""0"", ""season_year"": 0, ""source_attributes"": {}}"
무신사,[시티 레저] 라이트웨이트 패커블 윈드브레이커 재킷 [블랙],[시티 레저] 라이트웨이트 패커블 윈드브레이커 재킷 [블랙],CITY LEISURE LIGHTWEIGHT PACKABLE WINDBREAKER JACKET [BLACK],"M,W",MMDJJ5Z81-BK,골든베어,스포츠화,"{""tags"": [""나일론"", ""러닝"", ""바람막이"", ""봄아우터"", ""시티레저"", ""시티레저컬렉션"", ""아우터"", ""캐주얼아우터"", ""핏더사이즈""], ""season"": ""1"", ""season_year"": 2024, ""source_attributes"": {""핏"": [""루즈""], ""계절"": [""봄"", ""여름""], ""두께"": [""얇음""], ""비침"": [""있음""], ""촉감"": [""보통""], ""신축성"": [""없음""]}}"
무신사,[COLLECTION LINE] 핸드 메이드 디테일 빈티지 리그 니트 점퍼 그레이,[collection line] 핸드 메이드 디테일 빈티지 리그 니트 점퍼 그레이,[COLLECTION LINE] 핸드 메이드 디테일 빈티지 리그 니트 점퍼 그레이,M,NV26SPJP01GR,도미넌트,잡화·액세서리,"{""tags"": [""26SS"", ""간절기"", ""간절기아우터"", ""봄아우터"", ""봄자켓"", ""아우터"", ""자켓"", ""점퍼/자켓"", ""컬렉션쇼라인""], ""season"": ""1"", ""season_year"": 2026, ""source_attributes"": {""핏"": [""레귤러""], ""계절"": [""봄"", ""가을"", ""겨울""], ""두께"": [""보통""], ""비침"": [""거의 없음""], ""촉감"": [""보통""], ""신축성"": [""거의 없음""]}}"
무신사,[2.5-LAYER] 테크니컬 윈드브레이커_SPJJG49C01,[2.5-layer] 테크니컬 윈드브레이커_spjjg49c01,[2.5-LAYER] 테크니컬 윈드브레이커_SPJJG49C01,M,SPJJG49C01,낫유즈얼,스포츠화,"{""tags"": [""간절기아우터"", ""고프코어"", ""바람막이"", ""아우터"", ""윈드브레이커"", ""점퍼"", ""집업""], ""season"": ""2"", ""season_year"": 2026, ""source_attributes"": {}}"
무신사,디파인드 스웨이드 해링턴 자켓 [브라운],디파인드 스웨이드 해링턴 자켓 [브라운],DEFINED SUEDE HARRINGTON JACKET [BROWN],M,ALSJK6101BR,고하더,기타,"{""tags"": [""가죽자켓"", ""간절기아우터"", ""레더자켓"", ""블루종"", ""스웨이드자켓"", ""크롭"", ""헤링턴자켓""], ""season"": ""1"", ""season_year"": 2026, ""source_attributes"": {}}"
무신사,[넌블랭크X패션플래닛] 발마칸 코트_BLACK,[넌블랭크x패션플래닛] 발마칸 코트_black,BALMACAAN COAT_BLACK,M,NJ-CTFP7001-40,던드롭,샌들/슬리퍼,"{""tags"": [], ""season"": ""2"", ""season_year"": 2025, ""source_attributes"": {""핏"": [""레귤러""], ""계절"": [""봄"", ""가을"", ""겨울""], ""두께"": [""보통""], ""비침"": [""없음""], ""촉감"": [""보통""], ""신축성"": [""보통""]}}"
무신사,[시티 레저] 시어 윈드브레이커 재킷 [블랙],[시티 레저] 시어 윈드브레이커 재킷 [블랙],CITY LEISURE SHEER WINDBREAKER JACKET [BLACK],M,MMDJJ5Z02-BK,골든베어,스포츠화,"{""tags"": [""나일론"", ""러닝"", ""바람막이"", ""봄아우터"", ""시티레저"", ""시티레저컬렉션"", ""아우터"", ""캐주얼아우터"", ""핏더사이즈X무신사스탠다드""], ""season"": ""1"", ""season_year"": 2024, ""source_attributes"": {""핏"": [""루즈""], ""계절"": [""봄"", ""여름""], ""두께"": [""얇음""], ""비침"": [""있음""], ""촉감"": [""보통""], ""신축성"": [""없음""]}}"
무신사,커브드 라인 윈드 브레이커-블랙,커브드 라인 윈드 브레이커-블랙,Curved Line Wind Breaker-Black,"M,W",FBESUJW104BK,그라퍼리즈,스포츠화,"{""tags"": [""ENCOREBLACKFRIDAY"", ""OUTER"", ""간절기아우터"", ""나일론"", ""러닝코어"", ""점퍼"", ""캐리오버""], ""season"": ""1"", ""season_year"": 2025, ""source_attributes"": {""계절"": [""봄"", ""여름"", ""가을"", ""겨울""], ""두께"": [""보통""], ""비침"": [""없음""], ""촉감"": [""부드러움""], ""신축성"": [""없음""]}}"
무신사,NJ4FR54K 비보 플리스 자켓 COCOA_BROWN,nj4fr54k 비보 플리스 자켓 cocoa_brown,VIVO FLEECE JACKET,M,NJ4FR54K,나이엔,플랫,"{""tags"": [""25WINTER"", ""경량자켓"", ""남녀공용"", ""플리스자켓"", ""플리스점퍼"", ""후리스"", ""후리스자켓"", ""후리스점퍼""], ""season"": null, ""season_year"": 0, ""source_attributes"": {}}"
무신사,프로톤 후디 남성 - BLACK / AJQSM08436,프로톤 후디 남성 - black / ajqsm08436,PROTON HOODY M - BLACK / AJQSM08436,"M,W",AJQSM08436BLK,나인밧,부츠/워커,"{""tags"": [""26SS신상품""], ""season"": ""1"", ""season_year"": 2026, ""source_attributes"": {}}"
무신사,[NERDKING] 올웨이즈 워셔블 크롭 라운드 가디건_5COLOR,[nerdking] 올웨이즈 워셔블 크롭 라운드 가디건_5color,Always Washable Crop Round Cardigan_5COLOR,M,"26SPRING35",골든아이,데님 스커트,"{""tags"": [""가디건"", ""긴팔가디건"", ""남자가디건"", ""너드킹"", ""데일리가디건"", ""라운드가디건"", ""크롭니트""], ""season"": null, ""season_year"": 0, ""source_attributes"": {""핏"": [""레귤러""], ""계절"": [""봄"", ""가을"", ""겨울""], ""두께"": [""보통""], ""비침"": [""없음""], ""촉감"": [""부드러움""], ""신축성"": [""있음""]}}"
무신사,(M)Genuine Lmsm Work Jacket_Navy,(m)genuine lmsm work jacket_navy,(M)Genuine Lmsm Work Jacket_Navy,M,LSRA0JK61MNV10,도미노피자,점프수트/오버올,"{""tags"": [""24F/W"", ""가을자켓"", ""간절기아우터"", ""간절기자켓"", ""남자자켓"", ""데일리자켓"", ""워크웨어"", ""워크자켓"", ""캐주얼""], ""season"": null, ""season_year"": 0, ""source_attributes"": {}}"
무신사,"2WAY 스웻 후드 집업 (MELANGE GREY)","2way 스웻 후드 집업 (melange grey)","2WAY SWEAT HOOD ZIP UP (MELANGE GREY)","M,W",TAF-2WHZU01MG,나드빌리지,신발,"{""tags"": [""2WAY후드집업"", ""그레이"", ""무지"", ""셋업"", ""스웻"", ""오버핏후드티"", ""집업후드"", ""트레이닝세트"", ""후드집업"", ""후드티""], ""season"": null, ""season_year"": 0, ""source_attributes"": {}}"
무신사,CROPPED WASHED HOOD ZIP UP [RED],cropped washed hood zip up [red],CROPPED WASHED HOOD ZIP UP [RED],M,SDEFTO514RD,노매뉴얼,신발,"{""tags"": [""후드"", ""후드집업"", ""후디""], ""season"": ""2"", ""season_year"": 0, ""source_attributes"": {}}"
무신사,DEV:12 플리스 후드 하프집업_그레이,dev:12 플리스 후드 하프집업_그레이,DEV:12 FLEECE HOODIE HALF-ZIP_GRAY,"M,W",ANQHDAW030GE,도프셉,더비/레이스업,"{""tags"": [""뽀글이"", ""아노락"", ""오버핏"", ""유니섹스"", ""캐주얼"", ""후디"", ""후리스""], ""season"": ""2"", ""season_year"": 2026, ""source_attributes"": {}}"
무신사,Aged Denim Jacket (Washed Black),aged denim jacket (washed black),,"M,W",KC6B1D1300BLK,꿈,점프수트/오버올,"{""tags"": [""26SS"", ""간절기아우터"", ""데님"", ""데님자켓"", ""워크자켓"", ""자켓"", ""트러커""], ""season"": ""1"", ""season_year"": 2026, ""source_attributes"": {}}"
무신사,"3M 시어 푸퍼 재킷 Black","3m 시어 푸퍼 재킷 black",,"M,W",DKFDJAA04BK,글림퍼,원피스·스커트,"{""tags"": [""26F/W"", ""경량"", ""경량패딩"", ""다운패딩"", ""미드다운"", ""아우터"", ""패딩""], ""season"": null, ""season_year"": null, ""source_attributes"": {}}"
무신사,NJ4FR54L 비보 플리스 자켓 CREAM,nj4fr54l 비보 플리스 자켓 cream,VIVO FLEECE JACKET,M,NJ4FR54L,나이엔,플랫,"{""tags"": [""25WINTER"", ""겨울신상품"", ""경량자켓"", ""플리스자켓"", ""플리스점퍼"", ""후리스"", ""후리스자켓"", ""후리스점퍼""], ""season"": null, ""season_year"": 0, ""source_attributes"": {}}"
무신사,어베인 울 크롭 니트 가디건 [RED],어베인 울 크롭 니트 가디건 [red],URBANE WOOL CROP KNIT CARDIGAN [RED],M,DFKN5102RE,골라,데님 스커트,"{""tags"": [""가디건"", ""긴팔가디건"", ""남자가디건"", ""니트가디건"", ""데일리가디건"", ""봄가디건"", ""크롭가디건""], ""season"": ""2"", ""season_year"": 2026, ""source_attributes"": {}}"
무신사,NJ1DR59K 라인 엑스 다운 자켓 (RDS) GRAY,nj1dr59k 라인 엑스 다운 자켓 (rds) gray,LINE-X DOWN JACKET (RDS),M,NJ1DR59K,나이엔,힐/펌프스,"{""tags"": [""겨울아우터"", ""다운"", ""다운점퍼"", ""숏패딩"", ""패딩"", ""패딩점퍼"", ""화이트라벨""], ""season"": null, ""season_year"": 0, ""source_attributes"": {}}"
무신사,포시즌 레귤러핏 셋업 수트 (3컬러),포시즌 레귤러핏 셋업 수트 (3컬러),포시즌 레귤러핏 셋업 수트 (3컬러),M,"5003478263",구미코,로퍼,"{""tags"": [""남자"", ""세트"", ""스테디셋업수트"", ""스테디셋업수트컬렉션"", ""여름"", ""오버핏"", ""유튜버PICK"", ""정장"", ""캐주얼"", ""하객룩""], ""season"": null, ""season_year"": 0, ""source_attributes"": {""핏"": [""레귤러""], ""계절"": [""봄"", ""가을""], ""두께"": [""보통""], ""비침"": [""없음""], ""촉감"": [""보통""], ""신축성"": [""보통""]}}"
무신사,하프돔(HALFDOME) 경량 구스다운 후드자켓 CHARCOAL,하프돔(halfdome) 경량 구스다운 후드자켓 charcoal,하프돔(HALFDOME) 경량 구스다운 후드자켓 CHARCOAL,M,N6421SDJC1CHC,나우바우,원피스·스커트,"{""tags"": [""경량다운"", ""경량패딩"", ""구스다운"", ""숏패딩"", ""패딩"", ""패딩추천""], ""season"": ""2"", ""season_year"": 2026, ""source_attributes"": {}}"
무신사,하프돔(HALFDOME) 경량 구스다운 후드자켓 WHITE,하프돔(halfdome) 경량 구스다운 후드자켓 white,하프돔(HALFDOME) 경량 구스다운 후드자켓 WHITE,M,N6421SDJC1WHT,나우바우,원피스·스커트,"{""tags"": [""경량다운"", ""경량패딩"", ""구스다운"", ""숏패딩"", ""패딩"", ""패딩추천""], ""season"": ""2"", ""season_year"": 2026, ""source_attributes"": {}}"
무신사,CHROME B TRACK LINE JERSEY JACKET [BLACK],chrome b track line jersey jacket [black],CHROME B TRACK LINE JERSEY JACKET [BLACK],"M,W",BH3MJK223BK,굿뉴스,하의,"{""tags"": [], ""season"": ""2"", ""season_year"": 2026, ""source_attributes"": {}}"
무신사,리파인드 크롭 스웨이드 해링턴 자켓 [BLACK],리파인드 크롭 스웨이드 해링턴 자켓 [black],REFINED CROP SUEDE HARRINGTON JACKET [BLACK],M,DFJK6305BK,골라,스니커즈,"{""tags"": [""가죽점퍼"", ""남성스웨이드해링턴자켓"", ""남자스웨이드자켓"", ""남자자켓"", ""레더자켓"", ""스웨이드자켓"", ""스웨이드크롭자켓""], ""season"": ""2"", ""season_year"": 2026, ""source_attributes"": {}}"
무신사,페일드 체크 크롭 셔츠 [블랙],페일드 체크 크롭 셔츠 [블랙],VEILED CORDUROY HIGH-NECK CROP JACKET [BLACK],M,ALSSH6321BK,고하더,데님 재킷,"{""tags"": [""가을셔츠"", ""긴팔셔츠"", ""남자셔츠"", ""데일리셔츠"", ""셔츠"", ""오버핏셔츠"", ""체크셔츠""], ""season"": ""2"", ""season_year"": 2026, ""source_attributes"": {""핏"": [""루즈""], ""계절"": [""봄"", ""가을""], ""두께"": [""약간 얇음""], ""비침"": [""거의 없음""], ""촉감"": [""부드러움""], ""신축성"": [""약간 있음""]}}"
무신사,[2PACK/세미크롭핏] 스웨트 셔츠 6colors,[2pack/세미크롭핏] 스웨트 셔츠 6colors,"2팩 스웨트 셔츠","M,W",DC25FG028,겐조,니트/스웨터,"{""tags"": [""2PACK"", ""2팩"", ""데일리팩"", ""디스커스"", ""맨투맨"", ""무배당발"", ""무지긴팔티"", ""스웨트셔츠"", ""스웻셔츠"", ""유튜버PICK""], ""season"": ""2"", ""season_year"": 2025, ""source_attributes"": {}}"
무신사,워셔블 에센셜 크루넥 니트 10color,워셔블 에센셜 크루넥 니트 10color,워셔블 에센셜 크루넥 니트 10color,"M,W",TMKT102630,고다신,후드,"{""tags"": [""가을니트"", ""겨울니트"", ""긴팔니트"", ""니트"", ""니트웨어"", ""데일리니트"", ""스웨터""], ""season"": ""2"", ""season_year"": 2026, ""source_attributes"": {""핏"": [""레귤러""], ""계절"": [""봄"", ""가을"", ""겨울""], ""두께"": [""보통""], ""비침"": [""없음""], ""촉감"": [""부드러움""], ""신축성"": [""있음""]}}"
무신사,"26 FW 골지 헨리넥 크롭 티셔츠 (3컬러)","26 fw 골지 헨리넥 크롭 티셔츠 (3컬러)","26 FW Ribbed Henry Neck Crop T Shirt (3 Colors)",M,"5010071615",구미코,상의,"{""tags"": [""긴팔"", ""긴팔티"", ""롱슬리브"", ""무지"", ""코듀로이"", ""티"", ""흰색""], ""season"": ""2"", ""season_year"": 2026, ""source_attributes"": {""핏"": [""레귤러""], ""계절"": [""봄"", ""가을"", ""겨울""], ""비침"": [""없음""], ""촉감"": [""부드러움""], ""신축성"": [""있음""]}}"
무신사,롤업 슬리브 크롭 반팔 티셔츠 버건디,롤업 슬리브 크롭 반팔 티셔츠 버건디,롤업 슬리브 크롭 반팔 티셔츠 버건디,M,UTS02,게스,기타 상의,"{""tags"": [""롤업티"", ""머슬핏"", ""반소매"", ""반팔티"", ""여름반팔"", ""크롭반팔"", ""크롭티""], ""season"": ""1"", ""season_year"": 2026, ""source_attributes"": {""핏"": [""슬림""], ""계절"": [""봄"", ""여름"", ""가을""], ""두께"": [""약간 얇음""], ""비침"": [""없음""], ""촉감"": [""부드러움""], ""신축성"": [""있음""]}}"
무신사,[2PACK] 190g 싱글 더 레거시 반팔 티셔츠 (JR5TSU153BK),[2pack] 190g 싱글 더 레거시 반팔 티셔츠 (jr5tsu153bk),[2PACK] 190g 싱글 더 레거시 반팔 티셔츠 (JR5TSU153BK),"M,W",JR5TSU153BK,그래픽스,기타 상의,"{""tags"": [""기본티"", ""레이어드"", ""면티"", ""아울렛"", ""오버핏"", ""자수"", ""젠더리스"", ""지프2팩"", ""지프반소매"", ""쭉티""], ""season"": null, ""season_year"": 0, ""source_attributes"": {""핏"": [""루즈""], ""계절"": [""봄"", ""여름"", ""가을"", ""겨울""], ""두께"": [""보통""], ""비침"": [""보통""], ""촉감"": [""보통""], ""신축성"": [""보통""]}}"
무신사,[젠플록스x웬즈데이오아시스] (크롭) 퓨어 코튼 웨스턴 데님 셔츠_3COLOR,[젠플록스x웬즈데이오아시스] (크롭) 퓨어 코튼 웨스턴 데님 셔츠_3color,[젠플록스x웬즈데이오아시스] (크롭) 퓨어 코튼 웨스턴 데님 셔츠_3COLOR,M,"26AUTUMN_1",골든아이,데님 재킷,"{""tags"": [""가을셔츠"", ""긴팔셔츠"", ""남자셔츠"", ""데님셔츠"", ""웨스턴셔츠"", ""젠플록스"", ""캐주얼셔츠""], ""season"": null, ""season_year"": 0, ""source_attributes"": {}}"
무신사,[2PACK]무지 머슬핏 반팔 5컬러,[2pack]무지 머슬핏 반팔 5컬러,,M,"1-1",고코리,바람막이,"{""tags"": [""데일리"", ""머슬핏"", ""머슬핏반팔티"", ""반팔"", ""반팔티"", ""반팔티셔츠"", ""운동복""], ""season"": null, ""season_year"": 0, ""source_attributes"": {}}"
무신사,[기획] 에센셜 CP 이중지 크롭 반팔티_9color,[기획] 에센셜 cp 이중지 크롭 반팔티_9color,ESSENTIAL CP DOUBLE FACED CROP HALF T-SHIRT_9color,M,TRST38,갭,기타 상의,"{""tags"": [""기본티"", ""무지"", ""반소매"", ""반팔"", ""짐웨어"", ""크롭"", ""크롭티""], ""season"": ""1"", ""season_year"": 2026, ""source_attributes"": {""핏"": [""레귤러""], ""계절"": [""봄"", ""여름"", ""가을""], ""두께"": [""보통""], ""비침"": [""없음""], ""촉감"": [""약간 부드러움""], ""신축성"": [""보통""]}}"
무신사,(XXL 추가) 데일리 쿨 하프 니트,(xxl 추가) 데일리 쿨 하프 니트,,"M,W",LBE2KN03M,고스트리퍼블릭,기타 상의,"{""tags"": [""린넨"", ""반팔"", ""반팔니트"", ""반팔티"", ""반팔티셔츠"", ""카라티"", ""티셔츠""], ""season"": null, ""season_year"": 0, ""source_attributes"": {""핏"": [""레귤러""], ""계절"": [""여름""], ""비침"": [""없음""], ""신축성"": [""있음""]}}"
무신사,베이식 드레스 셔츠 [화이트],베이식 드레스 셔츠 [화이트],BASIC DRESS SHIRT [WHITE],M,MM0SLAZ01-WH,골든베어,데님 재킷,"{""tags"": [""기본셔츠"", ""긴팔셔츠"", ""남방"", ""남성정장"", ""셋업"", ""셔츠"", ""셔츠컬렉션"", ""수트"", ""와이셔츠"", ""정장""], ""season"": ""0"", ""season_year"": null, ""source_attributes"": {""핏"": [""레귤러""], ""계절"": [""봄"", ""가을""], ""두께"": [""얇음""], ""비침"": [""보통""], ""촉감"": [""부드러움""], ""신축성"": [""있음""]}}"
무신사,[패션플래닛X드로우핏] 워시드 크롭 옥스퍼드 셔츠 [5color],[패션플래닛x드로우핏] 워시드 크롭 옥스퍼드 셔츠 [5color],WASHED CROP OXFORD SHIRT [5color],M,DFSH5301,골라,데님 재킷,"{""tags"": [], ""season"": ""2"", ""season_year"": 2026, ""source_attributes"": {}}"
무신사,레이어드 헨리넥 롱슬리브 (블랙),레이어드 헨리넥 롱슬리브 (블랙),,M,JUT079-BK,그라운드워크,상의,"{""tags"": [""26FW"", ""긴팔티"", ""남자긴팔티"", ""레이어드티"", ""롱슬리브"", ""와플"", ""헨리넥""], ""season"": ""2"", ""season_year"": 2026, ""source_attributes"": {""핏"": [""레귤러""], ""계절"": [""봄"", ""가을"", ""겨울""], ""두께"": [""보통""], ""비침"": [""없음""], ""촉감"": [""보통""], ""신축성"": [""보통""]}}"
무신사,LAUNDRY SMALL CHECK SHIRT [CHARCOAL BLACK],laundry small check shirt [charcoal black],LAUNDRY SMALL CHECK SHIRT [CHARCOAL BLACK],M,UNION-SH24CB,공에이프런,데님 재킷,"{""tags"": [""기본셔츠"", ""긴팔셔츠"", ""남성"", ""데일리셔츠"", ""런드리셔츠"", ""루즈핏셔츠"", ""셔츠"", ""오버핏셔츠""], ""season"": null, ""season_year"": 0, ""source_attributes"": {}}"
무신사,안토니 스트라이프 셔츠 (아이보리),안토니 스트라이프 셔츠 (아이보리),Anthony Stripe Shirts (Ivory),M,FB2501SH12IV,데이라이프,데님 재킷,"{""tags"": [""셔츠컬렉션""], ""season"": ""1"", ""season_year"": 0, ""source_attributes"": {}}"
무신사,[크롭] 스트라이프 레이어드 헨리넥 반팔 티셔츠_차콜,[크롭] 스트라이프 레이어드 헨리넥 반팔 티셔츠_차콜,Striped Layered Henley Neck Short-Sleeve T-Shirt_Charcoal,"M,W",KBFUUTS014CH,그루,기타 상의,"{""tags"": [""반팔티셔츠"", ""여름반팔"", ""티셔츠""], ""season"": ""1"", ""season_year"": 2026, ""source_attributes"": {""핏"": [""레귤러""], ""계절"": [""봄"", ""여름"", ""가을""], ""두께"": [""얇음""], ""비침"": [""거의 없음""], ""촉감"": [""부드러움""], ""신축성"": [""약간 있음""]}}"
무신사,[MUT lab] 아카이브 버지니아 스웨트 셔츠 옐로우,[mut lab] 아카이브 버지니아 스웨트 셔츠 옐로우,[MUT lab] 아카이브 버지니아 스웨트 셔츠 옐로우,"M,W",DC26FC002YE,겐조,니트/스웨터,"{""tags"": [""X멋랩""], ""season"": null, ""season_year"": null, ""source_attributes"": {}}"
무신사,에어리 크롭 워셔블 하프 니트,에어리 크롭 워셔블 하프 니트,Airy Crop Washable Half Knit,M,SBF2KN01M,고스트리퍼블릭,기타 상의,"{""tags"": [""린넨"", ""반팔"", ""반팔니트"", ""반팔티"", ""카라티"", ""티셔츠"", ""헨리넥""], ""season"": ""1"", ""season_year"": 2026, ""source_attributes"": {}}"
무신사,워셔블 에센셜 브이넥 니트 9color,워셔블 에센셜 브이넥 니트 9color,워셔블 에센셜 브이넥 니트 9color,"M,W",TMKT112630,고다신,후드,"{""tags"": [""가을니트"", ""겨울니트"", ""니트"", ""니트웨어"", ""데일리니트"", ""레이어드니트"", ""스웨터""], ""season"": ""2"", ""season_year"": 2026, ""source_attributes"": {}}"
무신사,레이어드 크루 넥 티셔츠_일반 기장 [화이트],레이어드 크루 넥 티셔츠_일반 기장 [화이트],LAYERED CREW NECK T-SHIRT_REGULAR LENGTH [WHITE],M,MMATS4Z03-WH,골든베어,기타 상의,"{""tags"": [""기본티"", ""기본티셔츠"", ""라운드넥"", ""레귤러핏"", ""레이어드티"", ""레이어드티셔츠"", ""무지"", ""반팔"", ""휴가룩"", ""흰티""], ""season"": ""2"", ""season_year"": null, ""source_attributes"": {""핏"": [""레귤러""], ""계절"": [""봄"", ""여름"", ""가을"", ""겨울""], ""두께"": [""보통""], ""비침"": [""없음""], ""촉감"": [""부드러움""], ""신축성"": [""보통""]}}"
무신사,무지 머슬핏 반팔 5컬러,무지 머슬핏 반팔 5컬러,,M,"1-1",고코리,바람막이,"{""tags"": [""데일리"", ""머슬핏"", ""머슬핏반팔티"", ""반팔"", ""반팔티"", ""반팔티셔츠"", ""운동복""], ""season"": null, ""season_year"": 0, ""source_attributes"": {""핏"": [""레귤러""], ""계절"": [""봄"", ""여름"", ""가을"", ""겨울""], ""두께"": [""약간 두꺼움""], ""비침"": [""거의 없음""], ""촉감"": [""부드러움""], ""신축성"": [""있음""]}}"
무신사,워셔블 케이블 반팔 니트 - 16 COLOR,워셔블 케이블 반팔 니트 - 16 color,,"M,W",SBCSHHKN160PACK,고스트리퍼블릭,기타 상의,"{""tags"": [""반팔"", ""반팔니트"", ""반팔카라티"", ""반팔티"", ""반팔티셔츠"", ""케이블니트"", ""티셔츠""], ""season"": ""1"", ""season_year"": 2024, ""source_attributes"": {""핏"": [""레귤러""], ""계절"": [""여름""], ""비침"": [""없음""], ""신축성"": [""있음""]}}"
무신사,프리미엄 머슬핏 무지 티셔츠,프리미엄 머슬핏 무지 티셔츠,PREMIUM MUSCLE FIT T-SHIRT_PLAIN,M,MA1038,그로운 낫올드,바람막이,"{""tags"": [""머슬핏"", ""머슬핏반팔"", ""머슬핏반팔티"", ""무지머슬핏반팔티"", ""운동복"", ""짐웨어"", ""크롭"", ""헬스복""], ""season"": ""0"", ""season_year"": 0, ""source_attributes"": {""핏"": [""레귤러""], ""계절"": [""봄"", ""여름"", ""가을"", ""겨울""], ""두께"": [""보통""], ""비침"": [""없음""], ""촉감"": [""보통""], ""신축성"": [""있음""]}}"
무신사,[2PACK] 수피마 코튼 티셔츠,[2pack] 수피마 코튼 티셔츠,,"M,W",CMN3TS01V-2PA,데몬스트레이트,기타 상의,"{""tags"": [""26SS3차"", ""26SS스웻"", ""무지"", ""반팔"", ""반팔티"", ""수피마"", ""오버핏"", ""젠더리스"", ""티셔츠"", ""티셔츠컬렉션""], ""season"": ""1"", ""season_year"": 2026, ""source_attributes"": {}}"
무신사,[쿨탠다드] 베이식 크루 넥 티셔츠 [화이트],[쿨탠다드] 베이식 크루 넥 티셔츠 [화이트],COOLTANDARD RELAX FIT CREW NECK T-SHIRT [WHITE],M,MMBTS6Z10-WH,골든베어,기타 상의,"{""tags"": [""기능성"", ""기본티셔츠"", ""라운드넥"", ""레귤러핏"", ""무진장×쿨탠다드"", ""반팔"", ""쿨아이템"", ""쿨탠다드"", ""휴가룩"", ""흰티""], ""season"": ""1"", ""season_year"": 2022, ""source_attributes"": {""핏"": [""레귤러""], ""계절"": [""봄"", ""여름"", ""가을""], ""두께"": [""보통""], ""비침"": [""거의 없음""], ""촉감"": [""보통""], ""신축성"": [""보통""]}}"
무신사,시티보이 오버핏 피그먼트 반팔 셔츠 7COLOR,시티보이 오버핏 피그먼트 반팔 셔츠 7color,City Boy Oversized-Fit Pigment Short-Sleeved Shirt 7COLOR,M,MUN123,그라운즈스웻,데님 재킷,"{""tags"": [""린넨셔츠"", ""반팔"", ""반팔셔츠"", ""여름셔츠"", ""오버핏셔츠"", ""피그먼트반팔셔츠"", ""피그먼트셔츠""], ""season"": ""1"", ""season_year"": 2026, ""source_attributes"": {""계절"": [""봄"", ""여름"", ""가을""], ""두께"": [""보통""], ""비침"": [""없음""], ""촉감"": [""부드러움""], ""신축성"": [""보통""]}}"
무신사,코튼100% 피그먼트 옥스포드 오버핏 긴팔 셔츠 - 2color,코튼100% 피그먼트 옥스포드 오버핏 긴팔 셔츠 - 2color,"100%Cotton Pigment Oxford Oversized Long-Sleeve Shirt - 2 colors",M,M1WS6152,구빈,데님 재킷,"{""tags"": [""긴팔셔츠"", ""남자셔츠"", ""데일리셔츠"", ""셔츠"", ""오버핏셔츠"", ""옥스포드셔츠"", ""캐주얼셔츠""], ""season"": ""2"", ""season_year"": 2026, ""source_attributes"": {}}"
무신사,와플 니트 익스트림 오버핏 롱슬리브 4color,와플 니트 익스트림 오버핏 롱슬리브 4color,WAFFLE KNIT OVER FIT LONGSLEEVE,M,VM22MLS001,기준,아우터,"{""tags"": [""긴소매티"", ""긴팔"", ""긴팔티셔츠"", ""레이어드"", ""롱슬리브"", ""롱슬리브티"", ""오버핏""], ""season"": ""2"", ""season_year"": 0, ""source_attributes"": {}}"
무신사,크롭 골지 반팔 헨리넥 티셔츠_5 COLOR,크롭 골지 반팔 헨리넥 티셔츠_5 color,,M,P0000DVJ,골라 클래식,기타 상의,"{""tags"": [""반소매티셔츠"", ""반팔"", ""반팔티"", ""반팔티셔츠"", ""여름티셔츠"", ""헨리넥"", ""헨리넥반팔""], ""season"": ""0"", ""season_year"": 2026, ""source_attributes"": {""핏"": [""레귤러""], ""계절"": [""봄"", ""여름"", ""가을""], ""두께"": [""약간 얇음""], ""비침"": [""없음""], ""촉감"": [""부드러움""], ""신축성"": [""있음""]}}"
무신사,[10주년기획] ⓒ 모두의 수소봉제 반팔 티셔츠 (COOLMAX® 원단)_7 COLOR,[10주년기획] ⓒ 모두의 수소봉제 반팔 티셔츠 (coolmax® 원단)_7 color,© EVERYONE’S SINGLE STITCH SHORT SLEEVE T-SHIRT (COOLMAX® FABRIC)_7 COLOR,"M,W",DBF3TS03,구찌,기타 상의,"{""tags"": [""기본티"", ""면티"", ""무지"", ""짐웨어"", ""쿨아이템"", ""크롭티"", ""트레이닝"", ""피그먼트""], ""season"": ""1"", ""season_year"": 2026, ""source_attributes"": {""핏"": [""레귤러""], ""계절"": [""봄"", ""여름"", ""가을""], ""두께"": [""보통""], ""비침"": [""없음""], ""촉감"": [""보통""], ""신축성"": [""보통""]}}"
무신사,"26 FW 스트라이프 세미 크롭 옥스포드 셔츠 (2컬러)","26 fw 스트라이프 세미 크롭 옥스포드 셔츠 (2컬러)","26 FW Stripe Semi Crop Oxford Shirt (2 Colors)",M,"5010071610",구미코,데님 재킷,"{""tags"": [""가을"", ""긴팔"", ""남자"", ""블루스트라이프셔츠"", ""세미오버핏"", ""코튼"", ""타이""], ""season"": ""2"", ""season_year"": 2026, ""source_attributes"": {""핏"": [""레귤러""], ""계절"": [""봄"", ""가을""], ""두께"": [""보통""], ""비침"": [""없음""], ""신축성"": [""보통""]}}"
무신사,레귤러 긴소매 크롭 티셔츠 [블랙],레귤러 긴소매 크롭 티셔츠 [블랙],레귤러 긴소매 크롭 티셔츠 [블랙],M,MMFTL8A02-BK,골든베어,상의,"{""tags"": [""26FW"", ""긴팔"", ""레귤러"", ""무지"", ""블랙"", ""이도현PICK"", ""이도현픽"", ""크롭"", ""티셔츠""], ""season"": ""2"", ""season_year"": 2026, ""source_attributes"": {""핏"": [""레귤러""], ""계절"": [""봄"", ""가을"", ""겨울""], ""두께"": [""보통""], ""비침"": [""없음""], ""촉감"": [""보통""]}}"
무신사,머슬핏 헨리넥 반팔 니트 [블랙],머슬핏 헨리넥 반팔 니트 [블랙],Muscle Fit Henley Neck Short Sleeve Knit [Black],M,L25SMKN00201,그래프플랫폼,기타 상의,"{""tags"": [""반소매"", ""반소매니트"", ""반팔니트"", ""여름니트"", ""여름반팔""], ""season"": ""1"", ""season_year"": 0, ""source_attributes"": {}}"
무신사,[2 PACK] ESSENTIAL PACK MUSCLE FIT T-SHIRTS [BLACK],[2 pack] essential pack muscle fit t-shirts [black],ESSENTIAL PACK MUSCLE FIT T-SHIRTS [BLACK],M,BH5MST202BK,굿뉴스,바람막이,"{""tags"": [""데일리"", ""머슬핏"", ""반소매"", ""반소매티셔츠"", ""반팔"", ""반팔티셔츠"", ""짐웨어""], ""season"": ""1"", ""season_year"": 2026, ""source_attributes"": {}}"
무신사,"460G 컷 헤비 피그먼트 티셔츠-차콜-","460g 컷 헤비 피그먼트 티셔츠-차콜-","460G cut-heavy PIGMENT tshirts(CHARCOAL)",M,summer-PGT,그라스플랜,기타 상의,"{""tags"": [""깡스타일리스트PICK"", ""무지"", ""반팔"", ""반팔티"", ""스테디셀러"", ""오버핏"", ""티셔츠"", ""피그먼트""], ""season"": ""1"", ""season_year"": 0, ""source_attributes"": {}}"
무신사,[2PACK] 시그니처 오버핏 반팔티 6종 2팩 패키지,[2pack] 시그니처 오버핏 반팔티 6종 2팩 패키지,,"M,W","202607080719",그라인,기타 상의,"{""tags"": [""26SS"", ""그래픽티셔츠"", ""반팔"", ""반팔티"", ""반팔티셔츠"", ""오버핏"", ""티셔츠""], ""season"": ""1"", ""season_year"": 2026, ""source_attributes"": {""핏"": [""오버 사이즈""], ""계절"": [""여름""], ""두께"": [""보통""], ""비침"": [""보통""], ""촉감"": [""부드러움""], ""신축성"": [""보통""]}}"
무신사,[2PACK] 오버핏 반팔티 4종 택2 패키지,[2pack] 오버핏 반팔티 4종 택2 패키지,[2PACK] 오버핏 반팔티 4종 택2 패키지,M,AST3613-3614-3615-4831,그래픽스 오버핏,기타 상의,"{""tags"": [""26SS"", ""반소매"", ""반팔티"", ""반팔티셔츠"", ""여름반팔"", ""여름티셔츠"", ""오버핏반팔""], ""season"": null, ""season_year"": 0, ""source_attributes"": {""핏"": [""루즈"", ""오버 사이즈""], ""계절"": [""봄"", ""여름"", ""가을""], ""두께"": [""보통""], ""비침"": [""거의 없음""], ""촉감"": [""약간 부드러움""], ""신축성"": [""약간 있음""]}}"
무신사,MUSE STRIPE POLO KNIT [BLACK],muse stripe polo knit [black],MUSE STRIPE POLO KNIT [BLACK],M,BR26KN47BK,그라미치,트레이닝 재킷,"{""tags"": [""26FW컬렉션"", ""긴팔니트"", ""니트"", ""뮤즈스트라이프폴로니트"", ""스트라이프니트"", ""폴로니트""], ""season"": ""2"", ""season_year"": 0, ""source_attributes"": {}}"
무신사,폴라 벤트 후디(4colors) NFL2256,폴라 벤트 후디(4colors) nfl2256,폴라 벤트 후디(4colors) NFL2256,"M,W",NFL2256,골드퍼센트,블루종/MA-1,"{""tags"": [""긴팔티"", ""롱슬리브"", ""플리스"", ""후드"", ""후드티"", ""후리스""], ""season"": ""2"", ""season_year"": 2026, ""source_attributes"": {}}"
무신사,TONED-DOWN CHECK SHIRTS (NAVY),toned-down check shirts (navy),TONED-DOWN CHECK SHIRTS (NAVY),"M,W",K26S-TOS-530-NA,그루브라임,데님 재킷,"{""tags"": [""26SS컬렉션"", ""긴소매셔츠"", ""긴팔셔츠"", ""데일리셔츠"", ""오버핏셔츠"", ""체크셔츠"", ""캐주얼셔츠""], ""season"": null, ""season_year"": 0, ""source_attributes"": {""핏"": [""레귤러"", ""루즈""], ""계절"": [""봄"", ""여름"", ""가을""], ""두께"": [""약간 얇음""], ""비침"": [""거의 없음""], ""촉감"": [""보통""], ""신축성"": [""보통"", ""약간 있음""]}}"
무신사,(XXL 추가) 쿨 코튼 워셔블 하프 니트,(xxl 추가) 쿨 코튼 워셔블 하프 니트,,"M,W",LBE2KN01M,고스트리퍼블릭,기타 상의,"{""tags"": [""반팔"", ""반팔니트"", ""반팔티"", ""반팔티셔츠"", ""카라티"", ""코튼"", ""쿨아이템"", ""티셔츠""], ""season"": null, ""season_year"": 0, ""source_attributes"": {""핏"": [""레귤러""], ""계절"": [""여름""], ""비침"": [""없음""], ""신축성"": [""있음""]}}"
무신사,시티보이 오버핏 피그먼트 워싱 셔츠 7Color,시티보이 오버핏 피그먼트 워싱 셔츠 7color,City Boy Oversized-Fit Pigment Washing Shirt 7 Colors,"M,W",MUN103,그라운즈스웻,데님 재킷,"{""tags"": [""긴팔셔츠"", ""남방"", ""남자셔츠"", ""루즈핏"", ""셔츠"", ""오버핏셔츠"", ""캐주얼셔츠""], ""season"": ""1"", ""season_year"": 2026, ""source_attributes"": {""계절"": [""봄"", ""여름"", ""가을"", ""겨울""], ""두께"": [""보통""], ""비침"": [""없음""], ""촉감"": [""부드러움""], ""신축성"": [""약간 있음""]}}"
무신사,와플 헨리넥 데일리 티셔츠 - 4color,와플 헨리넥 데일리 티셔츠 - 4color,Waffle Henley Neck Daily T-Shirt - 4color,M,MZTS6104,구빈,상의,"{""tags"": [""가을티셔츠"", ""간절기티셔츠"", ""긴팔티셔츠"", ""롱슬리브"", ""쭉티"", ""헨리넥티셔츠""], ""season"": ""2"", ""season_year"": 0, ""source_attributes"": {}}"
무신사,플로우 크롭 반팔 티셔츠_6colors,플로우 크롭 반팔 티셔츠_6colors,플로우 크롭 반팔 티셔츠_6colors,M,"5018211793",골스튜디오,기타 상의,"{""tags"": [""공용/커플/남성/여성/스테디셀러"", ""반팔티/무지/기본티/라운드넥"", ""봄/여름/가을/베이직/데일리/코튼"", ""세미크롭/세미오버/레이어드/면티"", ""스탠다드/트렌디/32수/건조기가능"", ""짐웨어/운동복/헬스/트레이닝"", ""코디/캐주얼/패션/스트릿/미니멀""], ""season"": ""0"", ""season_year"": 0, ""source_attributes"": {}}"
무신사,DOODLE HEART HALF T WHITE GREYISH BLUE,doodle heart half t white greyish blue,DOODLE HEART HALF T WHITE GREYISH BLUE,M,FMRECTA306M,굿라이프웍스,기타 상의,"{""tags"": [""BESTITEM"", ""그래픽티셔츠"", ""두들하트하프티"", ""반소매티셔츠"", ""봄맞이추천아이템"", ""시그니처"", ""오버핏반팔"", ""인플루언서PICK"", ""티셔츠""], ""season"": ""1"", ""season_year"": 0, ""source_attributes"": {}}"
무신사,워셔블 쿨 코튼 리브드 반팔 카라 니트 5COLOR,워셔블 쿨 코튼 리브드 반팔 카라 니트 5color,Washable Cool Cotton Ribbed Short-Sleeved Collar Knitwear 5COLOR,M,MUN115,그라운즈스웻,트레이닝 재킷,"{""tags"": [""린넨"", ""반팔"", ""반팔니트"", ""반팔티"", ""반팔티셔츠"", ""여름니트"", ""카라니트"", ""쿨아이템""], ""season"": ""1"", ""season_year"": 2026, ""source_attributes"": {""핏"": [""레귤러""], ""계절"": [""봄"", ""여름"", ""가을""], ""두께"": [""보통""], ""비침"": [""없음""], ""촉감"": [""부드러움""], ""신축성"": [""있음""]}}"
무신사,레귤러 크롭 티셔츠 (8 colors),레귤러 크롭 티셔츠 (8 colors),Regular Crop T-Shirt (8 colors),M,MMFTS4B15,골든베어,기타 상의,"{""tags"": [""기본티"", ""단품"", ""레이어드"", ""반팔티"", ""여름"", ""이너"", ""이도현PICK"", ""이도현픽"", ""크롭"", ""티셔츠""], ""season"": ""1"", ""season_year"": 2026, ""source_attributes"": {""핏"": [""루즈""], ""계절"": [""봄"", ""가을"", ""겨울""], ""두께"": [""보통""], ""비침"": [""없음""], ""촉감"": [""보통""], ""신축성"": [""없음""]}}"
무신사,[스토커즈X드로우핏] 슬럽 코튼 헨리넥 티셔츠 [5color],[스토커즈x드로우핏] 슬럽 코튼 헨리넥 티셔츠 [5color],SLUB COTTON HENLYNECK T-SHIRT [5color],M,DFTS6215,골라,기타 상의,"{""tags"": [""남자반팔티셔츠"", ""머슬핏"", ""반팔"", ""반팔티"", ""반팔티셔츠"", ""오버핏반팔티셔츠"", ""헨리넥""], ""season"": ""1"", ""season_year"": 2026, ""source_attributes"": {}}"
무신사,[크롭] 스트라이프 레이어드 헨리넥 롱슬리브_버건디,[크롭] 스트라이프 레이어드 헨리넥 롱슬리브_버건디,Stripe Layered Henley Neck Long Sleeve_Burgundy,"M,W",KBFMF0111BG,그루,상의,"{""tags"": [""긴소매티셔츠"", ""긴팔티셔츠"", ""레이어드"", ""롱슬리브"", ""롱슬리브티셔츠"", ""크롭""], ""season"": ""2"", ""season_year"": 2026, ""source_attributes"": {""핏"": [""슬림"", ""레귤러""], ""계절"": [""봄"", ""가을"", ""겨울""], ""두께"": [""보통""], ""비침"": [""없음""], ""촉감"": [""부드러움""], ""신축성"": [""약간 있음""]}}"
무신사,데님 웨스턴 셔츠 [블랙],데님 웨스턴 셔츠 [블랙],DENIM WESTERN SHIRT [BLACK],M,MMDNSAZ04-BK,골든베어,데님 재킷,"{""tags"": [""가을셔츠"", ""남성정장"", ""남자셔츠"", ""셔츠"", ""이도현PICK"", ""청남방"", ""캐주얼""], ""season"": ""2"", ""season_year"": 2024, ""source_attributes"": {""핏"": [""레귤러""], ""계절"": [""봄"", ""가을"", ""겨울""], ""두께"": [""보통""], ""비침"": [""없음""], ""촉감"": [""보통""], ""신축성"": [""없음""]}}"
무신사,[쿨탠다드] 릴렉스드 슬리브리스 탑 2팩,[쿨탠다드] 릴렉스드 슬리브리스 탑 2팩,COOLTANDARD RELAXED SLEEVELESS TOP 2PACK,"M,W",MMCTE6Z23,골든베어,기타 신발,"{""tags"": [""기본티"", ""나시"", ""무지"", ""민소매"", ""쿨아이템"", ""쿨탠다드"", ""투팩"", ""패키지아이템"", ""패키지제품""], ""season"": ""1"", ""season_year"": 2023, ""source_attributes"": {""핏"": [""레귤러""], ""계절"": [""여름""], ""두께"": [""보통""], ""비침"": [""거의 없음""], ""촉감"": [""보통""], ""신축성"": [""보통""]}}"
무신사,"9oz USA Cotton Tubular Tee White","9oz usa cotton tubular tee white","9oz USA Cotton Tubular Tee White","M,W",N-TOP-0002-WHITE,더콜디스트모먼트,기타 상의,"{""tags"": [""남자반팔"", ""레이어드반팔"", ""무지반팔"", ""무지티"", ""무지티셔츠"", ""반팔티"", ""스테디셀러"", ""오버핏반팔""], ""season"": ""1"", ""season_year"": 2026, ""source_attributes"": {}}"
무신사,소프트 헨리넥 롱슬리브 티셔츠 (4color),소프트 헨리넥 롱슬리브 티셔츠 (4color),Soft Henley Neck Long Sleeve T-Shirt,M,L26SPTS00799,그래프플랫폼,상의,"{""tags"": [], ""season"": ""1"", ""season_year"": 0, ""source_attributes"": {}}"
무신사,워셔블 에센셜 모크넥 니트 4color,워셔블 에센셜 모크넥 니트 4color,워셔블 에센셜 모크넥 니트 4color,"M,W",TMKT122630,고다신,후드,"{""tags"": [""가을니트"", ""겨울니트"", ""긴팔니트"", ""니트"", ""니트웨어"", ""데일리니트"", ""스웨터""], ""season"": ""2"", ""season_year"": 2026, ""source_attributes"": {""핏"": [""레귤러""], ""계절"": [""봄"", ""가을"", ""겨울""], ""두께"": [""보통""], ""비침"": [""없음""], ""촉감"": [""부드러움""], ""신축성"": [""있음""]}}"
무신사,빈티지 V거셋 포켓 데님 맨투맨_2color,빈티지 v거셋 포켓 데님 맨투맨_2color,VINTAGE V-GUSSET ONE POCKET DENIM MTM_2color,"M,W",TRFMT22,갭,니트/스웨터,"{""tags"": [""긴팔"", ""긴팔티셔츠"", ""데님"", ""롱슬리브"", ""맨투맨"", ""스웨트셔츠"", ""오버핏""], ""season"": ""2"", ""season_year"": 2026, ""source_attributes"": {""핏"": [""루즈""], ""계절"": [""봄"", ""가을"", ""겨울""], ""두께"": [""보통""], ""비침"": [""없음""], ""신축성"": [""거의 없음""]}}"
무신사,집업골지 머슬티 (블랙),집업골지 머슬티 (블랙),Zip-up ribbed muscle tee (black),M,"06sst01",그랑크루,바람막이,"{""tags"": [""데일리추천반소매"", ""반소매티셔츠"", ""헬스반팔티""], ""season"": ""1"", ""season_year"": 2026, ""source_attributes"": {""핏"": [""슬림""], ""계절"": [""여름""], ""두께"": [""약간 얇음""], ""비침"": [""보통""], ""촉감"": [""부드러움""], ""신축성"": [""있음""]}}"
무신사,고티에 오버사이즈드 체크 셔츠 [NAVY],고티에 오버사이즈드 체크 셔츠 [navy],GAUTIER OVERSIZED CHECK SHIRT [NAVY],M,DFSH6212NV,골라,데님 재킷,"{""tags"": [""남자셔츠"", ""셔츠"", ""오버핏셔츠"", ""오버핏체크셔츠"", ""와이셔츠"", ""체크셔츠"", ""크롭체크셔츠""], ""season"": ""1"", ""season_year"": 2026, ""source_attributes"": {}}"
무신사,T-Logo Hoodie Navy,t-logo hoodie navy,T-Logo Hoodie Navy,"M,W",TNCO0TSWHO06NAV,그루브스텝,블루종/MA-1,"{""tags"": [""SWEATS"", ""긴팔"", ""남자후드티"", ""스웻"", ""여자후드티"", ""후드티"", ""후드티셔츠"", ""후디""], ""season"": ""2"", ""season_year"": 0, ""source_attributes"": {}}"
무신사,플리츠 워시 레더 셔츠 자켓 (블랙),플리츠 워시 레더 셔츠 자켓 (블랙),Pleated Washed Leather Shirts Jacket (Black),M,CXG4SO33K-BLK,데몬스트레이트,데님 재킷,"{""tags"": [""26FW2차"", ""26FW탑""], ""season"": ""2"", ""season_year"": 2026, ""source_attributes"": {}}"
무신사,웨스턴 투 포켓 셔츠 [브라운],웨스턴 투 포켓 셔츠 [브라운],Western Two-Pocket Shirt [Brown],M,ST991,그레이티스트,데님 재킷,"{""tags"": [""긴팔셔츠"", ""남자웨스턴셔츠"", ""데일리셔츠"", ""웨스턴"", ""웨스턴긴팔셔츠"", ""웨스턴셔츠"", ""캐주얼셔츠""], ""season"": ""2"", ""season_year"": 2025, ""source_attributes"": {""핏"": [""레귤러"", ""루즈""], ""계절"": [""봄"", ""가을"", ""겨울""], ""두께"": [""보통""], ""비침"": [""없음""], ""촉감"": [""약간 부드러움""], ""신축성"": [""보통""]}}"
무신사,[3PACK] 에어쿨링 드라이 기능성 쿨 무지 반팔 티셔츠,[3pack] 에어쿨링 드라이 기능성 쿨 무지 반팔 티셔츠,[3PACK] Air Cooling Sport Sleeve T-shirt,"M,W",ACT-3P,데이브앤데이즈,바람막이,"{""tags"": [""러닝"", ""반팔"", ""반팔티"", ""여름"", ""운동복"", ""짐웨어"", ""쿨론"", ""쿨링"", ""쿨아이템""], ""season"": ""0"", ""season_year"": 2025, ""source_attributes"": {""핏"": [""레귤러""], ""계절"": [""봄"", ""여름"", ""가을"", ""겨울""], ""두께"": [""보통""], ""비침"": [""없음""], ""촉감"": [""보통""], ""신축성"": [""약간 있음""]}}"
무신사,워셔블 린넨 크롭 헨리넥 반팔 니트_7color,워셔블 린넨 크롭 헨리넥 반팔 니트_7color,WASHABLE LINEN CROP HENRY NECK HALF KNIT_7color,"M,W",TRSKN50,갭,기타 상의,"{""tags"": [""니트"", ""린넨"", ""반팔"", ""반팔니트"", ""크롭"", ""크롭티셔츠"", ""헨리넥""], ""season"": ""1"", ""season_year"": 2026, ""source_attributes"": {""핏"": [""루즈""], ""계절"": [""여름""], ""두께"": [""약간 얇음""], ""비침"": [""거의 없음""], ""촉감"": [""보통""], ""신축성"": [""보통""]}}"
무신사,시그니처 코튼 머슬핏 하프 슬리브_7color,시그니처 코튼 머슬핏 하프 슬리브_7color,SIGNATURE COTTON MUSCLE FIT HALF SLEEVE_7color,M,DRSST13,그라픽,바람막이,"{""tags"": [""기본팃"", ""머슬핏"", ""무지티"", ""스포츠웨어"", ""슬림핏"", ""운동복"", ""트레이닝""], ""season"": ""1"", ""season_year"": 2025, ""source_attributes"": {""핏"": [""슬림""], ""계절"": [""봄"", ""여름"", ""가을"", ""겨울""], ""두께"": [""보통""], ""비침"": [""없음""], ""촉감"": [""약간 부드러움""], ""신축성"": [""약간 있음""]}}"
무신사,와플 헨리넥 하프 티셔츠 [BLACK],와플 헨리넥 하프 티셔츠 [black],WAFFLE HELYNECK HALF T-SHIRT [BLACK],M,DFTS5211BK,골라,기타 상의,"{""tags"": [""남자반팔티"", ""남자티셔츠"", ""머슬핏"", ""반팔"", ""반팔티"", ""오버핏반팔티"", ""유튜버데일리룸PICK""], ""season"": ""1"", ""season_year"": 0, ""source_attributes"": {}}"
무신사,와플 반팔 저지 - 네이비 / KW7473,와플 반팔 저지 - 네이비 / kw7473,WAFFLE JERSEY LEGINK,"M,W",KW7473,고저,기타 상의,"{""tags"": [""무배당발"", ""무신사단독"", ""무신사에디션"", ""반소매티셔츠"", ""반팔저지"", ""반팔티"", ""아디다스와플"", ""와플"", ""와플컬렉션"", ""티셔츠추천""], ""season"": ""2"", ""season_year"": 2026, ""source_attributes"": {}}"
무신사,Trouble Half T-Shirts Gray,trouble half t-shirts gray,트러블 하프 티셔츠 그레이,M,AM26SSHS03GR,그랜피니,기타 상의,"{""tags"": [""26SS"", ""반소매티셔츠"", ""반팔"", ""반팔티셔츠"", ""여름반팔"", ""여름티셔츠"", ""티셔츠""], ""season"": ""1"", ""season_year"": 2026, ""source_attributes"": {}}"
무신사,ML GARMENTS  CREW [PIGMENT D.GREY],ml garments crew [pigment d.grey],,M,"3242T1102517",그레일즈,기타 상의,"{""tags"": [""반소매"", ""반팔"", ""반팔티"", ""커플티"", ""피그먼트반팔티""], ""season"": null, ""season_year"": 0, ""source_attributes"": {""핏"": [""오버 사이즈""], ""계절"": [""봄"", ""여름""], ""두께"": [""보통""], ""비침"": [""거의 없음""], ""촉감"": [""보통""], ""신축성"": [""보통""]}}"
무신사,레인 슬럽 머슬핏 데님 반팔 셔츠_노말 블랙,레인 슬럽 머슬핏 데님 반팔 셔츠_노말 블랙,RAIN SLUB MUSCLE FIT HALF DENIM SHIRTS_NORMAL BLACK,M,DRSSH01BK,그라픽,데님 재킷,"{""tags"": [""데님셔츠"", ""데일리셔츠"", ""머슬핏"", ""반소매"", ""반팔셔츠"", ""슬림핏"", ""캐주얼셔츠""], ""season"": ""1"", ""season_year"": 2026, ""source_attributes"": {""핏"": [""슬림""], ""계절"": [""여름""], ""두께"": [""보통""], ""비침"": [""없음""], ""촉감"": [""보통""], ""신축성"": [""거의 없음""]}}"
무신사,히트기어 아머 컴프레션 반팔 1361518-001,히트기어 아머 컴프레션 반팔 1361518-001,히트기어 아머 컴프레션 반팔 1361518-001,M,"1361518-001",데이즈데이즈,바람막이,"{""tags"": [""러닝"", ""머슬핏"", ""운동복"", ""짐웨어"", ""쫄쫄이"", ""컴프레션""], ""season"": ""2"", ""season_year"": 2026, ""source_attributes"": {}}"
무신사,워셔블 쿨 코튼 케이블 반팔 카라 니트 4Color,워셔블 쿨 코튼 케이블 반팔 카라 니트 4color,Washable Cool Cotton Cable Short-Sleeved Collar Knitwear 4 Colors,"M,W",MUN064,그라운즈스웻,트레이닝 재킷,"{""tags"": [""반팔"", ""반팔니트"", ""반팔카라티"", ""반팔티"", ""반팔티셔츠"", ""여름반팔티"", ""오버핏반팔"", ""쿨아이템""], ""season"": ""1"", ""season_year"": 2026, ""source_attributes"": {""핏"": [""레귤러""], ""계절"": [""봄"", ""여름"", ""가을""], ""두께"": [""보통""], ""비침"": [""보통""], ""촉감"": [""부드러움""], ""신축성"": [""있음""]}}"
무신사,레귤러 긴소매 크롭 티셔츠 [화이트],레귤러 긴소매 크롭 티셔츠 [화이트],레귤러 긴소매 크롭 티셔츠 [화이트],M,MMFTL8A02-WH,골든베어,상의,"{""tags"": [""26FW"", ""긴팔"", ""레귤러"", ""무지"", ""이도현PICK"", ""이도현픽"", ""크롭"", ""티셔츠"", ""화이트""], ""season"": ""2"", ""season_year"": 2026, ""source_attributes"": {""핏"": [""레귤러""], ""계절"": [""봄"", ""가을"", ""겨울""], ""두께"": [""보통""], ""비침"": [""없음""], ""촉감"": [""보통""]}}"
무신사,소프트 헨리넥 롱슬리브 티셔츠 [블랙],소프트 헨리넥 롱슬리브 티셔츠 [블랙],Soft Henley Neck Long Sleeve T-Shirt [Black],M,L26SPTS00701,그래프플랫폼,상의,"{""tags"": [""긴소매티"", ""긴소매티셔츠"", ""긴팔티"", ""남자긴팔티"", ""롱슬리브"", ""헨리넥""], ""season"": ""1"", ""season_year"": 0, ""source_attributes"": {""핏"": [""레귤러""], ""계절"": [""봄"", ""여름"", ""가을""], ""두께"": [""약간 얇음""], ""비침"": [""없음""], ""촉감"": [""약간 부드러움""], ""신축성"": [""약간 있음""]}}"
무신사,Cotton Short Sleeve Polo Knit - 6color,cotton short sleeve polo knit - 6color,Cotton Short Sleeve Polo Knit - 6color,"M,W",ALL,구루스 룸 슈즈,후드,"{""tags"": [""남자반팔니트"", ""니트반팔"", ""반팔니트"", ""여름니트"", ""여름반팔니트"", ""카라니트"", ""카라티""], ""season"": null, ""season_year"": 0, ""source_attributes"": {""핏"": [""레귤러"", ""루즈""], ""계절"": [""봄"", ""여름""], ""두께"": [""약간 얇음"", ""보통""], ""비침"": [""없음""], ""촉감"": [""부드러움""], ""신축성"": [""있음""]}}"
무신사,배색 레이어드 롤업 반팔 티셔츠_피그먼트 차콜,배색 레이어드 롤업 반팔 티셔츠_피그먼트 차콜,CONTRAST LAYERED ROLL-UP T-SHIRT_PIGMENT CHARCOAL,"M,W",DBF5TS02CH,구찌,기타 상의,"{""tags"": [""기본티"", ""면티"", ""무지"", ""워싱"", ""코튼"", ""크롭티"", ""핀터룩""], ""season"": ""1"", ""season_year"": 2026, ""source_attributes"": {""핏"": [""레귤러""], ""계절"": [""봄"", ""여름""], ""두께"": [""보통""], ""비침"": [""없음""], ""촉감"": [""보통""], ""신축성"": [""보통""]}}"
무신사,[SET-UP] 럭비 오버핏 메시 하프 셋업_3color,[set-up] 럭비 오버핏 메시 하프 셋업_3color,[SET-UP] RUGBY OVERFIT MESH JERSEY HALF SLEEVE + BERMUDA PANTS_3color,M,DRSST15PACK,그라픽,바람막이,"{""tags"": [""럭비티"", ""머슬핏"", ""셋업"", ""스포츠웨어"", ""오버핏"", ""운동복"", ""트레이닝""], ""season"": ""1"", ""season_year"": 2025, ""source_attributes"": {""핏"": [""루즈""], ""계절"": [""봄"", ""여름"", ""가을"", ""겨울""], ""두께"": [""보통""], ""비침"": [""없음""], ""촉감"": [""보통""], ""신축성"": [""보통""]}}"
무신사,소프트 유넥 이너 티셔츠 (5color),소프트 유넥 이너 티셔츠 (5color),Soft U-Neck Inner T-Shirt,M,L26SPTS01099,그래프플랫폼,기타 상의,"{""tags"": [], ""season"": ""1"", ""season_year"": 0, ""source_attributes"": {}}"
무신사,빅 트리 로고 레이어드 롱슬리브 Melange,빅 트리 로고 레이어드 롱슬리브 melange,Big Tree Logo Layered Long Sleeve Melange,M,DIKU261LRTL003GR,글림퍼,상의,"{""tags"": [""26S/S"", ""그래픽"", ""긴소매"", ""긴팔티"", ""긴팔티셔츠"", ""레이어드티"", ""로고티셔츠""], ""season"": ""0"", ""season_year"": 0, ""source_attributes"": {}}"
무신사,유니콘 헨리넥 슬럽 롱 슬리브 그레이,유니콘 헨리넥 슬럽 롱 슬리브 그레이,UNICORN HENRY NECK SLUB LONG SLEEVE GRAY,M,UN26LS10,금강,상의,"{""tags"": [], ""season"": null, ""season_year"": 0, ""source_attributes"": {}}"
지그재그,[30% 깜짝 쿠폰][무료배송][지그재그 단독][스크런치 SET] 플라네 프릴 블라우스_Navy-Check,[30% 깜짝 쿠폰][무료배송][지그재그 단독][스크런치 set] 플라네 프릴 블라우스_navy-check,,,,디나이언트,,"{""shop_name"": ""하네""}"
무신사,[10주년기획] ⓒ 모두의 수소봉제 긴팔 티셔츠_스트라이프 2 COLOR,[10주년기획] ⓒ 모두의 수소봉제 긴팔 티셔츠_스트라이프 2 color,EVERYONES SINGLE STITCH LONG SLEEVE T-SHIRT_STRIPE 2 COLOR,"M,W",DBF7TL02,구찌,상의,"{""tags"": [""기본티"", ""단가라"", ""레이어드"", ""롱슬리브"", ""면티"", ""베이직"", ""캐주얼""], ""season"": ""2"", ""season_year"": 2026, ""source_attributes"": {""핏"": [""레귤러""], ""계절"": [""봄"", ""여름"", ""가을"", ""겨울""], ""두께"": [""보통""], ""비침"": [""없음""], ""촉감"": [""보통""], ""신축성"": [""보통""]}}"
무신사,Stripe Layered Long Sleeve Charcoal,stripe layered long sleeve charcoal,Stripe Layered Long Sleeve,M,"25FW-ST-02",기철,상의,"{""tags"": [], ""season"": ""2"", ""season_year"": 2025, ""source_attributes"": {}}"
무신사,GUSSET RAGLAN L/S T-SHIRT [BLUE],gusset raglan l/s t-shirt [blue],GUSSET RAGLAN L/S T-SHIRT [BLUE],M,UNION-TS24BL,공에이프런,상의,"{""tags"": [""26FW컬렉션"", ""긴팔"", ""긴팔티셔츠"", ""롱슬리브티""], ""season"": null, ""season_year"": 0, ""source_attributes"": {}}"
무신사,Loop Overlayer Long sleeve (Light Grey),loop overlayer long sleeve (light grey),,"M,W",KC5B2R3110LGY,꿈,상의,"{""tags"": [""25FW"", ""긴팔티"", ""레이어드"", ""롱슬리브"", ""롱슬리브티"", ""롱슬리브티셔츠"", ""티셔츠""], ""season"": ""2"", ""season_year"": 2025, ""source_attributes"": {}}"
무신사,와플 롱 슬리브 폴로 티 - 다크브라운 / KQ6868,와플 롱 슬리브 폴로 티 - 다크브라운 / kq6868,WAFFLE LS POLO DBROWN,"M,W",KQ6868,고저,상의,"{""tags"": [""긴팔"", ""롱슬리브"", ""무배당발"", ""무신사단독"", ""와플"", ""와플롱슬리브"", ""와플컬렉션"", ""폴로롱슬리브""], ""season"": ""1"", ""season_year"": 2026, ""source_attributes"": {}}"
무신사,[2PACK/세미크롭핏] 피그먼트 롱 슬리브 티셔츠 3colors,[2pack/세미크롭핏] 피그먼트 롱 슬리브 티셔츠 3colors,"2팩 피그먼트 롱 슬리브 티셔츠","M,W",DC26SG028,겐조,상의,"{""tags"": [""2PACK"", ""긴소매"", ""긴팔"", ""긴팔티"", ""긴팔티셔츠"", ""데일리팩"", ""롱슬리브"", ""롱슬리브티셔츠"", ""무배당발"", ""피그먼트""], ""season"": ""1"", ""season_year"": 2026, ""source_attributes"": {}}"
무신사,에센셜 RIBBED 롱슬리브 티셔츠_헨리넥 3 COLOR,에센셜 ribbed 롱슬리브 티셔츠_헨리넥 3 color,ESSENTIAL RIBBED LONG SLEEVE T-SHIRT_HENLEY 3 COLOR,"M,W",DBF7TL05,구찌,상의,"{""tags"": [""골지"", ""긴팔티셔츠"", ""레이어드"", ""면티"", ""빈티지"", ""워크웨어"", ""피그먼트""], ""season"": ""2"", ""season_year"": 2026, ""source_attributes"": {""핏"": [""슬림""], ""계절"": [""봄"", ""여름"", ""가을"", ""겨울""], ""두께"": [""보통""], ""비침"": [""없음""], ""촉감"": [""보통""], ""신축성"": [""보통""]}}"
무신사,[SET] 소프트 헨리넥 레이어드 티셔츠 세트,[set] 소프트 헨리넥 레이어드 티셔츠 세트,[SET] Soft Henley-Neck Layered T-Shirt Set,M,L26SPTSSET,그래프플랫폼,상의,"{""tags"": [""긴팔"", ""긴팔티"", ""긴팔티셔츠"", ""레이어드"", ""레이어드티셔츠"", ""롱슬리브"", ""롱슬리브티""], ""season"": ""1"", ""season_year"": 2026, ""source_attributes"": {""핏"": [""레귤러""], ""계절"": [""봄"", ""여름"", ""가을""], ""두께"": [""약간 얇음""], ""비침"": [""없음""], ""신축성"": [""약간 있음""]}}"
무신사,빅 트리 로고 레이어드 롱슬리브 Navy,빅 트리 로고 레이어드 롱슬리브 navy,빅 트리 로고 레이어드 롱슬리브 Navy,W,DIKU261LRTL003NV,글림퍼,상의,"{""tags"": [""26S/S"", ""그래픽"", ""긴소매"", ""긴팔티"", ""긴팔티셔츠"", ""레이어드티"", ""로고티셔츠""], ""season"": ""0"", ""season_year"": 0, ""source_attributes"": {}}"
무신사,[2PACK/세미크롭핏] 롱 슬리브 티셔츠,[2pack/세미크롭핏] 롱 슬리브 티셔츠,"2팩 롱 슬리브 티셔츠","M,W",DC26SG027,겐조,상의,"{""tags"": [""2PACK"", ""긴소매"", ""긴팔"", ""긴팔티"", ""긴팔티셔츠"", ""데일리팩"", ""롱슬리브"", ""롱슬리브티"", ""무배당발""], ""season"": ""1"", ""season_year"": 2026, ""source_attributes"": {}}"
무신사,[2PACK] 슬럽 스트라이프 레이어드 긴팔 티셔츠 7컬러,[2pack] 슬럽 스트라이프 레이어드 긴팔 티셔츠 7컬러,[2PACK] Slub Stripe Layered Long Sleeve T Shirt 7 Colors,"M,W","5014935439",고목,상의,"{""tags"": [""긴팔"", ""긴팔티"", ""긴팔티셔츠"", ""레이어드"", ""롱슬리브"", ""크롭"", ""티셔츠""], ""season"": ""0"", ""season_year"": 0, ""source_attributes"": {""핏"": [""슬림"", ""레귤러""], ""계절"": [""봄"", ""여름"", ""가을"", ""겨울""], ""두께"": [""보통""], ""비침"": [""보통"", ""거의 없음""], ""촉감"": [""보통""], ""신축성"": [""약간 있음""]}}"
무신사,마운틴 롱슬리브 (화이트/블랙),마운틴 롱슬리브 (화이트/블랙),Mountain Long Sleeve Black,W,T25WLS04WHBK,글런든,상의,"{""tags"": [], ""season"": ""2"", ""season_year"": 0, ""source_attributes"": {}}"
무신사,[SFTM 컬래버] 롱 슬리브 티셔츠 - 테크퍼플 / KS7177,[sftm 컬래버] 롱 슬리브 티셔츠 - 테크퍼플 / ks7177,adixSFTM LS M       TECPRP,M,KS7177,고저,아우터,"{""tags"": [""SFTM"", ""긴소매티셔츠"", ""긴팔"", ""러닝티셔츠"", ""롱슬리브"", ""무배당발"", ""아디다스송포더뮤트""], ""season"": ""2"", ""season_year"": 2026, ""source_attributes"": {}}"
무신사,유니콘 헨리넥 롱슬리브 블랙,유니콘 헨리넥 롱슬리브 블랙,UNICORN HENRY NECK LONG SLEEVE BLACK,M,UN26LS07,금강,상의,"{""tags"": [], ""season"": null, ""season_year"": 0, ""source_attributes"": {}}"
무신사,Fumble Long Sleeve Deep Purple,fumble long sleeve deep purple,Fumble Long Sleeve Deep Purple,M,RS12631012,꼬모니노즈,상의,"{""tags"": [""26FW"", ""긴소매티셔츠"", ""긴팔티"", ""긴팔티셔츠"", ""롱슬리브"", ""롱슬리브티셔츠""], ""season"": ""0"", ""season_year"": 0, ""source_attributes"": {}}"
무신사,VTG 인터록 헨리넥 롱슬리브 [그레이],vtg 인터록 헨리넥 롱슬리브 [그레이],Vtg Interlock Henrlyneck Long Sleeve [Gray],M,HVS25-TS54 GR,그리쉬,상의,"{""tags"": [""25FW"", ""긴팔티"", ""레이어드"", ""롱슬리브티"", ""롱슬리브티셔츠"", ""쭉티"", ""헨리넥""], ""season"": ""2"", ""season_year"": 2025, ""source_attributes"": {}}"
무신사,Loop Overlayer Long sleeve (Black),loop overlayer long sleeve (black),,"M,W",KC5B2R3110BLK,꿈,상의,"{""tags"": [""25FW"", ""긴팔"", ""긴팔티"", ""긴팔티셔츠"", ""롱슬리브"", ""롱슬리브티"", ""롱슬리브티셔츠""], ""season"": ""2"", ""season_year"": 2025, ""source_attributes"": {}}"
무신사,레이어드 슬럽 헨리넥 롱 슬리브_4color,레이어드 슬럽 헨리넥 롱 슬리브_4color,LAYERED SLUB HENLEY NECK LONG SLEEVE_4color,M,TRFT09,갭,상의,"{""tags"": [""긴소매티셔츠"", ""긴팔"", ""긴팔티"", ""긴팔티셔츠"", ""레이어드"", ""롱슬리브"", ""헨리넥""], ""season"": ""2"", ""season_year"": 2026, ""source_attributes"": {""핏"": [""루즈""], ""계절"": [""봄"", ""가을"", ""겨울""], ""두께"": [""보통""], ""비침"": [""없음""], ""촉감"": [""보통""], ""신축성"": [""보통""]}}"
무신사,오버다이드 아일렛 크롭 롱슬리브[다잉레드],오버다이드 아일렛 크롭 롱슬리브[다잉레드],Overdyed Eyelet Crop LongSleeve[Dyed Red],M,HVS26-TS71,그리쉬,상의,"{""tags"": [""26SS"", ""긴팔티"", ""긴팔티셔츠"", ""롱슬리브"", ""롱슬리브티"", ""티셔츠""], ""season"": ""1"", ""season_year"": 2026, ""source_attributes"": {}}"
지그재그,"파리 스탠다드 코튼 셔츠 (세레니티 블루), (free)","파리 스탠다드 코튼 셔츠 (세레니티 블루), (free)",,,,드파시온,,"{""shop_name"": ""사색""}"
무신사,베이식 긴소매 티셔츠 2팩,베이식 긴소매 티셔츠 2팩,BASIC LONG SLEEVE T-SHIRT 2PACK,"M,W",MMATLBZ11,골든베어,상의,"{""tags"": [""기본티"", ""긴팔티셔츠"", ""라운드넥"", ""무지"", ""무지티"", ""무진장패키지특가"", ""이너"", ""투팩"", ""패키지아이템""], ""season"": ""2"", ""season_year"": null, ""source_attributes"": {""핏"": [""레귤러""], ""계절"": [""봄"", ""가을""], ""두께"": [""보통""], ""비침"": [""없음""], ""촉감"": [""부드러움""], ""신축성"": [""보통""]}}"
무신사,릴렉스드 립 커프스 래글런 긴소매 티셔츠 [화이트/네이비],릴렉스드 립 커프스 래글런 긴소매 티셔츠 [화이트/네이비],RELAXED RIB CUFFS RAGLAN LONGSLEEVE [WHITE/NAVY],M,MMETL4Z04-73,골든베어,상의,"{""tags"": [""긴팔티셔츠"", ""나그랑"", ""나그랑티셔츠"", ""래글런"", ""티셔츠""], ""season"": ""1"", ""season_year"": 2025, ""source_attributes"": {""핏"": [""루즈""], ""계절"": [""봄"", ""여름"", ""가을""], ""두께"": [""보통""], ""비침"": [""없음""], ""촉감"": [""부드러움""], ""신축성"": [""보통""]}}"
무신사,레이어드 롱슬리브 티셔츠 [CHARCOAL],레이어드 롱슬리브 티셔츠 [charcoal],LAYERED LONG SLEEVE T-SHIRT [CHARCOAL],M,DFTS6302CC,골라,상의,"{""tags"": [""긴소매티셔츠"", ""긴팔티"", ""남자긴팔티"", ""레이어드"", ""롱슬리브"", ""쭉티""], ""season"": ""2"", ""season_year"": 2026, ""source_attributes"": {}}"
무신사,에센셜 레이어드 롱 슬리브 티셔츠_10color,에센셜 레이어드 롱 슬리브 티셔츠_10color,ESSENTIAL LAYERED LONG SLEEVE T-SHIRT_10color,M,TR0SSV001WH,갭,상의,"{""tags"": [""긴소매"", ""긴팔티"", ""레이어드티"", ""롱티셔츠"", ""루즈핏티셔츠"", ""맨투맨"", ""크루넥""], ""season"": ""1"", ""season_year"": 2025, ""source_attributes"": {""핏"": [""루즈""], ""계절"": [""봄"", ""가을"", ""겨울""], ""두께"": [""보통""], ""비침"": [""없음""], ""촉감"": [""보통""], ""신축성"": [""보통""]}}"
무신사,SLUB CUT-OFF L/S T-SHIRT [BLACK],slub cut-off l/s t-shirt [black],SLUB CUT-OFF L/S T-SHIRT [BLACK],M,UNION-TS23BK,공에이프런,상의,"{""tags"": [""26FW컬렉션"", ""긴팔티셔츠"", ""롱슬리브티"", ""롱슬리브티셔츠"", ""슬럽티셔츠"", ""티셔츠""], ""season"": null, ""season_year"": 0, ""source_attributes"": {}}"
무신사,숄더 버튼 래글런 롱슬리브 (다크 네이비 / 그레이),숄더 버튼 래글런 롱슬리브 (다크 네이비 / 그레이),,M,JUT057-DN,그라운드워크,상의,"{""tags"": [""긴팔티"", ""긴팔티셔츠"", ""남자긴팔티"", ""남자롱슬리브"", ""래글런롱슬리브"", ""롱슬리브"", ""루즈핏롱슬리브""], ""season"": null, ""season_year"": 0, ""source_attributes"": {""핏"": [""레귤러""], ""계절"": [""봄"", ""여름"", ""가을"", ""겨울""], ""두께"": [""약간 얇음""], ""비침"": [""거의 없음""], ""촉감"": [""보통""], ""신축성"": [""약간 있음""]}}"
무신사,미니멀 래글런 롱 슬리브 (NAVY),미니멀 래글런 롱 슬리브 (navy),MINIMAL RAGLAN LONG SLEEVE (NAVY),M,T5F-MRLS29NA,나드빌리지,상의,"{""tags"": [""긴팔티셔츠"", ""나그랑"", ""래글런"", ""롱슬리브"", ""롱슬리브티"", ""크롭"", ""티셔츠""], ""season"": ""2"", ""season_year"": 2025, ""source_attributes"": {""핏"": [""레귤러""], ""계절"": [""봄"", ""여름"", ""가을"", ""겨울""], ""두께"": [""보통""], ""비침"": [""거의 없음""], ""촉감"": [""보통""], ""신축성"": [""보통""]}}"
무신사,[노미스 X 인템포무드] 오프 버튼 롱 슬리브 : 3컬러,[노미스 x 인템포무드] 오프 버튼 롱 슬리브 : 3컬러,[NO.MISS X INTEMPOMOOD] Off Button Long Sleeve : 3colors,M,"5011368233",나오미아블로,상의,"{""tags"": [""긴팔티"", ""긴팔티셔츠"", ""롱슬리브"", ""콜라보"", ""티셔츠"", ""헨리넥"", ""헨리넥티셔츠""], ""season"": ""0"", ""season_year"": 0, ""source_attributes"": {""핏"": [""레귤러""], ""계절"": [""봄"", ""가을"", ""겨울""], ""두께"": [""보통""], ""비침"": [""없음""], ""촉감"": [""부드러움""], ""신축성"": [""있음""]}}"
무신사,[크롭] 스트라이프 레이어드 헨리넥 롱슬리브_차콜,[크롭] 스트라이프 레이어드 헨리넥 롱슬리브_차콜,Stripe Layered Henley Neck Long Sleeve_Charcoal,"M,W",KBFMF0111CH,그루,상의,"{""tags"": [""긴소매티셔츠"", ""긴팔티"", ""긴팔티셔츠"", ""레이어드"", ""롱슬리브"", ""롱슬리브티셔츠"", ""크롭""], ""season"": ""2"", ""season_year"": 2026, ""source_attributes"": {""핏"": [""레귤러""], ""계절"": [""봄"", ""가을"", ""겨울""], ""두께"": [""보통""], ""비침"": [""없음""], ""촉감"": [""약간 부드러움""], ""신축성"": [""약간 있음""]}}"
무신사,세미 크롭 헨리넥 니트 티셔츠_6 COLOR,세미 크롭 헨리넥 니트 티셔츠_6 color,,"M,W",P0000DVJ,골라 클래식,상의,"{""tags"": [""긴팔"", ""긴팔티"", ""긴팔티셔츠"", ""롱슬리브"", ""반팔"", ""반팔티셔츠"", ""헨리넥""], ""season"": ""2"", ""season_year"": 2026, ""source_attributes"": {""핏"": [""레귤러""], ""계절"": [""봄"", ""여름"", ""가을"", ""겨울""], ""두께"": [""약간 얇음"", ""보통""], ""비침"": [""보통""], ""촉감"": [""부드러움""], ""신축성"": [""있음""]}}"
무신사,리플 스트라이프 니트 롱 슬리브-2Color,리플 스트라이프 니트 롱 슬리브-2color,Ripple Stripe Knit Long Sleeve-2Color,"M,W",FBFFULS009,그라퍼리즈,상의,"{""tags"": [""긴팔"", ""긴팔티"", ""긴팔티셔츠"", ""데일리룩"", ""롱슬리브티"", ""롱슬리브티셔츠"", ""티셔츠""], ""season"": ""2"", ""season_year"": 2026, ""source_attributes"": {""핏"": [""레귤러""], ""계절"": [""봄"", ""여름"", ""가을""], ""두께"": [""보통""], ""비침"": [""없음""], ""촉감"": [""부드러움""], ""신축성"": [""있음""]}}"
무신사,모스 폴라텍 알파 90 롱슬리브 NAVY,모스 폴라텍 알파 90 롱슬리브 navy,모스 폴라텍 알파 90 롱슬리브 NAVY,M,N6321SFS71NVY,나우바우,아우터,"{""tags"": [""기능성긴팔티"", ""기능성티셔츠"", ""롱슬리브"", ""베이스레이어"", ""아웃도어"", ""폴라텍알파""], ""season"": ""2"", ""season_year"": 2026, ""source_attributes"": {}}"
무신사,립브드 머슬핏 절개 롱 슬리브_3color,립브드 머슬핏 절개 롱 슬리브_3color,RIBBED MUSCLE FIT INCISION LONG SLEEVE_3color,M,DRFWT17,그라픽,아우터,"{""tags"": [""긴소매"", ""긴팔티"", ""롱슬리브"", ""맨투맨"", ""머슬핏"", ""운동복"", ""짐웨어""], ""season"": ""2"", ""season_year"": 2026, ""source_attributes"": {""핏"": [""슬림""], ""계절"": [""봄"", ""가을"", ""겨울""], ""두께"": [""보통""], ""비침"": [""없음""], ""촉감"": [""보통""], ""신축성"": [""보통""]}}"
무신사,[UNISEX] 퀵드라이 리플렉티브 프린트 풀오버 티 - 블랙,[unisex] 퀵드라이 리플렉티브 프린트 풀오버 티 - 블랙,,"M,W","26ST01BK",나우앤투모로우,아우터,"{""tags"": [""기능성"", ""긴팔티셔츠"", ""등산복"", ""러닝"", ""러닝티셔츠"", ""아웃도어"", ""짐웨어""], ""season"": null, ""season_year"": 0, ""source_attributes"": {}}"
무신사,홀스 래빗 롱슬리브 (스카이블루),홀스 래빗 롱슬리브 (스카이블루),,W,T26SLS05SB,글런든,상의,"{""tags"": [""긴소매티셔츠"", ""긴팔티"", ""래빗롱슬리브"", ""롱슬리브"", ""롱슬리브티"", ""말티셔츠"", ""홀스롱슬리브""], ""season"": null, ""season_year"": 0, ""source_attributes"": {}}"
무신사,헨리넥 와플 롱 슬리브 (BLACK),헨리넥 와플 롱 슬리브 (black),HENLEY NECK WAFFLE LONG SLEEVEE (BLACK),M,E5F-HNWLS50 BLACK,나이스고스트클럽,상의,"{""tags"": [""긴팔티"", ""긴팔티셔츠"", ""레이어드"", ""롱슬리브티"", ""미니멀"", ""헨리넥"", ""헨리넥티셔츠""], ""season"": ""2"", ""season_year"": 2025, ""source_attributes"": {""핏"": [""레귤러""], ""계절"": [""봄"", ""가을"", ""겨울""], ""두께"": [""약간 얇음""], ""비침"": [""없음""], ""촉감"": [""부드러움""], ""신축성"": [""약간 있음""]}}"
무신사,[10주년기획] ⓒ 모두의 수소봉제 긴팔 티셔츠_8 COLOR,[10주년기획] ⓒ 모두의 수소봉제 긴팔 티셔츠_8 color,© EVERYONES SINGLE STITCH LONG SLEEVE T-SHIRT_8 COLOR,"M,W",DBF7TL08,구찌,상의,"{""tags"": [""레이어드"", ""롱슬리브"", ""루즈핏"", ""면티"", ""무지"", ""베이직"", ""피그먼트""], ""season"": ""2"", ""season_year"": 2026, ""source_attributes"": {""핏"": [""레귤러""], ""계절"": [""봄"", ""여름"", ""가을"", ""겨울""], ""두께"": [""보통""], ""비침"": [""없음""], ""촉감"": [""보통""], ""신축성"": [""보통""]}}"
무신사,우먼즈 울 텐셀 슬림 스쿱 넥 긴소매 티셔츠 [블랙],우먼즈 울 텐셀 슬림 스쿱 넥 긴소매 티셔츠 [블랙],우먼즈 울 텐셀 슬림 스쿱 넥 긴소매 티셔츠,W,MWFTL9A09-BK,가까이 유니언즈,상의,"{""tags"": [""긴소매티셔츠"", ""긴팔티셔츠"", ""스쿱넥"", ""슬림티셔츠"", ""여자긴팔"", ""티셔츠""], ""season"": ""2"", ""season_year"": 2026, ""source_attributes"": {""핏"": [""슬림""], ""계절"": [""봄"", ""여름""], ""두께"": [""약간 얇음""], ""비침"": [""없음""], ""촉감"": [""약간 부드러움""], ""신축성"": [""있음""]}}"
무신사,팬 OG 트랙탑 LD8924,팬 og 트랙탑 ld8924,팬 OG 트랙탑 LD8924,W,LD8924,고저,하의,"{""tags"": [""ADIDASORIGINALSBYJENNIE"", ""봄아우터"", ""아디다스제니"", ""저지"", ""제니"", ""제니컬렉션"", ""제니협업"", ""트랙탑""], ""season"": null, ""season_year"": null, ""source_attributes"": {}}"
무신사,팬 OG 트랙탑 LD4966,팬 og 트랙탑 ld4966,팬 OG 트랙탑 LD4966,W,LD4966,고저,하의,"{""tags"": [""ADIDASORIGINALSBYJENNIE"", ""봄아우터"", ""아디다스제니"", ""저지"", ""제니"", ""제니컬렉션"", ""제니협업"", ""트랙탑""], ""season"": null, ""season_year"": null, ""source_attributes"": {}}"
무신사,하이넥 페이크레더 자켓_MIWJLG947C,하이넥 페이크레더 자켓_miwjlg947c,High-Neck Faux Leather Jacket_MIWJLG947C6*,W,MIWJLG947C,길영,스니커즈,"{""tags"": [""에겐VS테토룩""], ""season"": ""2"", ""season_year"": 2026, ""source_attributes"": {}}"
무신사,NJ3NS83K 여성 벤투스 온 자켓 MISTY BLUE,nj3ns83k 여성 벤투스 온 자켓 misty blue,,W,NJ3NS83K,나이엔,원피스·스커트,"{""tags"": [""MISTY"", ""NJ3NS83K"", ""벤투스"", ""여성"", ""온"", ""자켓"", ""화이트라벨""], ""season"": ""2"", ""season_year"": 2026, ""source_attributes"": {}}"
무신사,팬 OG 트랙탑 LD8923,팬 og 트랙탑 ld8923,팬 OG 트랙탑 LD8923,W,LD8923,고저,하의,"{""tags"": [""ADIDASORIGINALSBYJENNIE"", ""봄아우터"", ""아디다스제니"", ""저지"", ""제니"", ""제니컬렉션"", ""제니협업"", ""트랙탑""], ""season"": null, ""season_year"": null, ""source_attributes"": {}}"
무신사,FAUX BOMBER LEATHER JACKET IN BLACK,faux bomber leather jacket in black,FAUX BOMBER LEATHER JACKET IN BLACK,W,DMAW63OLJ06BK,나이키,스니커즈,"{""tags"": [""26FW"", ""JACKET"", ""레더봄버"", ""레더자켓"", ""아우터"", ""자켓""], ""season"": ""2"", ""season_year"": 2026, ""source_attributes"": {}}"
무신사,APPLIQUE ABLE OVERSIZE HOOD ZIP UP IN NAVY,applique able oversize hood zip up in navy,APPLIQUE ABLE OVERSIZE HOOD ZIP UP IN NAVY,W,DMAU63OTJ02NV,나이키,신발,"{""tags"": [""26FW"", ""HOODZIP-UP"", ""간절기아우터"", ""여자후드집업"", ""후드집업"", ""후디""], ""season"": ""2"", ""season_year"": 2026, ""source_attributes"": {}}"
무신사,체크 트랙탑 - 블랙:그레이 / LD5339,체크 트랙탑 - 블랙:그레이 / ld5339,CHECKS TT           BLACK/GRETHR/UTIBLK,W,LD5339,고저,하의,"{""tags"": [""데일리아우터"", ""무배당발"", ""아디다스체크트랙탑"", ""저지"", ""체크트랙탑"", ""트랙재킷"", ""트랙탑""], ""season"": ""2"", ""season_year"": 2026, ""source_attributes"": {}}"
무신사,슬림 크리스탈 글램 후드집업_블랙 Slim Crystal Glam Hoodie Zip-Up_Black,슬림 크리스탈 글램 후드집업_블랙 slim crystal glam hoodie zip-up_black,Slim Crystal Glam Hoodie Zip-Up_Black,W,"5019651157",나이트플로우,신발,"{""tags"": [""아우터"", ""재킷"", ""저지"", ""져지"", ""집업"", ""트레이닝점퍼"", ""후드점퍼""], ""season"": null, ""season_year"": 0, ""source_attributes"": {}}"
무신사,DISTRESSED SLEEVE WARMER BOLERO KNIT IN CHARCOAL,distressed sleeve warmer bolero knit in charcoal,DISTRESSED SLEEVE WARMER BOLERO KNIT IN CHARCOAL,W,DMAW63OKC03CH,나이키,데님 스커트,"{""tags"": [""26FW"", ""BOLERO"", ""DECONSTRUCTED"", ""가디건"", ""긴팔니트"", ""니트가디건"", ""볼레로""], ""season"": ""2"", ""season_year"": 2026, ""source_attributes"": {}}"
무신사,하프 트렌치코트 RE JTG311B_MIWJTG90QB,하프 트렌치코트 re jtg311b_miwjtg90qb,,W,MIWJTG90QB,길영,가방,"{""tags"": [], ""season"": ""2"", ""season_year"": 2026, ""source_attributes"": {}}"
무신사,DOUBLE JACKET IN BROWN,double jacket in brown,DOUBLE JACKET IN BROWN,W,DMAW63OJK07BR,나이키,로퍼,"{""tags"": [""26FW"", ""JACKET"", ""블레이저"", ""아우터"", ""자켓"", ""캐주얼자켓""], ""season"": ""2"", ""season_year"": 2026, ""source_attributes"": {}}"
무신사,우먼즈 슬럽 리브드 탑 가디건 세트 [블랙],우먼즈 슬럽 리브드 탑 가디건 세트 [블랙],우먼즈 슬럽 리브드 탑 가디건 세트 [블랙],W,MWFTL7A01-BK,가까이 유니언즈,데님 스커트,"{""tags"": [""가디건"", ""가디건세트"", ""간절기아우터"", ""나시"", ""니트가디건"", ""여름가디건""], ""season"": ""2"", ""season_year"": 2026, ""source_attributes"": {""핏"": [""슬림""], ""계절"": [""봄"", ""여름"", ""가을""], ""두께"": [""약간 얇음""], ""비침"": [""없음""], ""촉감"": [""약간 부드러움""], ""신축성"": [""있음""]}}"
무신사,우먼즈 신세틱 레더 하이 넥 블루종 재킷 [블랙],우먼즈 신세틱 레더 하이 넥 블루종 재킷 [블랙],우먼즈 신세틱 레더 하이 넥 블루종 재킷 [블랙],W,MWFLJ8A08-BK,가까이 유니언즈,스니커즈,"{""tags"": [""간절기아우터"", ""개강룩"", ""레더자켓"", ""레더재킷"", ""블루종"", ""블루종자켓"", ""신세틱레더"", ""재킷"", ""한소희PICK"", ""한소희픽""], ""season"": ""2"", ""season_year"": 2026, ""source_attributes"": {""핏"": [""루즈""], ""계절"": [""봄"", ""가을""], ""두께"": [""보통""], ""비침"": [""없음""], ""촉감"": [""약간 부드러움""], ""신축성"": [""없음""]}}"
무신사,NJ3NS83J 화이트라벨 여성 벤투스 온 자켓 BLACK,nj3ns83j 화이트라벨 여성 벤투스 온 자켓 black,NJ3NS83J 화이트라벨 여성 벤투스 온 자켓 BLACK,W,NJ3NS83J,나이엔,원피스·스커트,"{""tags"": [""경량자켓"", ""경량패딩"", ""무신사단독"", ""아우터"", ""점퍼"", ""패딩"", ""패딩점퍼"", ""화이트라벨""], ""season"": null, ""season_year"": 0, ""source_attributes"": {}}"
무신사,와플 클래식 트랙탑 - 다크브라운 / KQ6865,와플 클래식 트랙탑 - 다크브라운 / kq6865,WAFFLE CL TT        DBROWN,"M,W",KQ6865,고저,하의,"{""tags"": [""무배당발"", ""무신사단독"", ""봄아우터"", ""아디다스트랙탑"", ""아우터"", ""와플"", ""와플컬렉션"", ""저지"", ""져지"", ""트랙탑""], ""season"": ""1"", ""season_year"": 2026, ""source_attributes"": {}}"
무신사,파이어버드 클래식 트랙탑 - 블랙:화이트 / KV9552,파이어버드 클래식 트랙탑 - 블랙:화이트 / kv9552,FB CLASSIC TT       BLACK/WHITE,W,KV9552,고저,하의,"{""tags"": [""무배당발"", ""아디다스파이어버드"", ""저지"", ""클래식트랙탑"", ""트랙재킷"", ""트랙탑"", ""파이어버드"", ""파이어버드클래식트랙재킷""], ""season"": ""2"", ""season_year"": 2026, ""source_attributes"": {}}"
무신사,(woman) VTG 코튼 초어 자켓_Navy,(woman) vtg 코튼 초어 자켓_navy,,W,(woman) VTG 코튼 초어 자켓_Navy,나체,잡화·액세서리,"{""tags"": [""26FW1차""], ""season"": ""2"", ""season_year"": 2026, ""source_attributes"": {}}"
무신사,(우먼)라이트 시어쉘 패딩 점퍼 - 6 COLOR,(우먼)라이트 시어쉘 패딩 점퍼 - 6 color,(우먼)라이트 시어쉘 패딩 점퍼 - 6 COLOR,"M,W",SBE4DW01MW,나츠,원피스·스커트,"{""tags"": [""겨울아우터"", ""경량패딩"", ""숏패딩"", ""아우터"", ""여성경량패딩"", ""여성패딩"", ""패딩""], ""season"": ""2"", ""season_year"": 2026, ""source_attributes"": {}}"
무신사,포즌 믹스 레터링 후드집업 남녀공용,포즌 믹스 레터링 후드집업 남녀공용,POZEN MIX LETTERING HOOD ZIP-UP UNISEX,W,P0000COL,낙원펑크,신발,"{""tags"": [""26FALL"", ""HOODIE"", ""집업"", ""후드집업"", ""후드티"", ""후디집업""], ""season"": null, ""season_year"": 0, ""source_attributes"": {""핏"": [""레귤러""], ""계절"": [""봄"", ""여름"", ""가을"", ""겨울""], ""두께"": [""보통""], ""비침"": [""없음""], ""신축성"": [""보통""]}}"
무신사,슬림 크리스탈 글램 후드집업_퍼플 Slim Crystal Glam Hoodie Zip-Up_Purple,슬림 크리스탈 글램 후드집업_퍼플 slim crystal glam hoodie zip-up_purple,Slim Crystal Glam Hoodie Zip-Up_Purple,W,"5019651194",나이트플로우,신발,"{""tags"": [""봄아우터"", ""아우터"", ""재킷"", ""져지"", ""집업"", ""트레이닝점퍼"", ""후드점퍼""], ""season"": null, ""season_year"": 0, ""source_attributes"": {}}"
무신사,BRUSH RIBBED KNIT ZIP UP IN BROWN,brush ribbed knit zip up in brown,BRUSH RIBBED KNIT ZIP UP IN BROWN,W,DMAW63OKC06BR,나이키,데님 스커트,"{""tags"": [""26FW"", ""DECONSTRUCTED"", ""KNITZIP-UP"", ""가디건"", ""긴팔니트"", ""니트집업"", ""집업가디건""], ""season"": ""2"", ""season_year"": 2026, ""source_attributes"": {}}"
무신사,"VINTAGE FLORAL HOODED JACKET, NAVY","vintage floral hooded jacket, navy","VINTAGE FLORAL HOODED JACKET, NAVY",W,"26FW-11004BY-02",나일론스튜디오,기타 원피스·스커트,"{""tags"": [], ""season"": ""2"", ""season_year"": 2026, ""source_attributes"": {}}"
무신사,W SILVER B PIPING LINE SET UP [BLACK],w silver b piping line set up [black],W SILVER B PIPING LINE SET UP [BLACK],W,BH3WXX24XBK,굿뉴스,스포츠화,"{""tags"": [], ""season"": ""2"", ""season_year"": 2026, ""source_attributes"": {}}"
무신사,[민주킴] 러플 긴소매 카디건  그레이,[민주킴] 러플 긴소매 카디건 그레이,,W,"35685ASX13",낫위드스탠딩,데님 스커트,"{""tags"": [""35685ASX13"", ""스웨터가디건""], ""season"": ""2"", ""season_year"": 2026, ""source_attributes"": {}}"
무신사,미드랭스 워싱 야상  애쉬,미드랭스 워싱 야상 애쉬,,W,"356839SM14",낫위드스탠딩,잡화·액세서리,"{""tags"": [""356839SM14""], ""season"": ""2"", ""season_year"": 2026, ""source_attributes"": {}}"
무신사,APPLIQUE ABLE OVERSIZE HOOD ZIP UP IN CHARCOAL,applique able oversize hood zip up in charcoal,APPLIQUE ABLE OVERSIZE HOOD ZIP UP IN CHARCOAL,W,DMAU63OTJ02CH,나이키,신발,"{""tags"": [""26FW"", ""HOODZIP-UP"", ""간절기아우터"", ""여자후드집업"", ""후드집업"", ""후디""], ""season"": ""2"", ""season_year"": 2026, ""source_attributes"": {}}"
무신사,[기모선택] Swift 헤비테리 후드 집업,[기모선택] swift 헤비테리 후드 집업,[기모선택] Swift 헤비테리 후드 집업,"M,W",VIVALAVIDA,공공육이,신발,"{""tags"": [""집업"", ""집업후드"", ""후드"", ""후드집업"", ""후드티"", ""후디"", ""후디집업""], ""season"": null, ""season_year"": 0, ""source_attributes"": {""핏"": [""루즈"", ""오버 사이즈""], ""계절"": [""봄"", ""가을""], ""두께"": [""보통""], ""비침"": [""없음""], ""촉감"": [""보통""], ""신축성"": [""보통""]}}"
무신사,폴로 랄프 로렌 양키스 새틴 재킷-네이비,폴로 랄프 로렌 양키스 새틴 재킷-네이비,BASEBALL JKT-LINED-BOMBER TAKIHYO SATIN-NAVY-410,"M,W",MNPOOTW16021633-410-26,그란데라인,잡화·액세서리,"{""tags"": [""OUTERWEAR"", ""POLO"", ""폴로""], ""season"": null, ""season_year"": null, ""source_attributes"": {}}"
무신사,[씬라이트] 여성 후드 재킷_SPJPG4TG24,[씬라이트] 여성 후드 재킷_spjpg4tg24,[SHINLIGHT] Womens Hood Jacket_SPJPG4TG24,W,SPJPG4TG24,낫유즈얼,원피스·스커트,"{""tags"": [""겨울아우터"", ""경량"", ""경량패딩"", ""아우터"", ""여성패딩"", ""점퍼"", ""패딩""], ""season"": ""2"", ""season_year"": 2026, ""source_attributes"": {}}"
무신사,[시티 레저] 우먼즈 후디드 라이트 다운 재킷 [라이트 웜 그레이],[시티 레저] 우먼즈 후디드 라이트 다운 재킷 [라이트 웜 그레이],WOMENS CITY LEISURE HOODED LIGHT DOWN JACKET [LIGHT WARM GREY],W,MWEDJ9B57-LW,가까이 유니언즈,원피스·스커트,"{""tags"": [""경량다운"", ""경량패딩"", ""다운재킷"", ""덕다운"", ""라이트다운"", ""시티레저"", ""시티레저경량패딩"", ""후드재킷"", ""후디다운""], ""season"": ""2"", ""season_year"": 2026, ""source_attributes"": {""핏"": [""레귤러""], ""계절"": [""겨울""], ""두께"": [""보통""], ""비침"": [""없음""], ""촉감"": [""보통""], ""신축성"": [""없음""]}}"
무신사,Napoleon Jersey (black),napoleon jersey (black),Napoleon Jersey (black),W,P0000BPD,낫포너드,잡화·액세서리,"{""tags"": [""나폴레옹"", ""봄아우터"", ""여성자켓"", ""자켓"", ""점퍼/자켓"", ""집업"", ""캐주얼""], ""season"": ""1"", ""season_year"": 0, ""source_attributes"": {}}"
무신사,스튜디오 플리스 라이트웨이트 오버사이즈 풀집 후디 W - 토탈 블랙:세일 / IM8109-001,스튜디오 플리스 라이트웨이트 오버사이즈 풀집 후디 w - 토탈 블랙:세일 / im8109-001,AS W NK STDO FLC LW OS FZ HDY - TOTAL BLACK/SAIL,W,IM8109-001,내셔널지오그래픽,신발,"{""tags"": [""나이키라이트웨이트"", ""스튜디오플리스"", ""오버사이즈"", ""후드집업""], ""season"": null, ""season_year"": null, ""source_attributes"": {}}"
무신사,[민주킴] 러플 긴소매 카디건  브라운,[민주킴] 러플 긴소매 카디건 브라운,,W,"35685ASX1D",낫위드스탠딩,데님 스커트,"{""tags"": [""35685ASX1D"", ""스웨터가디건""], ""season"": ""2"", ""season_year"": 2026, ""source_attributes"": {}}"
무신사,FAUX BOMBER LEATHER JACKET IN BROWN,faux bomber leather jacket in brown,FAUX BOMBER LEATHER JACKET IN BROWN,W,DMAW63OLJ06BR,나이키,스니커즈,"{""tags"": [""26FW"", ""JACKET"", ""레더봄버"", ""레더자켓"", ""아우터"", ""자켓""], ""season"": ""2"", ""season_year"": 2026, ""source_attributes"": {}}"
무신사,페이크 스웨이드 트러커자켓_MIWJLG901G,페이크 스웨이드 트러커자켓_miwjlg901g,Microphone Suade Trucker Jacket_MIWJLG901G,W,MIWJLG901G,길영,스니커즈,"{""tags"": [], ""season"": ""2"", ""season_year"": 2026, ""source_attributes"": {}}"
무신사,[에어클라우드]사선지퍼 경량 패딩 자켓 (게랑드솔트),[에어클라우드]사선지퍼 경량 패딩 자켓 (게랑드솔트),ASYMMETRICAL ZIP LIGHT-PADDED JACKET (GUERANDE SALT),"M,W",BXQCLAW5010DS,너버스,원피스·스커트,"{""tags"": [""26FW"", ""경량패딩"", ""숏패딩"", ""아우터"", ""여성패딩"", ""점퍼"", ""패딩""], ""season"": ""2"", ""season_year"": 2026, ""source_attributes"": {}}"
무신사,"1911 니트트랙 집업 멜란지","1911 니트트랙 집업 멜란지","1911 니트트랙 집업(FS263FT01U003071)",W,"1100FS263FT01U003071",너스,가방,"{""tags"": [""1911니트트랙"", ""26FW"", ""아우터"", ""트랙집업"", ""트랙탑"", ""트레이닝자켓"", ""트레이닝집업""], ""season"": null, ""season_year"": null, ""source_attributes"": {}}"
무신사,우먼즈 소프트 리브드 저지 가디건 [블랙],우먼즈 소프트 리브드 저지 가디건 [블랙],우먼즈 소프트 리브드 저지 가디건 [블랙],W,MWFTL7A04-BK,가까이 유니언즈,데님 스커트,"{""tags"": [""가디건"", ""가을가디건"", ""간절기아우터"", ""슬림가디건"", ""시어"", ""여름가디건"", ""져지가디건""], ""season"": ""2"", ""season_year"": 2026, ""source_attributes"": {""핏"": [""슬림""], ""계절"": [""봄"", ""여름""], ""두께"": [""약간 얇음""], ""비침"": [""약간 있음""], ""촉감"": [""약간 부드러움""], ""신축성"": [""있음""]}}"
무신사,Shield-M Slim Fit Zip-Up Hoodie - White,shield-m slim fit zip-up hoodie - white,Shield-M Slim Fit Zip-Up Hoodie - White,"M,W",w-hde26-027,넌서치,신발,"{""tags"": [""26SPRING"", ""집업후드"", ""후드집업"", ""후디집업""], ""season"": ""2"", ""season_year"": 0, ""source_attributes"": {}}"
무신사,RL HORSE 910 KNIT ZIP UP(BLACK),rl horse 910 knit zip up(black),RL HORSE 910 KNIT ZIP UP(BLACK),W,"5011355054",네거티브 스플릿 클럽,신발,"{""tags"": [""니트"", ""니트웨어"", ""니트집업"", ""니트후드집업"", ""집업"", ""후드"", ""후드집업""], ""season"": ""2"", ""season_year"": 2026, ""source_attributes"": {}}"
무신사,크로스 스톤 오버핏 후드집업 블랙,크로스 스톤 오버핏 후드집업 블랙,,W,"6311-3",네벨에브리웨어,신발,"{""tags"": [""간절기아우터"", ""데일리룩"", ""집업"", ""집업후드"", ""후드집업"", ""후디"", ""후디집업""], ""season"": ""2"", ""season_year"": 2026, ""source_attributes"": {}}"
무신사,[에어클라우드]사선지퍼 경량 패딩 자켓 (블랙),[에어클라우드]사선지퍼 경량 패딩 자켓 (블랙),ASYMMETRICAL ZIP LIGHT-PADDED JACKET (BLACK),"M,W",BXQCLAW5010BL,너버스,원피스·스커트,"{""tags"": [""26FW"", ""경량패딩"", ""숏패딩"", ""아우터"", ""여성패딩"", ""점퍼"", ""패딩""], ""season"": ""2"", ""season_year"": 2026, ""source_attributes"": {}}"
무신사,체크 트랙탑 - 크리스탈린넨:아우라커피 / LE8307,체크 트랙탑 - 크리스탈린넨:아우라커피 / le8307,CHECKS TT           CRLI/AUCO/ORBGRN/ver,W,LE8307,고저,하의,"{""tags"": [""데일리아우터"", ""무배당발"", ""아디다스체크트랙탑"", ""저지"", ""체크트랙탑"", ""트랙재킷"", ""트랙탑""], ""season"": ""2"", ""season_year"": 2026, ""source_attributes"": {}}"
무신사,ONE OFF SHOULDER LACE CARDIGAN L/PINK,one off shoulder lace cardigan l/pink,ONE OFF SHOULDER LACE CARDIGAN L/PINK,W,"5010525899",넌블랭크,데님 스커트,"{""tags"": [""가디건"", ""니트"", ""니트가디건"", ""여성가디건"", ""여자가디건""], ""season"": ""2"", ""season_year"": 2026, ""source_attributes"": {}}"
무신사,Architect Utility Jacket (black),architect utility jacket (black),Architect Utility Jacket (black),W,P0000BUZ,낫포너드,기타 원피스·스커트,"{""tags"": [""가을아우터"", ""사파리자켓"", ""숏자켓"", ""아우터"", ""야상"", ""워크자켓"", ""자켓""], ""season"": ""2"", ""season_year"": 0, ""source_attributes"": {}}"
무신사,Mason Work Jacket_Beige,mason work jacket_beige,,W,"26FW-JK006-BE",네스파 스튜디오,기타 원피스·스커트,"{""tags"": [""여성자켓"", ""오버핏자켓"", ""워크자켓"", ""자켓"", ""재킷""], ""season"": ""2"", ""season_year"": 2026, ""source_attributes"": {}}"
무신사,슬림 크리스탈 글램 후드집업_핑크 Slim Crystal Glam Hoodie Zip-Up_Pink,슬림 크리스탈 글램 후드집업_핑크 slim crystal glam hoodie zip-up_pink,Slim Crystal Glam Hoodie Zip-Up_Pink,W,"5019651193",나이트플로우,신발,"{""tags"": [""봄아우터"", ""아우터"", ""재킷"", ""저지"", ""집업"", ""트레이닝점퍼"", ""후드점퍼""], ""season"": null, ""season_year"": 0, ""source_attributes"": {}}"
무신사,APPLIQUE ABLE OVERSIZE HOOD ZIP UP IN IVORY,applique able oversize hood zip up in ivory,APPLIQUE ABLE OVERSIZE HOOD ZIP UP IN IVORY,W,DMAU63OTJ02IV,나이키,신발,"{""tags"": [""26FW"", ""HOODZIP-UP"", ""간절기아우터"", ""여자후드집업"", ""후드집업"", ""후디""], ""season"": ""2"", ""season_year"": 2026, ""source_attributes"": {}}"
무신사,horse hood zip up (sky blue),horse hood zip up (sky blue),horse hood zip up (sky blue),W,"26ev03",네이키드블러드,신발,"{""tags"": [""HOODZIP-UP"", ""오버핏후드집업"", ""집업"", ""집업추천"", ""후드"", ""후드티"", ""후디집업""], ""season"": ""1"", ""season_year"": 2026, ""source_attributes"": {""핏"": [""오버 사이즈""], ""계절"": [""봄"", ""가을""], ""두께"": [""보통""], ""비침"": [""없음""], ""촉감"": [""보통""], ""신축성"": [""보통""]}}"
무신사,EUCT 핫픽스 라인스톤 후드집업 - 블랙,euct 핫픽스 라인스톤 후드집업 - 블랙,EUCT Hotfix Rhinestone Hood Zip Up - BLACK,W,EU26SSOT01-BK,네이키드서프클럽,신발,"{""tags"": [""간절기아우터"", ""오버핏"", ""집업후드"", ""큐빅"", ""핫픽스"", ""후드집업""], ""season"": ""1"", ""season_year"": 2026, ""source_attributes"": {}}"
무신사,로고 자수 사선 투지퍼 워머 후드집업 그레이,로고 자수 사선 투지퍼 워머 후드집업 그레이,,W,"6319-2",네벨에브리웨어,신발,"{""tags"": [], ""season"": ""2"", ""season_year"": 2026, ""source_attributes"": {}}"
무신사,[크롭] 라이트 후드 집업_네이비 [레이어드티 선택],[크롭] 라이트 후드 집업_네이비 [레이어드티 선택],Light Hood Zip-Up_Navy,"M,W",KBFMF0117NY,그루,신발,"{""tags"": [""긴팔티셔츠"", ""로고후드티"", ""맨투맨/후드"", ""아우터"", ""집업"", ""후드집업"", ""후디""], ""season"": ""2"", ""season_year"": 2026, ""source_attributes"": {""핏"": [""레귤러""], ""계절"": [""봄"", ""가을"", ""겨울""], ""두께"": [""보통""], ""비침"": [""없음""], ""촉감"": [""부드러움""], ""신축성"": [""약간 있음""]}}"
무신사,RL HORSE 910 KNIT ZIP UP(IVORY),rl horse 910 knit zip up(ivory),RL HORSE 910 KNIT ZIP UP(IVORY),W,"5011355052",네거티브 스플릿 클럽,신발,"{""tags"": [""니트"", ""니트웨어"", ""니트집업"", ""니트후드집업"", ""집업"", ""후드"", ""후드집업""], ""season"": ""2"", ""season_year"": 2026, ""source_attributes"": {}}"
무신사,ASYMMETRIC BUTTON COWL JACKET KHAKI,asymmetric button cowl jacket khaki,,W,SC4JP47KH,기호,잡화·액세서리,"{""tags"": [""가을아우터"", ""간절기아우터"", ""슬림핏"", ""워싱자켓"", ""워크자켓"", ""카울넥"", ""코튼자켓""], ""season"": ""2"", ""season_year"": 2026, ""source_attributes"": {""핏"": [""슬림"", ""레귤러""], ""계절"": [""가을"", ""겨울""], ""두께"": [""약간 얇음""], ""비침"": [""없음""], ""촉감"": [""약간 부드러움"", ""보통""], ""신축성"": [""약간 있음""]}}"
무신사,우먼즈 소프트 리브드 저지 가디건 [미디엄 그레이],우먼즈 소프트 리브드 저지 가디건 [미디엄 그레이],우먼즈 소프트 리브드 저지 가디건 [미디엄 그레이],W,MWFTL7A04-MR,가까이 유니언즈,데님 스커트,"{""tags"": [""가디건"", ""가을가디건"", ""간절기아우터"", ""슬림가디건"", ""시어"", ""여름가디건"", ""져지가디건""], ""season"": ""2"", ""season_year"": 2026, ""source_attributes"": {""핏"": [""슬림""], ""계절"": [""봄"", ""여름""], ""두께"": [""약간 얇음""], ""비침"": [""약간 있음""], ""촉감"": [""약간 부드러움""], ""신축성"": [""있음""]}}"
무신사,코튼 블렌디드 후드집업_블랙,코튼 블렌디드 후드집업_블랙,,W,WP26-HD101,네일비,신발,"{""tags"": [""간절기아우터"", ""집업"", ""집업후드"", ""후드"", ""후드집업"", ""후디"", ""후디집업""], ""season"": ""1"", ""season_year"": 2026, ""source_attributes"": {}}"
지그재그,[가을🍁직진배송/6만장돌파][MADE] 피오니 러플 셔링 레이스 코튼 블라우스,[가을🍁직진배송/6만장돌파][made] 피오니 러플 셔링 레이스 코튼 블라우스,,,,드파운드,,"{""shop_name"": ""디어먼트""}"
무신사,슬림핏 점퍼_MIWJJG956C,슬림핏 점퍼_miwjjg956c,슬림핏 점퍼_MIWJJG956C,W,MIWJJG956C,길영,잡화·액세서리,"{""tags"": [""에겐VS테토룩""], ""season"": ""2"", ""season_year"": 2026, ""source_attributes"": {}}"
무신사,우먼즈 신세틱 스웨이드 카 코트 [브라운],우먼즈 신세틱 스웨이드 카 코트 [브라운],우먼즈 신세틱 스웨이드 카 코트,W,MWELJ9C01-BR,가까이 유니언즈,가방,"{""tags"": [""간절기아우터"", ""개강룩"", ""맥코트"", ""스웨이드"", ""스웨이드자켓"", ""신세틱스웨이드"", ""자켓"", ""재킷"", ""하프코트""], ""season"": ""2"", ""season_year"": 2026, ""source_attributes"": {""핏"": [""루즈""], ""계절"": [""봄"", ""가을"", ""겨울""], ""두께"": [""보통""], ""비침"": [""없음""], ""촉감"": [""보통""], ""신축성"": [""없음""]}}"
무신사,스텝 온 스타 후드 집업 사파이어 블루,스텝 온 스타 후드 집업 사파이어 블루,Step On Star Hood zip up sapphire blue,"M,W","26FWNDHZ103BL",네파 이젠벅,신발,"{""tags"": [], ""season"": ""0"", ""season_year"": 2026, ""source_attributes"": {}}"
무신사,[크롭] 라이트 후드 집업_퍼플 [레이어드티 선택],[크롭] 라이트 후드 집업_퍼플 [레이어드티 선택],Light Hood Zip-Up_Purple,"M,W",KBFMF0117PP,그루,신발,"{""tags"": [""긴팔티셔츠"", ""로고후드티"", ""아우터"", ""후드"", ""후드집업"", ""후드티셔츠"", ""후디""], ""season"": ""2"", ""season_year"": 2026, ""source_attributes"": {""핏"": [""레귤러""], ""계절"": [""봄"", ""가을"", ""겨울""], ""두께"": [""보통""], ""비침"": [""없음""], ""촉감"": [""부드러움""], ""신축성"": [""약간 있음""]}}"
무신사,프리즘 패디드 자켓(4colors) NPD1606,프리즘 패디드 자켓(4colors) npd1606,,"M,W",NPD1606,골드퍼센트,원피스·스커트,"{""tags"": [""숏패딩"", ""아우터"", ""자켓"", ""패딩""], ""season"": ""2"", ""season_year"": 2026, ""source_attributes"": {}}"
무신사,마가린 아플리케 루즈 투웨이 지퍼 후드집업 블루,마가린 아플리케 루즈 투웨이 지퍼 후드집업 블루,Margarine Applique Loose two-way zipper Hoodie Zip-Up Blue,W,"18 blue",네프네프,신발,"{""tags"": [""간절기아우터"", ""여자후드집업"", ""후드집업"", ""후드티"", ""후디"", ""후디집업""], ""season"": ""2"", ""season_year"": 2026, ""source_attributes"": {}}"
무신사,스탠카라 집업자켓_MIWJLGT0PB,스탠카라 집업자켓_miwjlgt0pb,스탠카라 집업자켓_MIWJLGT0PB,W,MIWJLGT0PB,길영,스니커즈,"{""tags"": [], ""season"": ""2"", ""season_year"": 2026, ""source_attributes"": {}}"
무신사,우먼즈 신세틱 레더 카 코트 [블랙],우먼즈 신세틱 레더 카 코트 [블랙],우먼즈 신세틱 레더 카 코트,W,MWFLJ8B07-BK,가까이 유니언즈,스니커즈,"{""tags"": [""간절기아우터"", ""레더자켓"", ""레더재킷"", ""레더카코트"", ""레더코트"", ""신세틱레더"", ""카코트""], ""season"": ""2"", ""season_year"": 2026, ""source_attributes"": {""핏"": [""루즈""], ""계절"": [""봄"", ""가을""], ""두께"": [""보통""], ""비침"": [""없음""], ""촉감"": [""약간 부드러움""], ""신축성"": [""없음""]}}"
무신사,NJ3LS39J 화이트라벨 여성 올레마 LT 자켓 BLACK,nj3ls39j 화이트라벨 여성 올레마 lt 자켓 black,W S OLEMA LT JACKET,W,NJ3LS39J,나이엔,부츠/워커,"{""tags"": [""경량자켓"", ""러닝"", ""바람막이"", ""바람막이자켓"", ""자켓"", ""화이트라벨""], ""season"": null, ""season_year"": 0, ""source_attributes"": {}}"
무신사,DOUBLE BUTTON PUFF SLEEVE JACKET WHITE,double button puff sleeve jacket white,DOUBLE BUTTON PUFF SLEEVE JACKET WHITE,W,RR26AJK5187WH,네파,기타 원피스·스커트,"{""tags"": [""26SS"", ""간절기아우터"", ""여성자켓"", ""자켓/점퍼""], ""season"": null, ""season_year"": 0, ""source_attributes"": {}}"
무신사,스터드 하이넥 비조 멀티 포켓 포인트 오버핏 블루종 코튼 집업 자켓 [브라운],스터드 하이넥 비조 멀티 포켓 포인트 오버핏 블루종 코튼 집업 자켓 [브라운],Studded high-neck buckle multi-pocket point oversized blouson cotton zip-up jacket [brown],W,"26F7771724-3100",넷소셜클럽,기타,"{""tags"": [""간절기"", ""레더자켓"", ""바람막이"", ""바시티"", ""야상자켓"", ""크로자켓"", ""후드티""], ""season"": ""0"", ""season_year"": 2026, ""source_attributes"": {}}"
무신사,Viper91 Nylon hooded windbreaker - White,viper91 nylon hooded windbreaker - white,Viper91 Nylon hooded windbreaker - White,"M,W",w-jkt26-031,넌서치,하의,"{""tags"": [""바람막이"", ""윈드브레이커"", ""트랙자켓"", ""트랙탑""], ""season"": null, ""season_year"": 0, ""source_attributes"": {}}"
무신사,ASTRO 아트웍 후드 집업_2 COLOR,astro 아트웍 후드 집업_2 color,ASTRO ARTWORK HOODED ZIP-UP_2 COLOR,"M,W",VBF7TH11,구찌,신발,"{""tags"": [""그래픽"", ""베이직"", ""오버핏"", ""자수"", ""캐주얼"", ""피그먼트"", ""후디""], ""season"": ""2"", ""season_year"": 2026, ""source_attributes"": {""핏"": [""루즈""], ""계절"": [""봄"", ""가을"", ""겨울""], ""두께"": [""보통""], ""비침"": [""없음""], ""촉감"": [""보통""], ""신축성"": [""보통""]}}"
무신사,퍼니 지그재그 글러브 집업 후디,퍼니 지그재그 글러브 집업 후디,퍼니 지그재그 글러브 집업 후디,"M,W",MDJKGC003,노드랩스,반소매 티셔츠,"{""tags"": [""매든X류혜영""], ""season"": null, ""season_year"": null, ""source_attributes"": {}}"
무신사,스포츠웨어 UV 루즈 핏 후드 재킷 W - 블랙:세일 / IM8162-010,스포츠웨어 uv 루즈 핏 후드 재킷 w - 블랙:세일 / im8162-010,W NK UV CLSSC HOODED JKT - BLACK/(SAIL),W,IM8162-010,내셔널지오그래픽,하의,"{""tags"": [""NSW"", ""UV차단"", ""루즈핏"", ""후드집업""], ""season"": null, ""season_year"": null, ""source_attributes"": {}}"
무신사,roughtype Signature Over Fit Hood Zip-up - Deep purple,roughtype signature over fit hood zip-up - deep purple,roughtype Signature Over Fit Hood Zip-up - Deep purple,W,KRT926193,노드유,신발,"{""tags"": [""후드집업""], ""season"": null, ""season_year"": 0, ""source_attributes"": {""핏"": [""오버 사이즈""], ""계절"": [""봄"", ""가을"", ""겨울""], ""두께"": [""보통""], ""비침"": [""없음""], ""촉감"": [""보통""], ""신축성"": [""보통""]}}"
무신사,Mystic Capsule Slim-Fit Zip-Up Hoodie - Gray,mystic capsule slim-fit zip-up hoodie - gray,Mystic Capsule Slim-Fit Zip-Up Hoodie - Gray,"M,W",w-hde26-023,넌서치,신발,"{""tags"": [""집업후드"", ""후드집업"", ""후디집업""], ""season"": ""2"", ""season_year"": 0, ""source_attributes"": {}}"
무신사,Stud Oil Washed Hood Zip Up - Grey,stud oil washed hood zip up - grey,Stud Oil Washed Hood Zip Up - Grey,"M,W",K2HD02PGR,노드유 우먼,신발,"{""tags"": [""26FW"", ""HOODIE"", ""WASHED"", ""아우터"", ""후드"", ""후드집업"", ""후드티""], ""season"": ""2"", ""season_year"": 2026, ""source_attributes"": {""핏"": [""루즈"", ""오버 사이즈""], ""계절"": [""봄"", ""가을"", ""겨울""], ""두께"": [""보통""], ""비침"": [""보통""], ""촉감"": [""보통""], ""신축성"": [""보통""]}}"
무신사,우먼즈 라이트웨이트 신칠라 스냅 티 풀오버 / 25455R7,우먼즈 라이트웨이트 신칠라 스냅 티 풀오버 / 25455r7,Womens Lightweight Synchilla SnapT Pullover,W,"25455R7",노드,플랫,"{""tags"": [""FW컬렉션"", ""아웃도어플리스"", ""캠핑룩"", ""폴라플리스"", ""플리스"", ""플리스자켓"", ""후리스""], ""season"": ""2"", ""season_year"": 2026, ""source_attributes"": {}}"
무신사,BRUSH RIBBED KNIT ZIP UP IN CHARCOAL,brush ribbed knit zip up in charcoal,BRUSH RIBBED KNIT ZIP UP IN CHARCOAL,W,DMAW63OKC06CH,나이키,데님 스커트,"{""tags"": [""26FW"", ""DECONSTRUCTED"", ""KNITZIP-UP"", ""가디건"", ""긴팔니트"", ""니트집업"", ""집업가디건""], ""season"": ""2"", ""season_year"": 2026, ""source_attributes"": {}}"
무신사,[시티 레저] 우먼즈 후디드 라이트 다운 재킷 [데저트 핑크],[시티 레저] 우먼즈 후디드 라이트 다운 재킷 [데저트 핑크],WOMENS CITY LEISURE HOODED LIGHT DOWN JACKET [DESERT PINK],W,MWEDJ9B57-EP,가까이 유니언즈,원피스·스커트,"{""tags"": [""경량다운"", ""경량패딩"", ""다운재킷"", ""덕다운"", ""라이트다운"", ""시티레저"", ""시티레저경량패딩"", ""후드재킷"", ""후디다운""], ""season"": ""2"", ""season_year"": 2026, ""source_attributes"": {""핏"": [""레귤러""], ""계절"": [""겨울""], ""두께"": [""보통""], ""비침"": [""없음""], ""촉감"": [""보통""], ""신축성"": [""없음""]}}"
무신사,SST 더블 레이어드 크롭 트랙탑 - 블랙 / KS9141,sst 더블 레이어드 크롭 트랙탑 - 블랙 / ks9141,SST DBL LYE TTP     BLACK,W,KS9141,고저,하의,"{""tags"": [""더블레이어드"", ""무배당발"", ""아디다스트랙탑"", ""저지"", ""트랙탑"", ""트랙탑추천""], ""season"": ""2"", ""season_year"": 2026, ""source_attributes"": {}}"
무신사,METAL DETAIL HOOD ZIP UP IN CHARCOAL,metal detail hood zip up in charcoal,METAL DETAIL HOOD ZIP UP IN CHARCOAL,W,DMAW62OTJ06CH,나이키,신발,"{""tags"": [""26FW"", ""HOODZIP-UP"", ""간절기아우터"", ""스웻셋업"", ""여자후드집업"", ""후드집업"", ""후디""], ""season"": ""2"", ""season_year"": 2026, ""source_attributes"": {}}"
무신사,프릴 플라워 패치 포인트 베이직 투웨이 스웻 오버핏 후드 집업 자켓  [차콜],프릴 플라워 패치 포인트 베이직 투웨이 스웻 오버핏 후드 집업 자켓 [차콜],,W,"26F7771708-4600",노디,신발,"{""tags"": [""니트"", ""레이어드"", ""반소매"", ""베이직"", ""오프숄더"", ""크롭티셔츠"", ""후드티셔츠""], ""season"": ""0"", ""season_year"": 2026, ""source_attributes"": {""핏"": [""레귤러"", ""루즈"", ""오버 사이즈""], ""계절"": [""봄"", ""가을"", ""겨울""], ""두께"": [""보통""], ""비침"": [""없음""], ""촉감"": [""부드러움""], ""신축성"": [""있음""]}}"
무신사,STANDARD LOGO HOODIE ZIP-UP BROWN,standard logo hoodie zip-up brown,STANDARD LOGO HOODIE ZIP-UP BROWN,W,AM2GFUM486ABR,노디코마,신발,"{""tags"": [""간절기아우터"", ""여자후드집업"", ""집업"", ""후드"", ""후드집업"", ""후디"", ""후디집업""], ""season"": ""2"", ""season_year"": 2026, ""source_attributes"": {}}"
무신사,BACK CLASSIC LOGO HOODIE ZIPUP navy,back classic logo hoodie zipup navy,BACK CLASSIC LOGO HOODIE ZIPUP navy,W,MFG46FHZ201NVY,노라,신발,"{""tags"": [""26FA"", ""클래식로고""], ""season"": ""2"", ""season_year"": 0, ""source_attributes"": {""핏"": [""레귤러""], ""계절"": [""봄"", ""가을"", ""겨울""], ""두께"": [""보통""], ""비침"": [""없음""], ""촉감"": [""보통""], ""신축성"": [""약간 있음""]}}"
무신사,NJ3NS83L 여성 벤투스 온 자켓 VANILLA,nj3ns83l 여성 벤투스 온 자켓 vanilla,,W,NJ3NS83L,나이엔,원피스·스커트,"{""tags"": [""26FW신상"", ""NJ3NS83L"", ""벤투스"", ""여성"", ""온"", ""자켓""], ""season"": ""2"", ""season_year"": 2026, ""source_attributes"": {}}"
무신사,우먼즈 슬럽 리브드 탑 가디건 세트 [레드],우먼즈 슬럽 리브드 탑 가디건 세트 [레드],우먼즈 슬럽 리브드 탑 가디건 세트 [레드],W,MWFTL7A01-RE,가까이 유니언즈,데님 스커트,"{""tags"": [""가디건"", ""가디건세트"", ""간절기아우터"", ""나시"", ""니트가디건"", ""여름가디건""], ""season"": ""2"", ""season_year"": 2026, ""source_attributes"": {""핏"": [""슬림""], ""계절"": [""봄"", ""여름"", ""가을""], ""두께"": [""약간 얇음""], ""비침"": [""없음""], ""촉감"": [""약간 부드러움""], ""신축성"": [""있음""]}}"
무신사,DRAPED SCARF JACKET IN BLACK,draped scarf jacket in black,DRAPED SCARF JACKET IN BLACK,W,DMAW63OJK18BK,나이키,스니커즈,"{""tags"": [""26FW"", ""DRAPEDJACKET"", ""JACKET"", ""드레이프자켓"", ""스웨이드자켓"", ""자켓""], ""season"": ""2"", ""season_year"": 2026, ""source_attributes"": {}}"
무신사,하이넥 M65 스트링 야상 필드 자켓 퍼플,하이넥 m65 스트링 야상 필드 자켓 퍼플,하이넥 M65 스트링 야상 필드 자켓 퍼플,W,"5019091763",노르디스크,기타 원피스·스커트,"{""tags"": [""가을아우터"", ""사파리자켓"", ""아우터"", ""야상"", ""워크자켓"", ""점퍼"", ""필드자켓""], ""season"": null, ""season_year"": 0, ""source_attributes"": {}}"
무신사,우먼즈 에센셜 커브드 데님 팬츠 [미디엄 인디고],우먼즈 에센셜 커브드 데님 팬츠 [미디엄 인디고],우먼즈 커브드 데님 팬츠 [미디엄 인디고],W,MWFNP0A05-MI,가까이 유니언즈,긴소매 티셔츠,"{""tags"": [""데님"", ""데님팬츠"", ""바지"", ""배럴팬츠"", ""베이식"", ""베이직"", ""커브드팬츠"", ""팬츠"", ""한소희PICK""], ""season"": ""2"", ""season_year"": 2026, ""source_attributes"": {""핏"": [""오버 사이즈""], ""계절"": [""봄"", ""여름"", ""가을"", ""겨울""], ""두께"": [""보통""], ""비침"": [""없음""], ""촉감"": [""보통""], ""신축성"": [""거의 없음""]}}"
무신사,로우라이즈 워싱 부츠컷 데님_MIWTJG536J MIWTJG91QJ,로우라이즈 워싱 부츠컷 데님_miwtjg536j miwtjg91qj,로우라이즈 워싱 부츠컷 데님_MIWTJG536J,W,MIWTJG536J,길영,긴소매 티셔츠,"{""tags"": [""SNS트렌드템"", ""글램걸STYLE"", ""설쁘PICK""], ""season"": ""0"", ""season_year"": 2026, ""source_attributes"": {}}"
무신사,니트 루즈 팬츠 LD8918,니트 루즈 팬츠 ld8918,니트 루즈 팬츠 LD8918,W,LD8918,고저,미니 스커트,"{""tags"": [""ADIDASORIGINALSBYJENNIE"", ""아디다스제니"", ""제니"", ""제니컬렉션"", ""제니협업""], ""season"": null, ""season_year"": null, ""source_attributes"": {}}"
무신사,플리티드 트랙 팬츠 LD4965,플리티드 트랙 팬츠 ld4965,플리티드 트랙 팬츠 LD4965,W,LD4965,고저,미니 스커트,"{""tags"": [""ADIDASORIGINALSBYJENNIE"", ""아디다스제니"", ""제니"", ""제니컬렉션"", ""제니협업"", ""트랙팬츠""], ""season"": null, ""season_year"": null, ""source_attributes"": {}}"
무신사,니트 루즈 팬츠 LD8917,니트 루즈 팬츠 ld8917,니트 루즈 팬츠 LD8917,W,LD8917,고저,미니 스커트,"{""tags"": [""ADIDASORIGINALSBYJENNIE"", ""아디다스제니"", ""제니"", ""제니컬렉션"", ""제니협업""], ""season"": null, ""season_year"": null, ""source_attributes"": {}}"
무신사,우먼즈 솔리드 CP 커브드 치노 팬츠 [베이지],우먼즈 솔리드 cp 커브드 치노 팬츠 [베이지],우먼즈 솔리드 CP 커브드 치노 팬츠 [베이지],W,MWFPC8A31-BE,가까이 유니언즈,롱/맥시 원피스,"{""tags"": [""면바지"", ""베이식"", ""베이직"", ""오피스룩"", ""치노"", ""치노팬츠"", ""커브드팬츠""], ""season"": ""2"", ""season_year"": 2026, ""source_attributes"": {""핏"": [""루즈""], ""계절"": [""봄"", ""여름"", ""가을"", ""겨울""], ""두께"": [""보통""], ""비침"": [""없음""], ""촉감"": [""보통""], ""신축성"": [""거의 없음""]}}"
무신사,우먼즈 솔리드 CP 커브드 치노 팬츠 [블랙],우먼즈 솔리드 cp 커브드 치노 팬츠 [블랙],우먼즈 솔리드 CP 커브드 치노 팬츠 [블랙],W,MWFPC8A31-BK,가까이 유니언즈,롱/맥시 원피스,"{""tags"": [""면바지"", ""베이식"", ""베이직"", ""오피스룩"", ""치노"", ""치노팬츠"", ""커브드팬츠""], ""season"": ""2"", ""season_year"": 2026, ""source_attributes"": {""핏"": [""루즈""], ""계절"": [""봄"", ""여름"", ""가을"", ""겨울""], ""두께"": [""보통""], ""비침"": [""없음""], ""촉감"": [""보통""], ""신축성"": [""거의 없음""]}}"
무신사,Patchwork Bootcut Sweatpants [Charcoal],patchwork bootcut sweatpants [charcoal],Patchwork Bootcut Sweatpants [Charcoal],W,"5014151296",노르딕아일랜드,미니 스커트,"{""tags"": [""26SUMMER"", ""바지"", ""밴딩팬츠"", ""스웨트팬츠"", ""스웻팬츠"", ""트레이닝팬츠"", ""팬츠""], ""season"": ""1"", ""season_year"": 0, ""source_attributes"": {""핏"": [""슬림""], ""계절"": [""봄"", ""여름"", ""가을""], ""두께"": [""보통""], ""비침"": [""보통""], ""촉감"": [""보통""], ""신축성"": [""보통""]}}"
무신사,우먼즈 라운드 칼라 숏 블레이저 [블랙],우먼즈 라운드 칼라 숏 블레이저 [블랙],,W,MWFJK3C02-BK,가까이 유니언즈,로퍼,"{""tags"": [""간절기아우터"", ""봄아우터"", ""여성자켓"", ""캐주얼자켓"", ""하객룩""], ""season"": ""1"", ""season_year"": 2026, ""source_attributes"": {""핏"": [""레귤러""], ""계절"": [""봄"", ""가을""], ""두께"": [""보통""], ""비침"": [""없음""], ""촉감"": [""보통""], ""신축성"": [""약간 있음""]}}"
무신사,HIGH TOP SNEAKERS IN BROWN,high top sneakers in brown,HIGH TOP SNEAKERS IN BROWN,W,DMAW62SSN03,나이키,스웨트/조거 팬츠,"{""tags"": [""26HS""], ""season"": ""1"", ""season_year"": 2026, ""source_attributes"": {}}"
무신사,우먼즈 에센셜 커브드 데님 팬츠 [딥 인디고],우먼즈 에센셜 커브드 데님 팬츠 [딥 인디고],우먼즈 커브드 데님 팬츠 [딥 인디고],W,MWFNP0A05-DI,가까이 유니언즈,긴소매 티셔츠,"{""tags"": [""데님"", ""데님팬츠"", ""바지"", ""배럴팬츠"", ""베이식"", ""베이직"", ""커브드팬츠"", ""팬츠""], ""season"": ""2"", ""season_year"": 2026, ""source_attributes"": {""핏"": [""오버 사이즈""], ""계절"": [""봄"", ""여름"", ""가을"", ""겨울""], ""두께"": [""보통""], ""비침"": [""없음""], ""촉감"": [""보통""], ""신축성"": [""거의 없음""]}}"
무신사,슬림 크리스탈 글램 팬츠_퍼플 Slim Crystal Glam Pants_Purple,슬림 크리스탈 글램 팬츠_퍼플 slim crystal glam pants_purple,Slim Crystal Glam Pants_Purple,W,"5019651352",나이트플로우,미니 스커트,"{""tags"": [""밴딩팬츠"", ""부츠컷팬츠"", ""스웨트팬츠"", ""와이드팬츠"", ""캐주얼팬츠"", ""트레이닝바지"", ""트레이닝팬츠""], ""season"": null, ""season_year"": 0, ""source_attributes"": {}}"
무신사,SUGARLAND SWEAT PANTS [BLACK],sugarland sweat pants [black],SUGARLAND SWEAT PANTS [BLACK],W,SDFSBO121BK,노매뉴얼,미니 스커트,"{""tags"": [""바지"", ""밴딩팬츠"", ""스웨트팬츠"", ""스웻팬츠"", ""캐주얼팬츠"", ""트레이닝바지"", ""팬츠""], ""season"": null, ""season_year"": 0, ""source_attributes"": {}}"
무신사,Shield-M Semi-Curved Fit Joggers - Black,shield-m semi-curved fit joggers - black,Shield-M Semi-Curved Fit Joggers - Black,"M,W",w-pts26-061,넌서치,미니 스커트,"{""tags"": [""26봄시즌신상"", ""바지"", ""조거팬츠"", ""트레이닝바지"", ""트레이닝팬츠""], ""season"": null, ""season_year"": 0, ""source_attributes"": {}}"
무신사,니트 루즈 팬츠 LD4963,니트 루즈 팬츠 ld4963,니트 루즈 팬츠 LD4963,W,LD4963,고저,미니 스커트,"{""tags"": [""ADIDASORIGINALSBYJENNIE"", ""아디다스제니"", ""제니"", ""제니컬렉션"", ""제니협업""], ""season"": null, ""season_year"": null, ""source_attributes"": {}}"
무신사,METAL DETAIL SWEAT PANTS IN CHARCOAL,metal detail sweat pants in charcoal,METAL DETAIL SWEAT PANTS IN CHARCOAL,W,DMAW62BTP13CH,나이키,미니 스커트,"{""tags"": [""26FW"", ""SWEATPANTS"", ""스웨트팬츠"", ""스웻셋업"", ""스웻팬츠"", ""트랙팬츠"", ""팬츠""], ""season"": ""2"", ""season_year"": 2026, ""source_attributes"": {}}"
무신사,다크 클래식2 커브드 조거 - 블랙,다크 클래식2 커브드 조거 - 블랙,Dark Classic 2 Curved Jogger - Black,"M,W",w-pts26-120,넌서치,미니 스커트,"{""tags"": [""조거"", ""조거팬츠"", ""트랙팬츠"", ""팬츠""], ""season"": null, ""season_year"": 0, ""source_attributes"": {}}"
무신사,TCM vintage washed pocket pants (beige),tcm vintage washed pocket pants (beige),TCM vintage washed pocket pants (beige),"M,W",ETCFWPT07BE,까롯,롱/맥시 원피스,"{""tags"": [], ""season"": ""2"", ""season_year"": 2026, ""source_attributes"": {}}"
무신사,스터드 백포켓 코튼 벌룬 롱팬츠 블랙,스터드 백포켓 코튼 벌룬 롱팬츠 블랙,,W,"9870-3",네벨에브리웨어,롱/맥시 원피스,"{""tags"": [], ""season"": ""1"", ""season_year"": 2026, ""source_attributes"": {}}"
무신사,H.B.B. 로얄 레이스 라인스톤 라이트웨이트 조거 팬츠 - 블랙,h.b.b. 로얄 레이스 라인스톤 라이트웨이트 조거 팬츠 - 블랙,H.B.B. Royal Lace Rhinestone Lightweight Jogger Pants - Black,"M,W",w-pts26-127,넌서치,미니 스커트,"{""tags"": [""밴딩"", ""밴딩팬츠"", ""여름"", ""와이드팬츠"", ""와이드핏"", ""조거팬츠""], ""season"": null, ""season_year"": 0, ""source_attributes"": {}}"
무신사,체크 트라우저 루즈 팬츠 - 올리브스트라타:원더베이지 / LE8308,체크 트라우저 루즈 팬츠 - 올리브스트라타:원더베이지 / le8308,CHECKS TROUSER      OLISTR/WONBEI/AUCO,W,LE8308,고저,미니 스커트,"{""tags"": [""데일리팬츠"", ""루즈핏팬츠"", ""무배당발"", ""아디다스체크팬츠"", ""체크트라우저팬츠""], ""season"": ""2"", ""season_year"": 2026, ""source_attributes"": {}}"
무신사,[KOIN SEOUL] SKELETON WIDE LOW DENIM PANTS (BLACK),[koin seoul] skeleton wide low denim pants (black),[KOIN SEOUL] SKELETON WIDE LOW DENIM PANTS (BLACK),"M,W",WS2603PT03BK,노머,긴소매 티셔츠,"{""tags"": [""데님팬츠"", ""와이드데님"", ""와이드데님팬츠"", ""와이드핏"", ""워싱데님"", ""코인"", ""팬츠""], ""season"": null, ""season_year"": 0, ""source_attributes"": {""핏"": [""오버 사이즈""], ""계절"": [""봄"", ""여름"", ""가을"", ""겨울""], ""두께"": [""보통""], ""비침"": [""없음""], ""촉감"": [""약간 뻣뻣함""], ""신축성"": [""거의 없음""]}}"
무신사,SHIRRING BOOTS CUT DENIM PANTS BLACK,shirring boots cut denim pants black,SHIRRING BOOTS CUT DENIM PANTS BLACK,W,PRTXSSDP24WC6,나우,긴소매 티셔츠,"{""tags"": [""데님"", ""데님바지"", ""데님팬츠"", ""와이드데님"", ""워싱데님"", ""팬츠""], ""season"": ""1"", ""season_year"": 2026, ""source_attributes"": {}}"
무신사,우먼즈 에센셜 부츠 컷 데님 팬츠 [라이트 인디고],우먼즈 에센셜 부츠 컷 데님 팬츠 [라이트 인디고],WOMENS BOOTS CUT DENIM PANTS [LIGHT INDIGO],W,MWFNP0A06-LI,가까이 유니언즈,긴소매 티셔츠,"{""tags"": [""데님"", ""데님팬츠"", ""바지"", ""베이식"", ""베이직"", ""부츠컷데님"", ""청바지"", ""팬츠""], ""season"": ""2"", ""season_year"": 2026, ""source_attributes"": {""핏"": [""레귤러""], ""계절"": [""봄"", ""여름"", ""가을"", ""겨울""], ""두께"": [""보통""], ""비침"": [""없음""], ""촉감"": [""보통""], ""신축성"": [""거의 없음""]}}"
무신사,"102 CAT WASHING MID-RISE JEANS VINTAGE BLUE","102 cat washing mid-rise jeans vintage blue",CAT WASHING DENIM PANTS VINTAGE BLUE,W,SN2631DN102VB,노바양,긴소매 티셔츠,"{""tags"": [""부츠컷""], ""season"": ""0"", ""season_year"": 0, ""source_attributes"": {}}"
무신사,Rough Cut Wide Denim (blue),rough cut wide denim (blue),Rough Cut Wide Denim (blue),W,P0000BRA,낫포너드,긴소매 티셔츠,"{""tags"": [""데님바지"", ""데님팬츠"", ""여름데님"", ""와이드"", ""와이드팬츠"", ""청바지""], ""season"": ""1"", ""season_year"": 0, ""source_attributes"": {}}"
무신사,우먼즈 에센셜 와이드 데님 팬츠 [블랙],우먼즈 에센셜 와이드 데님 팬츠 [블랙],우먼즈 와이드 데님 팬츠 [블랙],W,MWFNP0A03-BK,가까이 유니언즈,긴소매 티셔츠,"{""tags"": [""데님"", ""데님팬츠"", ""바지"", ""베이식"", ""베이직"", ""와이드팬츠"", ""청바지"", ""팬츠""], ""season"": ""2"", ""season_year"": 2026, ""source_attributes"": {""핏"": [""루즈""], ""계절"": [""봄"", ""여름"", ""가을"", ""겨울""], ""두께"": [""보통""], ""비침"": [""없음""], ""촉감"": [""보통""], ""신축성"": [""거의 없음""]}}"
무신사,Patchwork Bootcut Sweatpants [Black],patchwork bootcut sweatpants [black],Patchwork Bootcut Sweatpants [Black],W,"5014151297",노르딕아일랜드,미니 스커트,"{""tags"": [""26SUMMER"", ""바지"", ""밴딩팬츠"", ""스웨트팬츠"", ""스웻팬츠"", ""트레이닝바지"", ""팬츠""], ""season"": ""1"", ""season_year"": 0, ""source_attributes"": {""핏"": [""슬림""], ""계절"": [""봄"", ""여름"", ""가을""], ""두께"": [""보통""], ""비침"": [""보통""], ""촉감"": [""보통""], ""신축성"": [""보통""]}}"
무신사,알파 커브드 붓컷 카고 팬츠 - 블랙,알파 커브드 붓컷 카고 팬츠 - 블랙,Alpha Curved Bootcut Cargo Pants - Black,"M,W",w-pts26-115,넌서치,롱/맥시 스커트,"{""tags"": [""데일리팬츠"", ""여름바지"", ""여름팬츠"", ""여자바지"", ""와이드팬츠"", ""카고팬츠""], ""season"": null, ""season_year"": 0, ""source_attributes"": {}}"
무신사,Destroyed Raw-Edge Joggers - Denim Black,destroyed raw-edge joggers - denim black,Destroyed Raw-Edge Joggers - Denim Black,"M,W",w-pts26-094,넌서치,미니 스커트,"{""tags"": [""데일리"", ""밴딩바지"", ""밴딩팬츠"", ""와이드팬츠"", ""조거팬츠"", ""트레이닝팬츠""], ""season"": null, ""season_year"": 0, ""source_attributes"": {}}"
무신사,우먼즈 에센셜 부츠 컷 데님 팬츠 [워시드 블랙],우먼즈 에센셜 부츠 컷 데님 팬츠 [워시드 블랙],WOMENS BOOTS CUT DENIM PANTS [WASHED BLACK],W,MWFNP0A06-WC,가까이 유니언즈,긴소매 티셔츠,"{""tags"": [""데님"", ""데님팬츠"", ""바지"", ""베이식"", ""베이직"", ""부츠컷데님"", ""청바지"", ""팬츠""], ""season"": ""2"", ""season_year"": 2026, ""source_attributes"": {""핏"": [""레귤러""], ""계절"": [""봄"", ""여름"", ""가을"", ""겨울""], ""두께"": [""보통""], ""비침"": [""없음""], ""촉감"": [""보통""], ""신축성"": [""거의 없음""]}}"
무신사,[UNISEX] 벤틸레이션 팬츠 - 차콜,[unisex] 벤틸레이션 팬츠 - 차콜,,"M,W","26FP04CH",나우앤투모로우,민소매/슬리브리스,"{""tags"": [""나일론팬츠"", ""등산바지"", ""등산복"", ""생활방수"", ""스트링팬츠"", ""아웃도어"", ""와이드팬츠""], ""season"": null, ""season_year"": 0, ""source_attributes"": {""핏"": [""루즈"", ""오버 사이즈""], ""계절"": [""봄"", ""여름"", ""가을"", ""겨울""], ""두께"": [""보통""], ""비침"": [""거의 없음"", ""없음""], ""촉감"": [""약간 부드러움"", ""보통""], ""신축성"": [""없음"", ""거의 없음""]}}"
무신사,Galaxy Hitchhiker Jogger Pants Melange White,galaxy hitchhiker jogger pants melange white,,"M,W","261CPT416MMW",노브포에티,미니 스커트,"{""tags"": [""26봄시즌신상"", ""PANTS"", ""SS팬츠/스커트"", ""와이드팬츠"", ""츄리닝"", ""트레이닝바지"", ""트레이닝팬츠""], ""season"": null, ""season_year"": 0, ""source_attributes"": {}}"
무신사,파이어버드 클래식 숏 팬츠 - 블랙:화이트 / KD5569,파이어버드 클래식 숏 팬츠 - 블랙:화이트 / kd5569,FB SHORT            BLACK/WHITE,W,KD5569,고저,피케/카라 티셔츠,"{""tags"": [""무배당발"", ""반바지"", ""쇼츠"", ""숏팬츠"", ""파이어버드""], ""season"": ""2"", ""season_year"": 2026, ""source_attributes"": {}}"
무신사,Classic Low Rise Boots-Cut Denim Pants - Vintage Blue,classic low rise boots-cut denim pants - vintage blue,Classic Low Rise Boots-Cut Denim Pants - Vintage Blue,W,ER26PT13810VB,노스페이스,긴소매 티셔츠,"{""tags"": [""데님"", ""데님팬츠"", ""부츠컷"", ""부츠컷데님"", ""워싱데님""], ""season"": ""1"", ""season_year"": 0, ""source_attributes"": {}}"
무신사,그루브 노라인 하이라이즈 플레어드 팬츠 *아시아 핏  BLK,그루브 노라인 하이라이즈 플레어드 팬츠 *아시아 핏 blk,그루브 노라인 하이라이즈 플레어드 팬츠 *아시아 핏  BLK,W,LW5JSJA-0001,노아,셔츠,"{""tags"": [], ""season"": ""2"", ""season_year"": 2026, ""source_attributes"": {}}"
무신사,이즈핏 폴드오버 드레이프 팬츠,이즈핏 폴드오버 드레이프 팬츠,이즈핏 폴드오버 드레이프 팬츠,W,이즈핏 폴드오버 드레이프 팬츠,노블클로즈,롱/맥시 스커트,"{""tags"": [], ""season"": null, ""season_year"": 0, ""source_attributes"": {}}"
무신사,[쿨탠다드] 우먼즈 로 라이즈 플레어 슬랙스 [블랙],[쿨탠다드] 우먼즈 로 라이즈 플레어 슬랙스 [블랙],,W,MWFPL6C01-BK,가까이 유니언즈,미디 원피스,"{""tags"": [""긴바지"", ""바지"", ""슬랙스"", ""여름팬츠"", ""여름하객룩"", ""여성하의"", ""쿨아이템"", ""쿨탠다드"", ""플레어슬랙스"", ""하객룩""], ""season"": ""1"", ""season_year"": 2026, ""source_attributes"": {""핏"": [""슬림""], ""계절"": [""여름""], ""두께"": [""보통""], ""비침"": [""없음""], ""촉감"": [""보통""], ""신축성"": [""약간 있음""]}}"
무신사,"3S 플레어드 팬츠 - 블랙:화이트 / KQ6424","3s 플레어드 팬츠 - 블랙:화이트 / kq6424",FLARED PANTS        BLACK/WHITE,W,KQ6424,고저,미니 스커트,"{""tags"": [""데일리팬츠"", ""무배당발"", ""아디다스3S플레어드팬츠"", ""트레이닝팬츠"", ""팬츠"", ""플레어드팬츠""], ""season"": ""2"", ""season_year"": 2026, ""source_attributes"": {}}"
무신사,Waffle Zipper Hot Pants (Black),waffle zipper hot pants (black),Waffle Zipper Hot Pants (Black),W,ET26FWPHP47BK,노앙,피케/카라 티셔츠,"{""tags"": [""숏팬츠"", ""신상팬츠"", ""여자팬츠"", ""핫팬츠""], ""season"": ""2"", ""season_year"": 2026, ""source_attributes"": {""핏"": [""슬림""], ""계절"": [""여름"", ""가을""], ""두께"": [""보통""], ""비침"": [""보통""], ""촉감"": [""보통""], ""신축성"": [""보통""]}}"
무신사,Edge Dying Jean_Steel Blue,edge dying jean_steel blue,,W,"26FW-JN003-SB",네스파 스튜디오,긴소매 티셔츠,"{""tags"": [""데님팬츠"", ""바지"", ""와이드데님"", ""와이드팬츠"", ""청바지"", ""팬츠""], ""season"": ""2"", ""season_year"": 2026, ""source_attributes"": {}}"
무신사,W Symbol Stitch Low Rise Flare Fit Denim Pants - Light Blue,w symbol stitch low rise flare fit denim pants - light blue,W Symbol Stitch Low Rise Flare Fit Denim Pants - Light Blue,W,K1WPT02KLB,노드유 우먼,긴소매 티셔츠,"{""tags"": [""WOMEN"", ""데님"", ""데님바지"", ""데님팬츠"", ""워싱데님"", ""청바지"", ""팬츠""], ""season"": ""1"", ""season_year"": 2026, ""source_attributes"": {}}"
무신사,BACK POINT DENIM IN BLUE,back point denim in blue,BACK POINT DENIM IN BLUE,W,DMAW62BDP12,나이키,긴소매 티셔츠,"{""tags"": [""26HS""], ""season"": ""1"", ""season_year"": 2026, ""source_attributes"": {}}"
무신사,우먼즈 커브드 데님 팬츠 [라이트 인디고],우먼즈 커브드 데님 팬츠 [라이트 인디고],WOMENS CURVED DENIM PANTS [LIGHT INDIGO],W,MWENP8D06-LI,가까이 유니언즈,긴소매 티셔츠,"{""tags"": [""기은세PICK"", ""긴바지"", ""데님"", ""데님팬츠"", ""바지"", ""여름"", ""와이드팬츠"", ""청바지"", ""캐주얼팬츠"", ""커브드팬츠""], ""season"": ""1"", ""season_year"": 2026, ""source_attributes"": {""핏"": [""루즈""], ""계절"": [""가을""], ""두께"": [""약간 두꺼움""], ""비침"": [""없음""], ""촉감"": [""보통""], ""신축성"": [""없음""]}}"
무신사,슬림 크리스탈 글램 팬츠_핑크 Slim Crystal Glam Pants_Pink,슬림 크리스탈 글램 팬츠_핑크 slim crystal glam pants_pink,Slim Crystal Glam Pants_Pink,W,"5019651350",나이트플로우,미니 스커트,"{""tags"": [""바지"", ""밴딩팬츠"", ""부츠컷팬츠"", ""캐주얼팬츠"", ""트레이닝바지"", ""트레이닝팬츠"", ""팬츠""], ""season"": null, ""season_year"": 0, ""source_attributes"": {}}"
무신사,Arc Curved Fit Cargo Pants - White,arc curved fit cargo pants - white,Arc Curved Fit Cargo Pants - White,"M,W",w-pts26-066,넌서치,롱/맥시 원피스,"{""tags"": [""26SS"", ""데일리팬츠"", ""와이드팬츠"", ""카고팬츠"", ""캐주얼팬츠""], ""season"": null, ""season_year"": 0, ""source_attributes"": {}}"
무신사,우먼즈 더블 니트 투 턱 와이드 라운지 스웨트 팬츠 [토프],우먼즈 더블 니트 투 턱 와이드 라운지 스웨트 팬츠 [토프],우먼즈 더블 니트 투 턱 와이드 라운지 스웨트 팬츠 [토프],W,MWBPK3Z02-TA,가까이 유니언즈,미니 스커트,"{""tags"": [""라운지웨어"", ""무탠다드우먼즈"", ""스웨트룩"", ""스웨트팬츠"", ""와이드팬츠"", ""캐주얼"", ""트레이닝바지""], ""season"": ""2"", ""season_year"": 2026, ""source_attributes"": {""핏"": [""오버 사이즈""], ""계절"": [""봄"", ""가을"", ""겨울""], ""두께"": [""보통""], ""비침"": [""없음""], ""촉감"": [""약간 부드러움""], ""신축성"": [""있음""]}}"
무신사,[민주킴] 사이드 리본 카프리 팬츠  블랙,[민주킴] 사이드 리본 카프리 팬츠 블랙,,W,"356821SX15",낫위드스탠딩,롱/맥시 스커트,"{""tags"": [""356821SX15""], ""season"": ""2"", ""season_year"": 2026, ""source_attributes"": {}}"
무신사,사이드 턱 부츠컷 팬츠 블랙,사이드 턱 부츠컷 팬츠 블랙,SIDE TUCK BOOT-CUT PANTS BLACK,W,AS26SMPT05BK,노앤뮤트,롱/맥시 원피스,"{""tags"": [], ""season"": ""1"", ""season_year"": 2026, ""source_attributes"": {}}"
무신사,우먼즈 에센셜 와이드 데님 팬츠 [그레이],우먼즈 에센셜 와이드 데님 팬츠 [그레이],우먼즈 와이드 데님 팬츠 [그레이],W,MWFNP0A03-GR,가까이 유니언즈,긴소매 티셔츠,"{""tags"": [""데님"", ""데님팬츠"", ""바지"", ""베이식"", ""베이직"", ""와이드팬츠"", ""청바지"", ""팬츠""], ""season"": ""2"", ""season_year"": 2026, ""source_attributes"": {""핏"": [""루즈""], ""계절"": [""봄"", ""여름"", ""가을"", ""겨울""], ""두께"": [""보통""], ""비침"": [""없음""], ""촉감"": [""보통""], ""신축성"": [""거의 없음""]}}"
무신사,우먼즈 에센셜 부츠 컷 데님 팬츠 [미디엄 인디고],우먼즈 에센셜 부츠 컷 데님 팬츠 [미디엄 인디고],WOMENS BOOTS CUT DENIM PANTS [MEDIUM INDIGO],W,MWFNP0A06-MI,가까이 유니언즈,긴소매 티셔츠,"{""tags"": [""데님"", ""데님팬츠"", ""바지"", ""베이식"", ""베이직"", ""부츠컷데님"", ""청바지"", ""팬츠""], ""season"": ""2"", ""season_year"": 2026, ""source_attributes"": {""핏"": [""레귤러""], ""계절"": [""봄"", ""여름"", ""가을"", ""겨울""], ""두께"": [""보통""], ""비침"": [""없음""], ""촉감"": [""보통""], ""신축성"": [""거의 없음""]}}"
무신사,여성 하이라이즈 플레어 37.5 데님 47H761G 47B,여성 하이라이즈 플레어 37.5 데님 47h761g 47b,여성 하이라이즈 플레어 37.5 데님 47H761G 47B,W,"47H761G47B",노어큐트,긴소매 티셔츠,"{""tags"": [""26FW""], ""season"": ""1"", ""season_year"": 0, ""source_attributes"": {}}"
무신사,펌킨 플랩 쇼츠 (블랙),펌킨 플랩 쇼츠 (블랙),Pumkin flap shorts (Black),W,"26SSPT04BK",노우트,피케/카라 티셔츠,"{""tags"": [], ""season"": ""1"", ""season_year"": 2026, ""source_attributes"": {}}"
무신사,우먼즈 에센셜 와이드 데님 팬츠 [워시드 블랙],우먼즈 에센셜 와이드 데님 팬츠 [워시드 블랙],우먼즈 와이드 데님 팬츠 [워시드 블랙],W,MWFNP0A03-WC,가까이 유니언즈,긴소매 티셔츠,"{""tags"": [""데님"", ""데님팬츠"", ""바지"", ""베이식"", ""베이직"", ""와이드팬츠"", ""청바지"", ""팬츠""], ""season"": ""2"", ""season_year"": 2026, ""source_attributes"": {""핏"": [""루즈""], ""계절"": [""봄"", ""여름"", ""가을"", ""겨울""], ""두께"": [""보통""], ""비침"": [""없음""], ""촉감"": [""보통""], ""신축성"": [""거의 없음""]}}"
무신사,Op.09 OG-CLASSIC LOWRISE DENIM PANTS L/BLUE,op.09 og-classic lowrise denim pants l/blue,,W,OP2ABLJ005LBL,노운,긴소매 티셔츠,"{""tags"": [], ""season"": ""1"", ""season_year"": 2026, ""source_attributes"": {}}"
무신사,Low Straight Jean_Light Blue,low straight jean_light blue,Low Straight Jean_Light Blue,W,"26FW-JN001-LB",네스파 스튜디오,긴소매 티셔츠,"{""tags"": [""데님바지"", ""데님팬츠"", ""데일리팬츠"", ""로우라이즈데님"", ""스트레이트진"", ""청바지"", ""팬츠""], ""season"": ""2"", ""season_year"": 2026, ""source_attributes"": {""핏"": [""레귤러""], ""계절"": [""봄"", ""여름"", ""가을"", ""겨울""], ""두께"": [""보통""], ""비침"": [""없음""], ""촉감"": [""보통""], ""신축성"": [""거의 없음""]}}"
무신사,더블니 카펜터 워크 팬츠_[FRENCH BLUE],더블니 카펜터 워크 팬츠_[french blue],DOUBLE-KNEE CARPENTER WORK PANTS - FRENCH BLUE,"M,W",NM6CPB4101-BL,노우드,롱/맥시 원피스,"{""tags"": [""1STDROP"", ""남자바지"", ""더블니"", ""싱글니"", ""워크웨어"", ""워크팬츠"", ""카펜터"", ""팬츠""], ""season"": ""2"", ""season_year"": 2026, ""source_attributes"": {}}"
무신사,FLOWER WIDE PANTS / KHAKI,flower wide pants / khaki,FLOWER WIDE PANTS / KHAKI,W,MF26S023,노우웨이브,롱/맥시 원피스,"{""tags"": [""긴바지"", ""데일리팬츠"", ""바지"", ""와이드팬츠"", ""캐주얼팬츠"", ""코튼팬츠"", ""팬츠""], ""season"": ""1"", ""season_year"": 2026, ""source_attributes"": {}}"
무신사,체크 트라우저 루즈 팬츠 - 블랙:그레이 / LD5340,체크 트라우저 루즈 팬츠 - 블랙:그레이 / ld5340,CHECKS TROUSER      BLACK/GRETHR/UTIBLK,W,LD5340,고저,미니 스커트,"{""tags"": [""데일리팬츠"", ""루즈핏팬츠"", ""무배당발"", ""아디다스체크팬츠"", ""체크트라우저팬츠""], ""season"": ""2"", ""season_year"": 2026, ""source_attributes"": {}}"
무신사,벌룬 데미지 데님 팬츠 (빈티지블루),벌룬 데미지 데님 팬츠 (빈티지블루),BALLOON DAMAGED DENIM PT (VINTAGE BLUE),"M,W",SSA1UPL002VB,너버스,긴소매 티셔츠,"{""tags"": [""26FW"", ""데미지진"", ""벌룬핏팬츠"", ""스트리트패션"", ""와이드데님"", ""힙합패션""], ""season"": ""1"", ""season_year"": 2026, ""source_attributes"": {}}"
지그재그,[🍂가을][mlt] 리들 골지 레이어드 텐셀 딥브이넥 니트,[🍂가을][mlt] 리들 골지 레이어드 텐셀 딥브이넥 니트,,,,드퐁,,"{""shop_name"": ""모렌트""}"
무신사,Distressed Short Pants_Charcoal,distressed short pants_charcoal,Distressed Short Pants_Charcoal,W,SG8WPHP02,노이스,피케/카라 티셔츠,"{""tags"": [""반바지"", ""쇼츠"", ""여름바지"", ""여름팬츠"", ""여자반바지"", ""팬츠"", ""하프팬츠""], ""season"": ""2"", ""season_year"": 2026, ""source_attributes"": {}}"
무신사,CONTOUR JEANS (DEEP BLUE),contour jeans (deep blue),CONTOUR JEANS (DEEP BLUE),W,"2A26D1PT04DB",노이아고,긴소매 티셔츠,"{""tags"": [], ""season"": ""1"", ""season_year"": 2026, ""source_attributes"": {}}"
무신사,(woman) 밴딩 카프리 팬츠_Black,(woman) 밴딩 카프리 팬츠_black,,W,(woman) 밴딩 카프리 팬츠_Black,나체,피케/카라 티셔츠,"{""tags"": [""26FW1차"", ""밴딩카프리"", ""카프리팬츠""], ""season"": ""2"", ""season_year"": 2026, ""source_attributes"": {}}"
무신사,우먼즈 에센셜 루즈 스트레이트 데님 팬츠 [미디엄 인디고],우먼즈 에센셜 루즈 스트레이트 데님 팬츠 [미디엄 인디고],우먼즈 루즈 스트레이트 데님 팬츠 [미디엄 인디고],W,MWFNP0A02-MI,가까이 유니언즈,긴소매 티셔츠,"{""tags"": [""데님"", ""데님팬츠"", ""바지"", ""베이식"", ""베이직"", ""팬츠""], ""season"": ""2"", ""season_year"": 2026, ""source_attributes"": {""핏"": [""레귤러""], ""계절"": [""봄"", ""여름"", ""가을"", ""겨울""], ""두께"": [""보통""], ""비침"": [""없음""], ""촉감"": [""보통""], ""신축성"": [""거의 없음""]}}"
무신사,타이 벨트 스웻팬츠 차콜,타이 벨트 스웻팬츠 차콜,TIE BELT SWEATPANTS CHARCOAL,W,AS26SMPT09CH,노앤뮤트,미니 스커트,"{""tags"": [], ""season"": ""1"", ""season_year"": 2026, ""source_attributes"": {}}"
무신사,[쿨탠다드] 우먼즈 로 라이즈 플레어 슬랙스 [그레이],[쿨탠다드] 우먼즈 로 라이즈 플레어 슬랙스 [그레이],,W,MWFPL6C01-GR,가까이 유니언즈,미디 원피스,"{""tags"": [""긴바지"", ""바지"", ""슬랙스"", ""여름팬츠"", ""여름하객룩"", ""여성하의"", ""쿨아이템"", ""쿨탠다드"", ""플레어슬랙스"", ""하객룩""], ""season"": ""1"", ""season_year"": 2026, ""source_attributes"": {""핏"": [""슬림""], ""계절"": [""여름""], ""두께"": [""보통""], ""비침"": [""없음""], ""촉감"": [""보통""], ""신축성"": [""약간 있음""]}}"
무신사,슬림 크리스탈 글램 팬츠_블랙 Slim Crystal Glam Pants_Black,슬림 크리스탈 글램 팬츠_블랙 slim crystal glam pants_black,Slim Crystal Glam Pants_Black,W,"5019651348",나이트플로우,미니 스커트,"{""tags"": [""바지"", ""밴딩팬츠"", ""부츠컷팬츠"", ""와이드팬츠"", ""트레이닝바지"", ""트레이닝팬츠"", ""팬츠""], ""season"": null, ""season_year"": 0, ""source_attributes"": {}}"
무신사,크레스트 프린팅 스웻 팬츠_옐로우,크레스트 프린팅 스웻 팬츠_옐로우,,"M,W",MW262PT3YE,네헤스,미니 스커트,"{""tags"": [""밴딩팬츠"", ""스웨트팬츠"", ""스웻팬츠"", ""여자바지"", ""와이드팬츠"", ""트랙팬츠"", ""트레이닝바지""], ""season"": ""2"", ""season_year"": 2026, ""source_attributes"": {""핏"": [""루즈""], ""계절"": [""봄"", ""여름"", ""가을"", ""겨울""], ""두께"": [""보통""], ""비침"": [""보통""], ""촉감"": [""보통""], ""신축성"": [""보통""]}}"
무신사,CALI SWEAT PT CHARCOAL,cali sweat pt charcoal,CALI SWEAT PT CHARCOAL,"M,W",MM26PT01,노이커먼,미니 스커트,"{""tags"": [""26SS"", ""밴딩팬츠"", ""스웨트팬츠"", ""스웻팬츠"", ""트레이닝바지"", ""트레이닝팬츠"", ""팬츠""], ""season"": null, ""season_year"": 0, ""source_attributes"": {""핏"": [""레귤러""], ""계절"": [""봄"", ""여름"", ""가을""], ""두께"": [""보통""], ""비침"": [""보통"", ""거의 없음""], ""촉감"": [""보통""], ""신축성"": [""있음""]}}"
무신사,카고 와이드핏 팬츠_MIWTCG911B,카고 와이드핏 팬츠_miwtcg911b,카고 와이드핏 팬츠_MIWTCG911B,W,MIWTCG911B,길영,롱/맥시 원피스,"{""tags"": [], ""season"": ""2"", ""season_year"": 2026, ""source_attributes"": {}}"
무신사,Denim Double Knee Pant Mud,denim double knee pant mud,Denim Double Knee Pant Mud,"M,W",TN263DPAOP01MUD,그루브스텝,긴소매 티셔츠,"{""tags"": [""데님팬츠"", ""바지"", ""청바지"", ""팬츠""], ""season"": ""2"", ""season_year"": 2026, ""source_attributes"": {}}"
무신사,파드마 하렘 팬츠,파드마 하렘 팬츠,PADMA YOGA PANTS,W,"26SS01",노티카,민소매/슬리브리스,"{""tags"": [""요가"", ""요가바지"", ""요가팬츠""], ""season"": null, ""season_year"": 0, ""source_attributes"": {}}"
무신사,하이라이즈 팔라초 팬츠,하이라이즈 팔라초 팬츠,하이라이즈 팔라초 팬츠,W,"05049849406",노페이머스,긴소매 티셔츠,"{""tags"": [], ""season"": null, ""season_year"": null, ""source_attributes"": {}}"
무신사,클래식 숏 팬츠 - 나이트인디고:블루 / KS4731,클래식 숏 팬츠 - 나이트인디고:블루 / ks4731,CLASSIC SHORTS      NINDIG/BLUFUS,W,KS4731,고저,피케/카라 티셔츠,"{""tags"": [""무배당발"", ""반바지"", ""쇼츠"", ""숏팬츠"", ""아디다스반바지"", ""클래식숏팬츠""], ""season"": ""2"", ""season_year"": 2026, ""source_attributes"": {}}"
무신사,SIER NAPOLEON SHORTS (BLACK),sier napoleon shorts (black),SIER NAPOLEON SHORTS (BLACK),W,AY26FWST016BK,녹타브,피케/카라 티셔츠,"{""tags"": [""26FW"", ""나폴레옹"", ""나폴레옹쇼츠"", ""반바지"", ""쇼츠"", ""숏팬츠"", ""팬츠""], ""season"": ""2"", ""season_year"": 0, ""source_attributes"": {}}"
무신사,SILVERCROSS BOOTCUT JEANS_BLACK,silvercross bootcut jeans_black,,W,"2057537754286",논로컬,긴소매 티셔츠,"{""tags"": [""PANTS"", ""데님"", ""데님팬츠"", ""워싱데님"", ""청바지"", ""팬츠""], ""season"": ""0"", ""season_year"": 0, ""source_attributes"": {}}"
무신사,Classic Striped Jersey Pants Navy,classic striped jersey pants navy,Classic Striped Jersey Pants Navy,W,SC26A432NA,노플릭,롱/맥시 원피스,"{""tags"": [""26FW"", ""데일리팬츠"", ""면바지"", ""바지"", ""스트라이프"", ""코튼팬츠"", ""팬츠""], ""season"": ""0"", ""season_year"": 0, ""source_attributes"": {}}"
무신사,[라이트] 부츠컷 밴딩 팬츠_MIWTMG90SS,[라이트] 부츠컷 밴딩 팬츠_miwtmg90ss,[라이트] 부츠컷 밴딩 팬츠_MIWTMG90SS,W,MIWTMG90SS,길영,미니 스커트,"{""tags"": [], ""season"": ""2"", ""season_year"": 2026, ""source_attributes"": {}}"
무신사,"PAINTING NORMAL PANTS, KHAKI","painting normal pants, khaki","PAINTING NORMAL PANTS, KHAKI",W,페인팅 노멀 팬츠 카키,노피셜노피스,롱/맥시 원피스,"{""tags"": [""긴바지"", ""면바지"", ""바지"", ""여름팬츠"", ""치노팬츠"", ""코튼팬츠"", ""팬츠""], ""season"": ""1"", ""season_year"": 2026, ""source_attributes"": {}}"
무신사,"7월 매일 원턱 와이드 슬랙스(BASIC)  블랙","7월 매일 원턱 와이드 슬랙스(basic) 블랙",,W,"356721WM45",낫위드스탠딩,롱/맥시 원피스,"{""tags"": [""356721WM45""], ""season"": ""2"", ""season_year"": 2026, ""source_attributes"": {}}"
무신사,[에어셀] 네오코지 플로우 와이드 팬츠 (4Color),[에어셀] 네오코지 플로우 와이드 팬츠 (4color),,"M,W",BR809,김미더영,미니 스커트,"{""tags"": [""밴딩팬츠"", ""스웨트팬츠"", ""스웻팬츠"", ""와이드팬츠"", ""트레이닝바지"", ""트레이닝팬츠"", ""팬츠""], ""season"": ""1"", ""season_year"": 2026, ""source_attributes"": {""핏"": [""오버 사이즈""], ""계절"": [""봄"", ""가을"", ""겨울""], ""두께"": [""보통""], ""비침"": [""없음""], ""촉감"": [""부드러움""], ""신축성"": [""있음""]}}"
무신사,Petit Stripe Warm-Up Shorts _ Grey,petit stripe warm-up shorts _ grey,,W,P00000WR,논바이러스,미디 스커트,"{""tags"": [], ""season"": ""1"", ""season_year"": 2026, ""source_attributes"": {}}"
무신사,조던 브루클린 7인치 플리스 쇼츠 M - 트루 블루:유니버시티 레드 / IM9208-485,조던 브루클린 7인치 플리스 쇼츠 m - 트루 블루:유니버시티 레드 / im9208-485,M J BRK ST FLC 7 SHORT LB - TRUE BLUE/(UNIVERSITY RED),"M,W",IM9208-485,내셔널지오그래픽,피케/카라 티셔츠,"{""tags"": [""7인치쇼츠"", ""나이키조던"", ""반바지"", ""브루클린""], ""season"": null, ""season_year"": null, ""source_attributes"": {}}"
무신사,Raw Edge Curved Biker Sweat Pants - Grey,raw edge curved biker sweat pants - grey,Raw Edge Curved Biker Sweat Pants - Grey,"M,W",K1PTK05PGR,노드유 우먼,미니 스커트,"{""tags"": [""26SS"", ""SWEATS"", ""WIDEFIT"", ""바지"", ""스웻팬츠"", ""트레이닝팬츠"", ""팬츠""], ""season"": ""1"", ""season_year"": 2026, ""source_attributes"": {""핏"": [""루즈""], ""계절"": [""봄"", ""여름"", ""가을"", ""겨울""], ""두께"": [""보통""], ""비침"": [""거의 없음""], ""촉감"": [""부드러움""], ""신축성"": [""보통""]}}"
무신사,클래식 슬립온 - (체커보드) 블랙:화이트 / VN000EYEBWW1,클래식 슬립온 - (체커보드) 블랙:화이트 / vn000eyebww1,Classic Slip-On - (Skulls) black/white checker,"M,W",VN000EYEBWW1,누브,기타 아우터,"{""tags"": [""스케이트보드"", ""슬립오버"", ""슬립온"", ""시그니처"", ""시그니처아이템"", ""젠더리스"", ""체커보드"", ""캔버스""], ""season"": null, ""season_year"": 0, ""source_attributes"": {}}"
무신사,SUGARLAND SWEAT PANTS [RED],sugarland sweat pants [red],SUGARLAND SWEAT PANTS [RED],W,SDFSBO121RD,노매뉴얼,미니 스커트,"{""tags"": [""바지"", ""밴딩팬츠"", ""스웻팬츠"", ""캐주얼팬츠"", ""트레이닝바지"", ""트레이닝팬츠"", ""팬츠""], ""season"": null, ""season_year"": 0, ""source_attributes"": {}}"
무신사,LACE LAYERED JERSEY PANTS_OATMEAL,lace layered jersey pants_oatmeal,LACE LAYERED JERSEY PANTS_OATMEAL,W,YHPTGC002OM,길단,미니 스커트,"{""tags"": [""26FALL"", ""레이스"", ""레이어드팬츠"", ""바지"", ""스웻팬츠"", ""트랙팬츠"", ""트레이닝팬츠"", ""팬츠""], ""season"": null, ""season_year"": null, ""source_attributes"": {}}"
무신사,NBPDGF733B / U740BM2 (BLACK),nbpdgf733b / u740bm2 (black),NBPDGF733B / U740BM2 (BLACK),"M,W",NBPDGF733B_19,누누씨,블레이저/슈트 재킷,"{""tags"": [""260528재입고"", ""데일리"", ""베스트스니커즈"", ""스니커즈"", ""스니커즈추천"", ""스테디신발"", ""신발"", ""운동화"", ""캐주얼"", ""클래식러닝""], ""season"": ""0"", ""season_year"": 0, ""source_attributes"": {}}"
무신사,스프린트 시스터 W - 리저록:오션 큐브:다크 신더:세일 / IR5693-256,스프린트 시스터 w - 리저록:오션 큐브:다크 신더:세일 / ir5693-256,W NIKE SPRINT SISTER 2026 FMME - RIDGEROCK/SAIL-OCEAN CUBE-DK CINDER-SMOKE GREY-BARELY ROSE,W,IR5693-256,내셔널지오그래픽,블레이저/슈트 재킷,"{""tags"": [""레더스니커즈"", ""로우프로파일"", ""스니커즈"", ""스프린트시스터""], ""season"": null, ""season_year"": null, ""source_attributes"": {}}"
무신사,[오리지널/-5cm] 빈티지 워시드 배럴 데님 팬츠 [블루],[오리지널/-5cm] 빈티지 워시드 배럴 데님 팬츠 [블루],[ORIGINAL/-5cm] VINTAGE WASHED BARREL DENIM PANTS [BLUE],"M,W",S2630DN41_BL,논타입,긴소매 티셔츠,"{""tags"": [""26FW"", ""데님팬츠"", ""배럴팬츠"", ""배럴핏팬츠"", ""삭형"", ""커브드진"", ""커브드팬츠""], ""season"": ""2"", ""season_year"": 2026, ""source_attributes"": {}}"
무신사,[젠플록스X아워데이즈] 세미 커브드 데님 팬츠 [3COLORS],[젠플록스x아워데이즈] 세미 커브드 데님 팬츠 [3colors],[JENFLOX X OURDAYZ] CURVED DENIM PANTS [3COLORS],"M,W",ODDN6311,논앤논,긴소매 티셔츠,"{""tags"": [""데님"", ""데님팬츠"", ""와이드데님"", ""청바지"", ""커브드팬츠"", ""팬츠""], ""season"": ""2"", ""season_year"": 2026, ""source_attributes"": {}}"
무신사,에어 포스 1 07 W - 블랙 / DD8959-001,에어 포스 1 07 w - 블랙 / dd8959-001,WMNS AIR FORCE 1 07 - BLACK/BLACK-BLACK-BLACK-BLACK-BLACK,W,DD8959-001,내셔널지오그래픽,블레이저/슈트 재킷,"{""tags"": [""AF1"", ""레더스니커즈"", ""에어"", ""에어포스1"", ""올검포스"", ""포스1""], ""season"": null, ""season_year"": null, ""source_attributes"": {}}"
무신사,멕시코 66 1183C102_751,멕시코 66 1183c102_751,MEXICO 66,"M,W","1183C102_751",누스미크,블레이저/슈트 재킷,"{""tags"": [""멕시코66""], ""season"": ""0"", ""season_year"": 0, ""source_attributes"": {}}"
무신사,NBPDGF711B / U509BG (BLACK),nbpdgf711b / u509bg (black),NBPDGF711B / U509BG (BLACK),"M,W",NBPDGF711B_19,누누씨,블레이저/슈트 재킷,"{""tags"": [""509데이"", ""데일리"", ""스니커즈"", ""스니커즈추천"", ""신발"", ""앙코르데이"", ""운동화"", ""캐주얼""], ""season"": ""0"", ""season_year"": 0, ""source_attributes"": {}}"
무신사,재스퍼 스니커즈 Beige,재스퍼 스니커즈 beige,재스퍼 스니커즈 Beige,"M,W",KNSO6FMT1I1,놈브레,블레이저/슈트 재킷,"{""tags"": [""LF스니베"", ""고프코어"", ""고프코어신발"", ""등산화"", ""젠더리스"", ""킨스니커즈"", ""킨신발"", ""킨재스퍼"", ""트래킹화""], ""season"": ""1"", ""season_year"": 0, ""source_attributes"": {}}"
무신사,글리오 LX 아이보리(FS263OD03X078100),글리오 lx 아이보리(fs263od03x078100),글리오 LX 아이보리(FS263OD03X078100),W,"1100FS263OD03X078100",너스,블레이저/슈트 재킷,"{""tags"": [""26FW"", ""GLIO"", ""글리오"", ""데일리슈즈"", ""발레코어"", ""스니커즈"", ""운동화""], ""season"": null, ""season_year"": null, ""source_attributes"": {}}"
무신사,메리제인 WDS 벡스 - 블랙 / 43032001,메리제인 wds 벡스 - 블랙 / 43032001,Mary Jane WDS Bex Mary JaneBlack Sendal,W,"43032001",누아누,모자,"{""tags"": [""닥마"", ""닥터마틴메리제인"", ""닥터마틴벡스"", ""메리제인"", ""무배당발"", ""무신사단독"", ""무신사에디션"", ""벡스"", ""화이트스티치""], ""season"": null, ""season_year"": null, ""source_attributes"": {}}"
무신사,NBPDGF733S / U740WN2 (WHITE NB NAVY),nbpdgf733s / u740wn2 (white nb navy),NBPDGF733S / U740WN2 (WHITE NB NAVY),"M,W",NBPDGF733S_91,누누씨,블레이저/슈트 재킷,"{""tags"": [""데일리"", ""베스트스니커즈"", ""스니커즈"", ""스니커즈추천"", ""스테디신발"", ""신발"", ""신상스니커즈"", ""운동화"", ""캐주얼"", ""클래식러닝""], ""season"": null, ""season_year"": null, ""source_attributes"": {}}"
무신사,스피드캣 - 버터크림:초콜렛퐁듀 / 406329-83,스피드캣 - 버터크림:초콜렛퐁듀 / 406329-83,Speedcat - Buttercream-Chocolate Fondue / 406329-83,"M,W","406329-83",누크피터,블레이저/슈트 재킷,"{""tags"": [""로우프로파일"", ""무배당발"", ""스피드캣"", ""푸마0806""], ""season"": ""2"", ""season_year"": 2026, ""source_attributes"": {}}"
무신사,도쿄 - 화이트:블랙 / JQ0597,도쿄 - 화이트:블랙 / jq0597,TOKYO W             OWHITE/CBLACK/GOLDMT,"M,W",JQ0597,고저,블레이저/슈트 재킷,"{""tags"": [""도쿄"", ""로우프로파일"", ""무배당발"", ""스니커즈"", ""아디다스도쿄""], ""season"": ""1"", ""season_year"": 2026, ""source_attributes"": {}}"
무신사,[GROVE X NEGATIVETHREE] Slouchy Long Strap Boots_Rub Off Black,[grove x negativethree] slouchy long strap boots_rub off black,[GROVE X NEGATIVETHREE] Slouchy Long Strap Boots_Rub Off Black,W,NGRBFFWBO001GR,누토프,아노락,"{""tags"": [], ""season"": ""2"", ""season_year"": 2026, ""source_attributes"": {}}"
무신사,슈퍼스타 II - 화이트 / JI0080,슈퍼스타 ii - 화이트 / ji0080,SUPERSTAR II        FTWWHT/FTWWHT/FTWWHT,"M,W",JI0080,고저,블레이저/슈트 재킷,"{""tags"": [""무배당발"", ""슈퍼스타"", ""슈퍼스타2"", ""슈퍼스타II"", ""스니커즈"", ""아디다스2"", ""운동화""], ""season"": ""0"", ""season_year"": 0, ""source_attributes"": {}}"
무신사,PATCH COLOR FAUX SUEDE BOOTS IN MINT,patch color faux suede boots in mint,PATCH COLOR FAUX SUEDE BOOTS IN MINT,W,DMAW63SSB01MT,나이키,숏 팬츠,"{""tags"": [""26FW"", ""BOOTS"", ""미들부츠"", ""부츠"", ""어그부츠"", ""하프부츠""], ""season"": ""2"", ""season_year"": 2026, ""source_attributes"": {}}"
무신사,PATCH COLOR FAUX SUEDE BOOTS IN BLACK,patch color faux suede boots in black,PATCH COLOR FAUX SUEDE BOOTS IN BLACK,W,DMAW63SSB01BK,나이키,숏 팬츠,"{""tags"": [""26FW"", ""BOOTS"", ""미들부츠"", ""부츠"", ""어그부츠"", ""하프부츠""], ""season"": ""2"", ""season_year"": 2026, ""source_attributes"": {}}"
무신사,샥스 R4 W - 블랙:맥스 오렌지:블랙 / AR3565-004,샥스 r4 w - 블랙:맥스 오렌지:블랙 / ar3565-004,W NIKE SHOX R4 - BLACK/BLACK-BLACK-MAX ORANGE,"M,W",AR3565-004,내셔널지오그래픽,블레이저/슈트 재킷,"{""tags"": [""나이키샥스"", ""샥스"", ""샥스R4"", ""클래식신발"", ""화이트데이""], ""season"": null, ""season_year"": null, ""source_attributes"": {}}"
무신사,이탈리아 70s - 크림화이트:블랙 / HQ9348,이탈리아 70s - 크림화이트:블랙 / hq9348,ITALIA  70s         CREWHT/CBLACK/CBLACK,"M,W",HQ9348,고저,블레이저/슈트 재킷,"{""tags"": [""SMU"", ""로우프로파일"", ""무배당발"", ""무신사단독"", ""스니커즈"", ""아디다스이탈리아"", ""운동화"", ""이탈리아""], ""season"": ""2"", ""season_year"": 2025, ""source_attributes"": {}}"
무신사,도쿄 - 블랙 / IH3990,도쿄 - 블랙 / ih3990,TOKYO W             CBLACK/CBLACK/GREFIV,"M,W",IH3990,고저,블레이저/슈트 재킷,"{""tags"": [""도쿄"", ""로우프로파일"", ""무배당발"", ""스니커즈"", ""아디다스도쿄""], ""season"": null, ""season_year"": 0, ""source_attributes"": {}}"
무신사,클래식 클로그 - 블랙 / 10001-001,클래식 클로그 - 블랙 / 10001-001,Classic - Black,"M,W","10001-001",누스페이퍼,코치 재킷,"{""tags"": [""무배당발"", ""크록스추천"", ""크록스클래식"", ""클래식"", ""클래식클로그""], ""season"": ""2"", ""season_year"": 0, ""source_attributes"": {}}"
무신사,송이송이x야세 플랫폼 도트 스니커즈 블랙,송이송이x야세 플랫폼 도트 스니커즈 블랙,Songe Songe x Yase Platform Dot Sneakers Black,W,XS1520-1CBK,누벨르미에르,블레이저/슈트 재킷,"{""tags"": [""겨울신상"", ""데일리스니커즈"", ""송이송이"", ""스니커즈"", ""스니커즈추천"", ""신발"", ""여성스니커즈""], ""season"": ""0"", ""season_year"": 0, ""source_attributes"": {""무게"": [""보통""], ""쿠션"": [""있음""], ""굽 높이"": [""높음""]}}"
무신사,토쿠텐 1183C429_100,토쿠텐 1183c429_100,TOKUTEN,"M,W","1183C429_100",누스미크,숏/하프 코트,"{""tags"": [""1183C429"", ""TOKUTEN""], ""season"": ""1"", ""season_year"": 0, ""source_attributes"": {}}"
무신사,도쿄 - 클리어핑크:나이트인디고 / JQ7108,도쿄 - 클리어핑크:나이트인디고 / jq7108,TOKYO W             CLPINK/NINDIG/OWHITE,W,JQ7108,고저,블레이저/슈트 재킷,"{""tags"": [""도쿄"", ""로우프로파일"", ""무배당발"", ""무신사단독"", ""스니커즈"", ""아디다스도쿄"", ""운동화"", ""운동화도쿄""], ""season"": ""2"", ""season_year"": 2025, ""source_attributes"": {}}"
무신사,아디제로 EVO SL W - 블랙:실버 / JP7147,아디제로 evo sl w - 블랙:실버 / jp7147,adizero Evo SL W    CBLACK/IRONMT/CBLACK,W,JP7147,고저,슬랙스,"{""tags"": [""EVOSL"", ""러닝"", ""러닝화"", ""무배당발"", ""아디제로"", ""아디제로EVOSL"", ""에보슬""], ""season"": ""2"", ""season_year"": 0, ""source_attributes"": {}}"
무신사,(여성) 솔리버리 뮬 - 블랙 스웨이드 / 26184167,(여성) 솔리버리 뮬 - 블랙 스웨이드 / 26184167,(W) Solsbury Mule - Black Sde / 26184167,W,"26184167",뉴에라,기타 팬츠,"{""tags"": [""뮬추천"", ""솔리버리"", ""솔리버리뮬"", ""신발추천"", ""클락스슈즈"", ""클락스신발"", ""클락스추천""], ""season"": ""1"", ""season_year"": 2026, ""source_attributes"": {}}"
무신사,스탠 스미스 LO 발레 LA6371,스탠 스미스 lo 발레 la6371,스탠 스미스 LO 발레 LA6371,"M,W",LA6371,고저,블레이저/슈트 재킷,"{""tags"": [], ""season"": null, ""season_year"": null, ""source_attributes"": {}}"
무신사,레이븐 폴더블 싸이하이 부츠 그레이,레이븐 폴더블 싸이하이 부츠 그레이,,W,K26-SH036 GE,누바이브,아노락,"{""tags"": [""26FALL"", ""숏부츠/미들부츠/롱부츠"", ""스트랩샌들/등산/아웃도어/청키"", ""여자/여성/부츠/추천"", ""워커/바이커부츠/닥터마틴/첼시"", ""체인부츠/웨스턴/통굽/가죽부츠""], ""season"": ""2"", ""season_year"": 2026, ""source_attributes"": {}}"
무신사,여성 바야 플랫폼 클로그 BK (26SWCL208186),여성 바야 플랫폼 클로그 bk (26swcl208186),,W,"26SWCL208186_Z001",누스페이퍼,코치 재킷,"{""tags"": [""바야"", ""바야밴드"", ""아쿠아슈즈"", ""여성샌들"", ""크록스샌들"", ""플랫폼""], ""season"": null, ""season_year"": 0, ""source_attributes"": {}}"
무신사,도쿄 - 베이지:블랙 / JI0182,도쿄 - 베이지:블랙 / ji0182,TOKYO W OWHITE/CBLACK/GOLDMT,"M,W",JI0182,고저,블레이저/슈트 재킷,"{""tags"": [""SPECIALDROP"", ""도쿄"", ""로우프로파일"", ""무배당발"", ""스니커즈"", ""아디다스도쿄"", ""운동화""], ""season"": ""2"", ""season_year"": 0, ""source_attributes"": {}}"
무신사,푸마 태클렛 우먼스 - 매트 브론즈:알파인 스노우:검 / 408550-03,푸마 태클렛 우먼스 - 매트 브론즈:알파인 스노우:검 / 408550-03,Puma Tacklette Wns - Matte Bronze-Alpine Snow-Gum / 408550-03,W,"408550-03",누크피터,블레이저/슈트 재킷,"{""tags"": [""TACKLETTE"", ""검솔스니커즈"", ""메리제인스니커즈"", ""발레코어"", ""브론즈스니커즈"", ""여성스니커즈"", ""태클렛우먼스"", ""푸마신발"", ""푸마태클렛"", ""풋볼코어""], ""season"": ""1"", ""season_year"": 2026, ""source_attributes"": {}}"
무신사,핸드볼 스페지알 - 알루미늄:블랙 / IF6562,핸드볼 스페지알 - 알루미늄:블랙 / if6562,HANDBALL SPEZIAL W ALUMIN/CBLACK/FTWWHT,"M,W",IF6562,고저,블레이저/슈트 재킷,"{""tags"": [""무배당발"", ""스니커즈"", ""아디다스운동화"", ""운동화"", ""핸드볼스페지알""], ""season"": ""0"", ""season_year"": 0, ""source_attributes"": {}}"
무신사,[WOMEN] 오리지날 플레이 숏 레인부츠 - 블랙 WFS2020RMABLK,[women] 오리지날 플레이 숏 레인부츠 - 블랙 wfs2020rmablk,[WOMEN] 오리지날 플레이 숏 레인부츠 - 블랙 WFS2020RMABLK,W,"5003611902",뉴인,주얼리,"{""tags"": [""레인부츠"", ""부츠"", ""앵클부츠"", ""여성레인부츠"", ""여성부츠"", ""여자부츠"", ""장화""], ""season"": ""0"", ""season_year"": 2022, ""source_attributes"": {}}"
무신사,러스크 스트랩 슬라우치드 부츠 Rusk Strap Slouched Boots_Brick Brown,러스크 스트랩 슬라우치드 부츠 rusk strap slouched boots_brick brown,Rusk Strap Slouched Boots_Brick Brown,W,BP25FWSH01_B/BR,뉴이 뉴욕,아노락,"{""tags"": [""WOMENBOOTS"", ""가죽롱부츠"", ""부츠"", ""여성부츠"", ""유니섹스부츠"", ""키높이부츠"", ""하이탑부츠""], ""season"": null, ""season_year"": 0, ""source_attributes"": {}}"
무신사,척테일러 올스타 무브 블랙 570256C,척테일러 올스타 무브 블랙 570256c,Chuck Taylor All Star Move Black 570256C,"M,W","570256C",뉴테입,숏/하프 코트,"{""tags"": [""뉴플랫폼"", ""무브"", ""베스트셀러"", ""스테디셀러"", ""신발"", ""엘리베이션"", ""젠더리스"", ""척테일러올스타무브""], ""season"": null, ""season_year"": 0, ""source_attributes"": {}}"
무신사,Zerovity OG 블랙,zerovity og 블랙,Zerovity OG 블랙,"M,W",Z-FF-BLAJ,느쉐,가디건,"{""tags"": [""SS쪼리"", ""리커버리슈즈"", ""서머슈즈"", ""슬리퍼"", ""여름신발"", ""여름코디"", ""제로비티OG플립플랍"", ""쪼리"", ""플립플랍"", ""플립플랍컬렉션""], ""season"": ""1"", ""season_year"": 0, ""source_attributes"": {""무게"": [""가벼움""], ""쿠션"": [""있음""], ""굽 높이"": [""보통""]}}"
무신사,NBRJGF710K / 브리즈 / SD2203BB (BLACK),nbrjgf710k / 브리즈 / sd2203bb (black),NBRJGF710K / 브리즈 / SD2203BB (BLACK),W,NBRJGF710K_19,누누씨,코튼/치노 팬츠,"{""tags"": [], ""season"": ""0"", ""season_year"": 0, ""source_attributes"": {}}"
무신사,재팬 - 크림화이트:루비 / JR0557,재팬 - 크림화이트:루비 / jr0557,,"M,W",JR0557,고저,블레이저/슈트 재킷,"{""tags"": [""SMU"", ""로우프로파일"", ""무배당발"", ""무신사단독"", ""스니커즈"", ""재팬""], ""season"": ""0"", ""season_year"": 0, ""source_attributes"": {}}"
무신사,로미타 플랫폼 벨크로 메리제인슈즈 블랙 OZSQGA104B,로미타 플랫폼 벨크로 메리제인슈즈 블랙 ozsqga104b,로미타 플랫폼 벨크로 메리제인슈즈 블랙 OZSQGA104B,W,OZSQGA104B,느와,코튼/치노 팬츠,"{""tags"": [""26SS"", ""로마리"", ""로미타"", ""메리제인"", ""밴딩"", ""스니커즈"", ""툴레아"", ""플랫슈즈""], ""season"": ""1"", ""season_year"": 0, ""source_attributes"": {}}"
무신사,핸드볼 스페지알 - 원더베이지:블랙 / IE3698,핸드볼 스페지알 - 원더베이지:블랙 / ie3698,HANDBALL SPEZIAL W WONWHI/CBLACK/MAGBEI,"M,W",IE3698,고저,블레이저/슈트 재킷,"{""tags"": [""무배당발"", ""스니커즈"", ""운동화"", ""핸드볼스페지알""], ""season"": ""0"", ""season_year"": 0, ""source_attributes"": {}}"
무신사,가젤 로우 프로 - 아우라커피:화이트 / IH6932,가젤 로우 프로 - 아우라커피:화이트 / ih6932,GAZELLE LO PRO W    AUCO/OWHITE/GUM3,"M,W",IH6932,고저,블레이저/슈트 재킷,"{""tags"": [""가젤"", ""가젤로우프로"", ""로우프로파일"", ""무배당발"", ""스니커즈""], ""season"": ""1"", ""season_year"": 2026, ""source_attributes"": {}}"
무신사,조그 100 S -화이트:블랙/1201A967-100,조그 100 s -화이트:블랙/1201a967-100,JOG 100 S - WHITE/BLACK/1201A967-100,"M,W","1201A967-100",누보텐,블레이저/슈트 재킷,"{""tags"": [""조그100"", ""조그100S""], ""season"": ""1"", ""season_year"": 0, ""source_attributes"": {}}"
무신사,재스퍼 스니커즈 Birch Fawn,재스퍼 스니커즈 birch fawn,재스퍼 스니커즈 Birch Fawn,"M,W",KNSO5EM05P1,놈브레,블레이저/슈트 재킷,"{""tags"": [""JASPER"", ""KEENJASPER"", ""스니커즈운동화"", ""재스퍼"", ""킨스니커즈"", ""킨재스퍼"", ""킨재스퍼스니커즈""], ""season"": ""1"", ""season_year"": 0, ""source_attributes"": {}}"
무신사,재팬 KI0011,재팬 ki0011,재팬 KI0011,"M,W",KI0011,고저,블레이저/슈트 재킷,"{""tags"": [""로우프로파일""], ""season"": null, ""season_year"": null, ""source_attributes"": {}}"
무신사,슈퍼스타 로우 프로 - 블랙:화이트 / KI6824,슈퍼스타 로우 프로 - 블랙:화이트 / ki6824,SUPERSTAR LO PRO W  CBLACK/FTWWHT/GOLDMT,"M,W",KI6824,고저,블레이저/슈트 재킷,"{""tags"": [""로우프로파일"", ""무배당발"", ""슈퍼스타"", ""슈퍼스타로우프로"", ""스니커즈"", ""아디다스슈퍼스타"", ""운동화""], ""season"": ""2"", ""season_year"": 2026, ""source_attributes"": {}}"
무신사,NBPFGS108T / 880 V15 (여성 D) (BLACK),nbpfgs108t / 880 v15 (여성 d) (black),NBPFGS108T / 880 V15 (여성 D) (BLACK),W,NBPFGS108T_19,누누씨,슬랙스,"{""tags"": [""러닝화"", ""런닝화"", ""스니커즈"", ""신발"", ""운동화"", ""입문러닝화"", ""입문용러닝화추천""], ""season"": null, ""season_year"": null, ""source_attributes"": {}}"
무신사,W TABI STRAP FLAT SHOES (BLACK),w tabi strap flat shoes (black),W TABI STRAP FLAT SHOES (BLACK),W,TW26FHSZ27BK,니씨프레스,경량 패딩,"{""tags"": [""TABI"", ""타비"", ""타비슈즈"", ""플랫"", ""플랫슈즈""], ""season"": ""0"", ""season_year"": 2026, ""source_attributes"": {""무게"": [""가벼움""], ""쿠션"": [""없음""], ""굽 높이"": [""낮음""]}}"
무신사,핸드볼 스페지알 로퍼 - 블랙:화이트 / LA4186,핸드볼 스페지알 로퍼 - 블랙:화이트 / la4186,HANDBALL SPEZIAL LO CBLACK/FTWWHT/GOLDMT,"M,W",LA4186,고저,블레이저/슈트 재킷,"{""tags"": [""로퍼"", ""무배당발"", ""스니커즈"", ""아디다스핸드볼스페지알"", ""핸드볼스페지알"", ""핸드볼스페지알로퍼""], ""season"": ""2"", ""season_year"": 2026, ""source_attributes"": {}}"
무신사,가젤 로우 프로  - 다크브라운:크림화이트 / JS2662,가젤 로우 프로 - 다크브라운:크림화이트 / js2662,GAZELLE LO PRO W    CARDBO/CBURGU/GUM3,"M,W",JS2662,고저,블레이저/슈트 재킷,"{""tags"": [""SMU"", ""가젤"", ""가젤로우프로"", ""로우프로파일"", ""무배당발"", ""무신사단독"", ""무신사에디션""], ""season"": ""2"", ""season_year"": 2025, ""source_attributes"": {}}"
무신사,BELTED SLINGBACK / BLACK,belted slingback / black,BELTED SLINGBACK / BLACK,W,K23-SH048 BK,누바이브,아이웨어,"{""tags"": [""결혼식/구두/힐/키높이"", ""데일리슈즈/신상/더비/로퍼"", ""라운드토/스퀘어토/리본/벨크로"", ""스웨이드/소가죽/새틴/매쉬/플랫"", ""슬링백&펌프스"", ""여자/여성/슬링백/펌프스/추천"", ""워커/바이커부츠/닥터마틴/첼시"", ""플랫폼/아웃도어/메리제인/청키힐""], ""season"": ""2"", ""season_year"": 0, ""source_attributes"": {}}"
무신사,여성 맥스쿠셔닝 아치핏 2.0(슬립인스)_SP0WRCGX101,여성 맥스쿠셔닝 아치핏 2.0(슬립인스)_sp0wrcgx101,여성 맥스쿠셔닝 아치핏 2.0(슬립인스)_SP0WRCGX101,W,SP0WRCGX101,니브,블레이저/슈트 재킷,"{""tags"": [], ""season"": ""1"", ""season_year"": 2026, ""source_attributes"": {}}"
무신사,성인 바야밴드 클로그 WTN (26SUCL205089),성인 바야밴드 클로그 wtn (26sucl205089),,U,"26SUCL205089_Z126",누스페이퍼,코치 재킷,"{""tags"": [""바야"", ""바야밴드"", ""아쿠아슈즈"", ""크록스클로그""], ""season"": null, ""season_year"": 0, ""source_attributes"": {}}"
무신사,독일군 레더 스니커즈 7CM [베이직],독일군 레더 스니커즈 7cm [베이직],DIFFER LEATHER SNEAKERS 7CM,W,P00000OX,니어러스,블레이저/슈트 재킷,"{""tags"": [""깔창"", ""남자"", ""데일리슈즈"", ""여름신발추천"", ""여성신발"", ""컨템포러리"", ""키높이""], ""season"": ""1"", ""season_year"": 0, ""source_attributes"": {}}"
무신사,(woman) 스웻 크롭 반집업_5Color,(woman) 스웻 크롭 반집업_5color,,W,(woman) 스웻 크롭 반집업_5Color,나체,니트/스웨터,"{""tags"": [""26FW1차"", ""반집업"", ""스웨트셔츠""], ""season"": ""2"", ""season_year"": 2026, ""source_attributes"": {}}"
무신사,로미타 S2 글로우 밴딩 블랙 OZSQGA387B,로미타 s2 글로우 밴딩 블랙 ozsqga387b,ROMITA S2 GLOW Banded BLACK OZSQGA387B,W,OZSQGA387B,느와,코튼/치노 팬츠,"{""tags"": [""구두"", ""로미타"", ""스니커즈"", ""신발"", ""여성스니커즈"", ""여성신발"", ""키높이신발""], ""season"": null, ""season_year"": 0, ""source_attributes"": {""무게"": [""가벼움""], ""쿠션"": [""있음""], ""굽 높이"": [""높음""]}}"
무신사,Velvet Button Shirring Slim Long Sleeve (Ivory),velvet button shirring slim long sleeve (ivory),Velvet Button Shirring Slim Long Sleeve (Ivory),W,ET26FWTLS12IV,노앙,상의,"{""tags"": [""긴소매티셔츠"", ""긴팔티"", ""레이어드"", ""롱슬리브"", ""롱슬리브티"", ""벨벳""], ""season"": ""2"", ""season_year"": 2026, ""source_attributes"": {""핏"": [""슬림""], ""계절"": [""가을"", ""겨울""], ""두께"": [""보통""], ""비침"": [""약간 있음"", ""보통""], ""촉감"": [""약간 부드러움""], ""신축성"": [""보통""]}}"
무신사,PLEATED GRAPHIC T-SHIRT IN BLACK,pleated graphic t-shirt in black,PLEATED GRAPHIC T-SHIRT IN BLACK,W,DMAW62TTS93BK,나이키,기타 상의,"{""tags"": [], ""season"": ""2"", ""season_year"": 2026, ""source_attributes"": {}}"
무신사,베아 크롭 브이넥 니트 - 블랙 / 1803004WY003FN401,베아 크롭 브이넥 니트 - 블랙 / 1803004wy003fn401,,W,"1803004WY003FN401SS25",니어앤디어,후드,"{""tags"": [""무신사부티크"", ""하이패션""], ""season"": ""1"", ""season_year"": 2025, ""source_attributes"": {}}"
무신사,Slant Henry Neck Long Sleeve (Black),slant henry neck long sleeve (black),Slant Henry Neck Long Sleeve (Black),"M,W",AK26TOP70BK,꼼데가르송,상의,"{""tags"": [""남자긴팔"", ""롱슬리브"", ""여자긴팔"", ""핸리넥""], ""season"": ""2"", ""season_year"": 2026, ""source_attributes"": {}}"
무신사,베아 니트 - 블랙 / 1803002SY003FN401,베아 니트 - 블랙 / 1803002sy003fn401,,W,"1803002SY003FN401SS25",니어앤디어,후드,"{""tags"": [""무신사부티크"", ""하이패션""], ""season"": ""1"", ""season_year"": 2025, ""source_attributes"": {}}"
무신사,[20th]Summer reglan tee_melange gray,[20th]summer reglan tee_melange gray,Summer reglan tee_melange gray,W,VANISHMENT,니체큐이엘,상의,"{""tags"": [], ""season"": ""1"", ""season_year"": 2026, ""source_attributes"": {}}"
무신사,JS TOMIE HELLO KITTY TEE_WHITE(NG2GMUT540G),js tomie hello kitty tee_white(ng2gmut540g),JS TOMIE HELLO KITTY TEE_WHITE(NG2GMUT540G),W,NG2GMUT540GWH,니히,기타 상의,"{""tags"": [""반소매"", ""반소매티셔츠"", ""반팔티"", ""이토준지산리오캐릭터즈"", ""티셔츠""], ""season"": ""1"", ""season_year"": 2026, ""source_attributes"": {""핏"": [""레귤러""], ""계절"": [""여름""], ""두께"": [""보통""], ""비침"": [""없음""], ""촉감"": [""부드러움""], ""신축성"": [""있음""]}}"
무신사,V-NECK HOODIE IN KHAKI,v-neck hoodie in khaki,V-NECK HOODIE IN KHAKI,W,DMAW63TTH02KH,나이키,블루종/MA-1,"{""tags"": [""26FW"", ""T-SHIRT"", ""그래픽후드"", ""긴팔티"", ""티셔츠"", ""후드티""], ""season"": ""2"", ""season_year"": 2026, ""source_attributes"": {}}"
무신사,슈퍼스타 스택 - 화이트:블랙 / KI1925,슈퍼스타 스택 - 화이트:블랙 / ki1925,SUPERSTAR STACK W   FTWWHT/CBLACK/FTWWHT,W,KI1925,고저,블레이저/슈트 재킷,"{""tags"": [""무배당발"", ""슈퍼스타"", ""슈퍼스타스택"", ""스니커즈"", ""스택"", ""아디다스슈퍼스타""], ""season"": ""2"", ""season_year"": 2026, ""source_attributes"": {}}"
무신사,Layered Bustier Long Sleeve (FL-105_Gray),layered bustier long sleeve (fl-105_gray),Layered Bustier Long Sleeve (FL-105_Gray),W,FL-105_Gray,닉 기어,상의,"{""tags"": [""긴소매"", ""긴팔티"", ""레이어드"", ""롱슬리브"", ""뷔스티에"", ""스웻셔츠"", ""티셔츠""], ""season"": ""0"", ""season_year"": 2026, ""source_attributes"": {}}"
무신사,Lace Trim Button Wrap Long Sleeve (White),lace trim button wrap long sleeve (white),Lace Trim Button Wrap Long Sleeve (White),W,ET26FWTLS42WH,노앙,상의,"{""tags"": [""FW신상"", ""데이트룩"", ""데일리룩"", ""레이어드"", ""롱슬리브"", ""신상"", ""여자롱슬리브""], ""season"": ""2"", ""season_year"": 2026, ""source_attributes"": {}}"
무신사,See-through Deep V-neck T-shirt,see-through deep v-neck t-shirt,See-through Deep V-neck T-shirt,W,"5009697725",닐라이즈,상의,"{""tags"": [], ""season"": null, ""season_year"": 0, ""source_attributes"": {}}"
무신사,마운틴 롱슬리브 (블랙/레드),마운틴 롱슬리브 (블랙/레드),Mountain Long Sleeve Black,W,T25WLS04BKRD,글런든,상의,"{""tags"": [], ""season"": ""2"", ""season_year"": 0, ""source_attributes"": {}}"
무신사,아치 프레임 로고 티셔츠(3colors) NTS6026,아치 프레임 로고 티셔츠(3colors) nts6026,아치 프레임 로고 티셔츠(3colors) NTS6026,"M,W",NTS6026,골드퍼센트,기타 상의,"{""tags"": [""반소매"", ""반소매티셔츠"", ""반팔티"", ""반팔티셔츠"", ""오버핏"", ""오버핏반팔"", ""오버핏티셔츠""], ""season"": ""1"", ""season_year"": 2026, ""source_attributes"": {}}"
무신사,MOCK NECK SLEEVELESS (4 COLORS),mock neck sleeveless (4 colors),MOCK NECK SLEEVELESS (4 COLORS),W,"2A26D2TS02",노이아고,시계,"{""tags"": [], ""season"": ""2"", ""season_year"": 2026, ""source_attributes"": {}}"
무신사,"044 레글런 롱 슬리브 티셔츠","044 레글런 롱 슬리브 티셔츠","044 레글런 롱 슬리브 티셔츠","M,W",VIVALAVIDA,공공육이,상의,"{""tags"": [""그래픽티셔츠"", ""긴팔"", ""긴팔티"", ""긴팔티셔츠"", ""롱슬리브"", ""롱슬리브티"", ""티셔츠""], ""season"": ""2"", ""season_year"": 0, ""source_attributes"": {""핏"": [""루즈""], ""계절"": [""봄"", ""가을""], ""두께"": [""보통""], ""비침"": [""보통""], ""촉감"": [""약간 부드러움""], ""신축성"": [""보통""]}}"
무신사,백 트리 로고 롱슬리브 White,백 트리 로고 롱슬리브 white,백 트리 로고 롱슬리브 White,"M,W",DIKU261LRTL005WH0,글림퍼,상의,"{""tags"": [""24FW"", ""긴팔티"", ""긴팔티셔츠"", ""레이어드"", ""로고티"", ""롱슬리브"", ""오버핏"", ""워크웨어""], ""season"": ""2"", ""season_year"": 0, ""source_attributes"": {}}"
무신사,우먼즈 울 텐셀 슬림 스쿱 넥 긴소매 티셔츠 [아이보리],우먼즈 울 텐셀 슬림 스쿱 넥 긴소매 티셔츠 [아이보리],우먼즈 울 텐셀 슬림 스쿱 넥 긴소매 티셔츠,W,MWFTL9A09-IV,가까이 유니언즈,상의,"{""tags"": [""긴소매티셔츠"", ""긴팔티셔츠"", ""소올PICK"", ""스쿱넥"", ""슬림티셔츠"", ""여자긴팔"", ""티셔츠""], ""season"": ""2"", ""season_year"": 2026, ""source_attributes"": {""핏"": [""슬림""], ""계절"": [""봄"", ""여름""], ""두께"": [""약간 얇음""], ""비침"": [""없음""], ""촉감"": [""약간 부드러움""], ""신축성"": [""있음""]}}"
무신사,메쉬 트랙라인 루즈핏 숏슬리브 XFL1QS1103,메쉬 트랙라인 루즈핏 숏슬리브 xfl1qs1103,메쉬 트랙라인 루즈핏 숏슬리브 XFL1QS1103,W,XFL1QS1103,닐바이피,바람막이,"{""tags"": [""고윤정"", ""고윤정착장""], ""season"": ""1"", ""season_year"": 0, ""source_attributes"": {}}"
무신사,PLEATED GRAPHIC T-SHIRT IN LIGHT GREY,pleated graphic t-shirt in light grey,PLEATED GRAPHIC T-SHIRT IN LIGHT GREY,W,DMAW62TTS93LG,나이키,기타 상의,"{""tags"": [], ""season"": ""2"", ""season_year"": 2026, ""source_attributes"": {}}"
무신사,N HALTER SLEEVELESS LAYERED BLOUSE (BL-4404),n halter sleeveless layered blouse (bl-4404),N HALTER SLEEVELESS LAYERED BLOUSE (BL-4404),W,"5009368518",닐론스,데님 재킷,"{""tags"": [], ""season"": ""1"", ""season_year"": 2026, ""source_attributes"": {}}"
무신사,QUICK DRY RELAX FIT T-SHIRTS [BLACK],quick dry relax fit t-shirts [black],QUICK DRY RELAX FIT T-SHIRTS [BLACK],W,BF3WST151BK,굿뉴스,바람막이,"{""tags"": [""러닝코어""], ""season"": ""2"", ""season_year"": 0, ""source_attributes"": {}}"
무신사,우먼즈 리브드 슬림 헨리 넥 니트 [플럼],우먼즈 리브드 슬림 헨리 넥 니트 [플럼],우먼즈 리브드 슬림 헨리 넥 니트 [플럼],W,MWFWL1A01-PC,가까이 유니언즈,후드,"{""tags"": [""가을니트"", ""기본니트"", ""니트"", ""슬림핏니트"", ""여자니트"", ""헨리넥니트""], ""season"": ""2"", ""season_year"": 2026, ""source_attributes"": {""핏"": [""슬림""], ""계절"": [""봄"", ""가을""], ""두께"": [""보통""], ""비침"": [""없음""], ""촉감"": [""약간 부드러움""], ""신축성"": [""있음""]}}"
무신사,아치 로고 반팔 티셔츠(MAGBTS41MPK),아치 로고 반팔 티셔츠(magbts41mpk),아치 로고 반팔 티셔츠(MAGBTS41MPK),W,MAGBTS41MPK,다온아토,기타 상의,"{""tags"": [""반소매"", ""반소매티셔츠"", ""반팔티"", ""반팔티셔츠"", ""여름반팔"", ""여름티셔츠"", ""티셔츠""], ""season"": ""1"", ""season_year"": 2026, ""source_attributes"": {}}"
무신사,"3/4 BUTTON FLY TEE_3 Colors","3/4 button fly tee_3 colors","3/4 BUTTON FLY TEE_3 Colors",W,GC26COLS003,다이나핏,상의,"{""tags"": [], ""season"": ""1"", ""season_year"": 0, ""source_attributes"": {}}"
무신사,카울넥 하프 슬리브 카라티 블랙,카울넥 하프 슬리브 카라티 블랙,COWL NECK HALF-SLEEVE COLLAR TEE BLACK,W,AS26SMTOP25BK,노앤뮤트,트레이닝 재킷,"{""tags"": [], ""season"": ""1"", ""season_year"": 2026, ""source_attributes"": {}}"
무신사,세미크롭 bump post 긴팔티 [화이트],세미크롭 bump post 긴팔티 [화이트],,W,긴팔티셔츠,다이닛,상의,"{""tags"": [""긴팔티"", ""긴팔티셔츠"", ""롱슬리브티"", ""롱슬리브티셔츠"", ""세미크롭"", ""여성티셔츠"", ""크롭긴팔""], ""season"": ""2"", ""season_year"": 2025, ""source_attributes"": {}}"
무신사,[NCT 127 컬래버] BLINGY 솜뭉칠 티셔츠 [블랙],[nct 127 컬래버] blingy 솜뭉칠 티셔츠 [블랙],[NCT 127 Collab] BLINGY Cotton Puff T Shirt [Black],W,MWFTS9D62-BK,가까이 유니언즈,기타 상의,"{""tags"": [""NCT"", ""NCT127컬래버"", ""NCT티셔츠"", ""엔씨티"", ""엔씨티콜라보"", ""엔씨티티셔츠"", ""컬래버레이션""], ""season"": ""2"", ""season_year"": 2026, ""source_attributes"": {""핏"": [""루즈""], ""계절"": [""여름""], ""두께"": [""보통""], ""비침"": [""없음""], ""촉감"": [""부드러움""], ""신축성"": [""보통""]}}"
무신사,나그랑 본 롱슬리브 (화이트),나그랑 본 롱슬리브 (화이트),,W,T26SLS03WH,글런든,상의,"{""tags"": [""긴소매"", ""긴소매티셔츠"", ""레이어드티셔츠"", ""롱슬리브"", ""포니티셔츠"", ""핫픽스"", ""홀스롱슬리브""], ""season"": null, ""season_year"": 0, ""source_attributes"": {}}"
무신사,헨리넥 크로스 버튼 긴팔티 아이보리(연그레이),헨리넥 크로스 버튼 긴팔티 아이보리(연그레이),,W,"6302-2",네벨에브리웨어,상의,"{""tags"": [""그래픽티셔츠"", ""긴소매티셔츠"", ""긴팔"", ""긴팔티"", ""긴팔티셔츠"", ""데일리룩"", ""롱슬리브""], ""season"": ""2"", ""season_year"": 2026, ""source_attributes"": {}}"
무신사,Heart Ravers Graphic T-Shirt VW5ME602_2color,heart ravers graphic t-shirt vw5me602_2color,Heart Ravers Graphic T-Shirt VW5ME602_2color,W,VW5ME602,다임,기타 상의,"{""tags"": [], ""season"": ""1"", ""season_year"": 2025, ""source_attributes"": {}}"
무신사,드레이프 셔링 져지 블라우스 [OFF WHITE] / GF2LTS527,드레이프 셔링 져지 블라우스 [off white] / gf2lts527,woman drape shirring half t-shirt [off white],W,GF2LTS527WH,다크문,기타 상의,"{""tags"": [""반소매티셔츠"", ""반팔"", ""반팔티"", ""블라우스"", ""여름반팔"", ""여름티셔츠"", ""티셔츠""], ""season"": ""1"", ""season_year"": 2026, ""source_attributes"": {}}"
무신사,[크롭]호리젠탈 레터링 헨리넥 후드 긴팔 티셔츠-멜란지그레이,[크롭]호리젠탈 레터링 헨리넥 후드 긴팔 티셔츠-멜란지그레이,[크롭]호리젠탈 레터링 헨리넥 후드 긴팔 티셔츠-그레이,"M,W","5014935388",고목,상의,"{""tags"": [""긴팔"", ""긴팔티"", ""롱슬리브"", ""슬림핏"", ""티셔츠"", ""헨리넥"", ""후드""], ""season"": ""0"", ""season_year"": 0, ""source_attributes"": {""핏"": [""슬림""], ""계절"": [""봄"", ""여름"", ""가을"", ""겨울""], ""두께"": [""보통""], ""비침"": [""보통"", ""거의 없음""], ""촉감"": [""보통""], ""신축성"": [""약간 있음""]}}"
무신사,LOVE IS THE LACE LONG SLEEVE IN NAVY,love is the lace long sleeve in navy,LOVE IS THE LACE LONG SLEEVE IN NAVY,W,DMAW63TLS14NV,나이키,상의,"{""tags"": [""26FW"", ""그래픽티셔츠"", ""긴팔티"", ""슬림티셔츠"", ""티셔츠""], ""season"": ""2"", ""season_year"": 2026, ""source_attributes"": {}}"
무신사,Extended Strap Top (white),extended strap top (white),Extended Strap Top (white),W,P0000BUO,낫포너드,상의,"{""tags"": [""긴소매티셔츠"", ""긴팔티"", ""레이어드"", ""롱슬리브"", ""롱슬리브티"", ""슬림핏""], ""season"": ""2"", ""season_year"": 0, ""source_attributes"": {}}"
무신사,헨리넥 와플 롱 슬리브 멜란지 그레이,헨리넥 와플 롱 슬리브 멜란지 그레이,헨리넥 와플 롱 슬리브 멜란지 그레이,"M,W",MDLTGA001MG,노드랩스,아우터,"{""tags"": [], ""season"": null, ""season_year"": null, ""source_attributes"": {}}"
무신사,딥브이넥 루즈핏 니트_MIWKAG906T,딥브이넥 루즈핏 니트_miwkag906t,딥브이넥 루즈핏 니트_MIWKAG906T,W,MIWKAG906T,길영,후드,"{""tags"": [], ""season"": ""2"", ""season_year"": 2026, ""source_attributes"": {}}"
무신사,우먼즈 울 텐셀 슬림 스쿱 넥 긴소매 티셔츠 [다크 브라운],우먼즈 울 텐셀 슬림 스쿱 넥 긴소매 티셔츠 [다크 브라운],우먼즈 울 텐셀 슬림 스쿱 넥 긴소매 티셔츠,W,MWFTL9A09-DR,가까이 유니언즈,상의,"{""tags"": [""긴소매티셔츠"", ""긴팔티셔츠"", ""스쿱넥"", ""슬림티셔츠"", ""여자긴팔"", ""티셔츠""], ""season"": ""2"", ""season_year"": 2026, ""source_attributes"": {""핏"": [""슬림""], ""계절"": [""봄"", ""여름""], ""두께"": [""약간 얇음""], ""비침"": [""없음""], ""촉감"": [""약간 부드러움""], ""신축성"": [""있음""]}}"
무신사,[민주킴] 자수 래글런 반소매 티셔츠  아이보리,[민주킴] 자수 래글런 반소매 티셔츠 아이보리,,W,"356842SX50",낫위드스탠딩,기타 상의,"{""tags"": [""356842SX50""], ""season"": ""2"", ""season_year"": 2026, ""source_attributes"": {}}"
무신사,ORB 페루 반소매 티셔츠 - 화이트 / 3G010017J001MA401,orb 페루 반소매 티셔츠 - 화이트 / 3g010017j001ma401,,W,"3G010017J001MA401SS25",니어앤디어,기타 상의,"{""tags"": [""ORB반소매"", ""무신사부티크"", ""캐주얼"", ""클리어화이트"", ""하이패션""], ""season"": ""1"", ""season_year"": 2025, ""source_attributes"": {}}"
무신사,시어 카라 탑_블루 그린,시어 카라 탑_블루 그린,SHEER COLLARED TOP_YELLOW,W,"24SPRING_TS001",단델,상의,"{""tags"": [""긴소매티"", ""긴팔티셔츠"", ""롱슬리브티"", ""카라티""], ""season"": ""1"", ""season_year"": 0, ""source_attributes"": {}}"
무신사,안녕자두야X탄산 픽셀 나그랑 롱슬리브 (스카이블루),안녕자두야x탄산 픽셀 나그랑 롱슬리브 (스카이블루),,W,T26SLS20SB,글런든,상의,"{""tags"": [""그래픽티셔츠"", ""로고티셔츠"", ""반소매티셔츠"", ""반팔"", ""반팔티셔츠"", ""안녕자두야""], ""season"": null, ""season_year"": 0, ""source_attributes"": {}}"
무신사,싱글 유니콘 헨리넥 롱슬리브 블랙,싱글 유니콘 헨리넥 롱슬리브 블랙,SINGLE UNICORN HENLEY NECK LONG SLEEVE BLACK,"M,W",UN26LS17,금강,상의,"{""tags"": [""긴팔"", ""긴팔티"", ""긴팔티셔츠"", ""티셔츠""], ""season"": null, ""season_year"": 0, ""source_attributes"": {}}"
무신사,iconic 1 ombre check shirt (2Color),iconic 1 ombre check shirt (2color),iconic 1 ombre check shirt (2Color),W,(MS25NB020)-1,닥터마틴,데님 재킷,"{""tags"": [""데일리"", ""데일리룩"", ""봄블라우스"", ""셔츠"", ""여름블라우스"", ""여성셔츠"", ""출근룩""], ""season"": ""1"", ""season_year"": 2025, ""source_attributes"": {}}"
무신사,우먼즈 리브드 슬림 헨리 넥 니트 [네이비],우먼즈 리브드 슬림 헨리 넥 니트 [네이비],WOMENS RIBBED SLIM HENLEY NECK KNIT [NAVY],W,MWFWL1A01-NA,가까이 유니언즈,후드,"{""tags"": [""기본니트"", ""니트"", ""슬림핏니트"", ""여자니트"", ""하객룩"", ""헨리넥니트""], ""season"": ""1"", ""season_year"": 2026, ""source_attributes"": {""핏"": [""슬림""], ""계절"": [""봄"", ""가을""], ""두께"": [""보통""], ""비침"": [""없음""], ""촉감"": [""약간 부드러움""], ""신축성"": [""있음""]}}"
무신사,셔츠 카라 피케 하프 니트 [NAVY] / GF2LKP531,셔츠 카라 피케 하프 니트 [navy] / gf2lkp531,woman shirt collar pique half knit [navy],W,GF2LKP531NA,다크문,후드,"{""tags"": [""남자니트"", ""니트웨어"", ""데일리니트"", ""반팔니트"", ""봄니트"", ""여자니트"", ""카라니트""], ""season"": ""1"", ""season_year"": 0, ""source_attributes"": {}}"
무신사,믹스 패치 박시 Lst (White),믹스 패치 박시 lst (white),Mixed Patch Boxy Lst (White),W,"251MPBTOP002",길프,상의,"{""tags"": [""긴소매티"", ""긴팔티"", ""롱슬리브"", ""롱슬리브티"", ""티셔츠""], ""season"": ""1"", ""season_year"": 2025, ""source_attributes"": {}}"
무신사,마운틴 티셔츠 (그레이/레드),마운틴 티셔츠 (그레이/레드),Mountain W Tee in Grey/Red,W,T26STS06GYRD,글런든,기타 상의,"{""tags"": [], ""season"": null, ""season_year"": 0, ""source_attributes"": {}}"
무신사,"83플래그 폴라 버튼 풀오버(5colors) NFL2366","83플래그 폴라 버튼 풀오버(5colors) nfl2366","83FLAG POLAR BUTTON PULLOVER 236","M,W",NFL2366,골드퍼센트,상의,"{""tags"": [""25FW2차"", ""긴팔티"", ""반집업"", ""오버핏"", ""플리스"", ""하프집업"", ""후리스""], ""season"": ""2"", ""season_year"": 2026, ""source_attributes"": {}}"
무신사,우먼즈 울 텐셀 오프숄더 긴소매 티셔츠 [블랙],우먼즈 울 텐셀 오프숄더 긴소매 티셔츠 [블랙],우먼즈 울 텐셀 오프숄더 긴소매 티셔츠 [블랙],W,MWFTL8C06-BK,가까이 유니언즈,상의,"{""tags"": [""롱슬리브"", ""보트넥"", ""보트넥티셔츠"", ""슬림티"", ""오프숄더"", ""오프숄더티셔츠"", ""울텐셀"", ""울텐셀티셔츠"", ""한소희PICK"", ""한소희픽""], ""season"": ""2"", ""season_year"": 2026, ""source_attributes"": {""핏"": [""슬림""], ""계절"": [""봄"", ""여름"", ""가을""], ""두께"": [""약간 얇음""], ""비침"": [""보통""], ""촉감"": [""부드러움""], ""신축성"": [""약간 있음""]}}"
무신사,Lace Trim Button Wrap Long Sleeve (Black),lace trim button wrap long sleeve (black),Lace Trim Button Wrap Long Sleeve (Black),W,ET26FWTLS42BK,노앙,상의,"{""tags"": [""FW신상"", ""데이트룩"", ""데일리룩"", ""레이어드"", ""롱슬리브"", ""신상"", ""여자롱슬리브""], ""season"": ""2"", ""season_year"": 2026, ""source_attributes"": {}}"
무신사,컨피던스 브이넥 롱 슬리브 멜란지,컨피던스 브이넥 롱 슬리브 멜란지,컨피던스 브이넥 롱 슬리브 멜란지,W,"5015941940",노르디스크,상의,"{""tags"": [], ""season"": null, ""season_year"": 0, ""source_attributes"": {}}"
무신사,Mm Symbol Logo T-Shirts (LIGHT GREY / SKY),mm symbol logo t-shirts (light grey / sky),Mm Symbol Logo T-Shirts (LIGHT GREY / SKY),"M,W","25063001",댄스온더플로어,기타 상의,"{""tags"": [""SYMBOLITEMS"", ""로고티셔츠"", ""반소매"", ""반팔"", ""반팔티셔츠"", ""여름티셔츠"", ""오버핏"", ""티셔츠""], ""season"": ""1"", ""season_year"": 0, ""source_attributes"": {""핏"": [""레귤러"", ""루즈""], ""계절"": [""봄"", ""여름"", ""가을"", ""겨울""], ""두께"": [""보통""], ""비침"": [""없음""], ""촉감"": [""보통""], ""신축성"": [""보통""]}}"
무신사,오버사이즈드 에센셜 셔츠-아이보리,오버사이즈드 에센셜 셔츠-아이보리,Oversized Essential Shirt-Ivory,W,B257SH01IV,달링유어배드,데님 재킷,"{""tags"": [""가을셔츠"", ""오버핏""], ""season"": ""0"", ""season_year"": 0, ""source_attributes"": {}}"
무신사,Silky Swan Blouse II [White],silky swan blouse ii [white],Silky Swan Blouse II [White],W,HDT015W,댄꼼마,데님 재킷,"{""tags"": [""데이트룩"", ""데일리룩"", ""블라우스"", ""여성블라우스""], ""season"": null, ""season_year"": 0, ""source_attributes"": {""핏"": [""슬림""], ""계절"": [""봄"", ""가을"", ""겨울""], ""두께"": [""보통""], ""비침"": [""보통""], ""촉감"": [""부드러움""], ""신축성"": [""약간 있음""]}}"
무신사,TYPOGRAPHY LONG SLEEVE_KHAKI,typography long sleeve_khaki,TYPOGRAPHY LONG SLEEVE_KHAKI,W,YHLTGA002KH,길단,상의,"{""tags"": [""26FALL"", ""그래픽티셔츠"", ""긴팔티"", ""긴팔티셔츠"", ""롱슬리브"", ""유희티셔츠"", ""티셔츠""], ""season"": null, ""season_year"": null, ""source_attributes"": {}}"
무신사,메이페어 - 블랙 터프티드 스웨이드 / 44090001,메이페어 - 블랙 터프티드 스웨이드 / 44090001,Mayfare - Black Tufted Suede,"M,W","44090001",누아누,맨투맨/스웨트,"{""tags"": [""가죽단화"", ""닥터마틴메이페어"", ""메이페어"", ""무배당발"", ""무신사단독"", ""블랙스웨이드"", ""스웨이드단화"", ""스웨이드슈즈""], ""season"": ""2"", ""season_year"": 2026, ""source_attributes"": {}}"
무신사,UNIFORM Pleats Banding Loafer Black,uniform pleats banding loafer black,UNIFORM Pleats Banding Loafer Black,"M,W",UNIFORM Pleats Banding Loafer,더 매드니스,맨투맨/스웨트,"{""tags"": [""남성로퍼"", ""남자로퍼"", ""여성로퍼"", ""여자로퍼""], ""season"": ""0"", ""season_year"": 2026, ""source_attributes"": {}}"
무신사,[+4.5cm] SILVERFANG(p),[+4.5cm] silverfang(p),,M,BFPNKLF01,더 릴,맨투맨/스웨트,"{""tags"": [""26SS"", ""구동화"", ""데이트"", ""실버팽"", ""우연"", ""콜라보"", ""키높이""], ""season"": ""1"", ""season_year"": 2026, ""source_attributes"": {}}"
무신사,러그 더비 R26H920 / 홀스레더블랙,러그 더비 r26h920 / 홀스레더블랙,horse leather derby shoes,M,R26H920HSL,더 건프,트렌치 코트,"{""tags"": [""남자신발/신발/남성신발"", ""말가죽/빈티지/비즈니스"", ""오피스/미니멀/데일리"", ""키높이/캐주얼/더비"", ""핀터/핀터레스트/해외패션""], ""season"": ""0"", ""season_year"": 2026, ""source_attributes"": {}}"
무신사,클럽 C 85 GL - 트리플 블랙 / 100000153,클럽 c 85 gl - 트리플 블랙 / 100000153,Club C 85 GL - Triple Black / 100000153,"M,W",RXSOXXCVUBK,더 로우,블레이저/슈트 재킷,"{""tags"": [""스니커즈"", ""운동화"", ""클럽C"", ""클럽C85"", ""클럽C시리즈"", ""헤리티지""], ""season"": null, ""season_year"": 0, ""source_attributes"": {}}"
무신사,[+4.5cm] YANG - 313(p) / LEATHER,[+4.5cm] yang - 313(p) / leather,,M,BFPNKSN02 - LE,더 릴,블레이저/슈트 재킷,"{""tags"": [""26FW"", ""CM/데일리/가을/슈즈"", ""구동화/구둥화/로우프로파일/플랫"", ""스니커즈"", ""양/313/레더/키높이""], ""season"": ""0"", ""season_year"": 0, ""source_attributes"": {}}"
무신사,XT-6_L41086600,xt-6_l41086600,XT-6_L41086600,"M,W",S260109SX611,구름킴,블레이저/슈트 재킷,"{""tags"": [""XT-6"", ""데일리슈즈"", ""러닝화"", ""스니커즈"", ""아웃도어"", ""여름신발"", ""운동화"", ""캐리오버""], ""season"": null, ""season_year"": null, ""source_attributes"": {}}"
무신사,포스트맨 101 - 블랙 차파랄,포스트맨 101 - 블랙 차파랄,,M,"00101D",더 그린컵,롱 패딩,"{""tags"": [""남성부츠"", ""남성워커"", ""레드윙부츠"", ""레드윙포스트맨"", ""레드윙헤리티지"", ""부츠"", ""워커""], ""season"": null, ""season_year"": 0, ""source_attributes"": {}}"
무신사,NBPDGF724G / MR530CK (GRAY),nbpdgf724g / mr530ck (gray),NBPDGF724G / MR530CK (GRAY),"M,W",NBPDGF724G_15,누누씨,블레이저/슈트 재킷,"{""tags"": [""530"", ""5월의530"", ""데일리"", ""베스트스니커즈"", ""스니커즈"", ""스니커즈추천"", ""신발"", ""운동화"", ""캐주얼""], ""season"": ""0"", ""season_year"": 0, ""source_attributes"": {}}"
무신사,[삭형x로맨틱무브] 유팁 키높이 더비 R25M400 (워싱블랙),[삭형x로맨틱무브] 유팁 키높이 더비 r25m400 (워싱블랙),,M,R25M400WBK,더 건프,트렌치 코트,"{""tags"": [""3홀/아이언/808/스무스/소가죽"", ""구두/스니커즈/스웨이드/818"", ""더비/컴포트/뮬/와이드/8홀"", ""레인저/부츠/로퍼/키높이/우든"", ""로맨틱무브/목토/슈즈/6인치"", ""베스트아이템"", ""여자/레더/옥스포드/597"", ""운동화/유니폼/수제화/남자""], ""season"": null, ""season_year"": 0, ""source_attributes"": {}}"
지그재그,[7만장판매] [B-BASIC] 스탠다드 보트넥 7부티 (3SIZE),[7만장판매] [b-basic] 스탠다드 보트넥 7부티 (3size),,,,디에스엠티,,"{""shop_name"": ""블랙업""}"
무신사,메이페어 3홀 폴리쉬드 스무스 - 블랙 / 42863001,메이페어 3홀 폴리쉬드 스무스 - 블랙 / 42863001,Mayfare 3 Eye Shoe 3 Eye ShoeBlack Polished Smooth,"M,W","42863001",누아누,맨투맨/스웨트,"{""tags"": [""3홀슈즈"", ""더비슈즈"", ""메이페어"", ""무배당발"", ""무신사단독"", ""미니멀룩"", ""블랙더비"", ""유광구두"", ""정장구두"", ""폴리시드가죽""], ""season"": null, ""season_year"": null, ""source_attributes"": {}}"
무신사,간트 레더 슬립온 R26M777 (나파블랙),간트 레더 슬립온 r26m777 (나파블랙),간트 레더 슬립온 R26M777 (나파블랙),"M,W",R26M777W15,더 건프,맨투맨/스웨트,"{""tags"": [""남자/남자신발/신발/슈즈"", ""로퍼/바부슈/가죽"", ""슬리퍼/슬라이드/샌들"", ""여름/썸머/26SS"", ""커플/유니섹스/남녀공용"", ""핀터/핀터레스트/해외패션""], ""season"": null, ""season_year"": 0, ""source_attributes"": {}}"
무신사,루틴 소가죽 코만도 첼시부츠 4.5cm (CR0011BK),루틴 소가죽 코만도 첼시부츠 4.5cm (cr0011bk),,"M,W",CR0011BK,더 머서 브랜드,숏 팬츠,"{""tags"": [""가죽"", ""레더"", ""미들부츠"", ""베이식"", ""블랙"", ""앵클부츠"", ""젠더리스"", ""첼시부츠"", ""캐주얼"", ""키높이""], ""season"": null, ""season_year"": 0, ""source_attributes"": {""무게"": [""가벼움""], ""쿠션"": [""있음""], ""굽 높이"": [""보통""]}}"
무신사,(남성) 본디 8 와이드 - 블랙 / 1127953-BBLC,(남성) 본디 8 와이드 - 블랙 / 1127953-bblc,Bondi 8 Wide - BLACK / BLACK,M,"1127953-BBLC",더 베리 띵,슬랙스,"{""tags"": [""러닝화"", ""러닝화추천"", ""본디"", ""일상화"", ""호카슈즈"", ""호카스니커즈"", ""호카신발""], ""season"": ""0"", ""season_year"": 2023, ""source_attributes"": {}}"
무신사,클리퍼 4홀 더비슈즈 무광 블랙 구두 SFT-101,클리퍼 4홀 더비슈즈 무광 블랙 구두 sft-101,,M,SFT-101,더 아이덴티티 프로젝트,트렌치 코트,"{""tags"": [""남자구두"", ""남자더비슈즈"", ""남자로퍼"", ""더비슈즈"", ""발편한구두"", ""옥스포드"", ""키높이구두""], ""season"": ""0"", ""season_year"": 0, ""source_attributes"": {}}"
무신사,올드스쿨 - 블랙 / VN000D3HY281,올드스쿨 - 블랙 / vn000d3hy281,VN-0D3HY28 / OLD SKOOL BLACK,"M,W",VN000D3HY281,누브,숏/하프 코트,"{""tags"": [""갈색신발"", ""브라운슈즈"", ""브라운스니커즈"", ""슈퍼로우프로"", ""시그니처재입고"", ""여름신발"", ""여름신발추천"", ""인기상품재입고""], ""season"": null, ""season_year"": 0, ""source_attributes"": {}}"
무신사,T-2 더비 블랙,t-2 더비 블랙,T-2 DERBY BLACK,"M,W",PMS26AMSE01T020,더 차일드후드 홈,트렌치 코트,"{""tags"": [""남자구두"", ""더비"", ""더비BEST"", ""더비구두"", ""더비슈즈"", ""베스트아이템"", ""블랙레더"", ""수제화"", ""정장구두"", ""편한신발""], ""season"": ""0"", ""season_year"": 0, ""source_attributes"": {""무게"": [""보통""], ""쿠션"": [""있음""], ""굽 높이"": [""보통""]}}"
무신사,WTRD1203 클리프 스퀘어토 4홀 더비슈즈 블랙 [230~290MM],wtrd1203 클리프 스퀘어토 4홀 더비슈즈 블랙 [230~290mm],WTRD1203 CLIFF 4HOLE DERBY SHOES BALCK [230~290MM],"M,W",WTRD1203,더 클로이스터,트렌치 코트,"{""tags"": [""남자구두"", ""남자더비슈즈"", ""더비슈즈"", ""더비슈즈컬렉션"", ""베스트아이템"", ""볼륨스퀘어"", ""스퀘어"", ""젠더리스"", ""클리프""], ""season"": ""2"", ""season_year"": 0, ""source_attributes"": {""무게"": [""가벼움""], ""쿠션"": [""있음""], ""굽 높이"": [""높음""]}}"
무신사,뉴포트 H2 샌들 Triple Black,뉴포트 h2 샌들 triple black,뉴포트 H2 샌들 Triple Black,"M,W",KNSO6ET08BK,놈브레,벨트,"{""tags"": [""남자여름샌들"", ""킨뉴포트"", ""킨뉴포트H2"", ""킨샌들"", ""킨샌들사이즈"", ""킨신발"", ""킨유니크""], ""season"": ""1"", ""season_year"": 0, ""source_attributes"": {}}"
무신사,에어 포스 1 07 LX Vibram® M - 서밋 화이트:라이트 본:스피드 옐로우:스모크 그레이 / IH1943-100,에어 포스 1 07 lx vibram® m - 서밋 화이트:라이트 본:스피드 옐로우:스모크 그레이 / ih1943-100,AIR FORCE 1 07 LOW LX VIBRAM - SUMMIT WHITE/SMOKE GREY-LT BONE-SPEED YELLOW,M,IH1943-100,내셔널지오그래픽,블레이저/슈트 재킷,"{""tags"": [""나이키스니커즈"", ""나이키에어포스"", ""데일리스니커즈"", ""비브람에어포스""], ""season"": null, ""season_year"": null, ""source_attributes"": {}}"
무신사,[SFTM 컬래버] 아디제로 EVO SL M - 도브그레이 / KJ0774,[sftm 컬래버] 아디제로 evo sl m - 도브그레이 / kj0774,Adizero EVO SL WVN  CGRANI/GREONE/GRESIX,M,KJ0774,고저,슬랙스,"{""tags"": [""SFTM"", ""러닝"", ""러닝화"", ""러닝화추천"", ""무배당발"", ""아디다스송포더뮤트"", ""아디제로EVOSL""], ""season"": ""2"", ""season_year"": 2026, ""source_attributes"": {}}"
무신사,아디제로 EVO SL - 그레이 / KI9874,아디제로 evo sl - 그레이 / ki9874,adizero Evo SL M    GRESTR/SILVMT/LGRANI,"M,W",KI9874,고저,슬랙스,"{""tags"": [""EVOSL"", ""러닝"", ""러닝화"", ""무배당발"", ""아디다스러닝"", ""아디제로"", ""아디제로EVOSL"", ""에보슬""], ""season"": ""2"", ""season_year"": 2026, ""source_attributes"": {}}"
무신사,아디스타 XLG 2.0 - 화이트:블랙:블루 / KI4505,아디스타 xlg 2.0 - 화이트:블랙:블루 / ki4505,ADISTAR XLG 2.0     HIRBLU/CBLACK/OWHITE,"M,W",KI4505,고저,블레이저/슈트 재킷,"{""tags"": [""무배당발"", ""스니커즈"", ""스니커즈추천"", ""아디다스아디스타XLG"", ""운동화""], ""season"": ""2"", ""season_year"": 2026, ""source_attributes"": {}}"
무신사,"11인치 페코스 8060 - 호손 뮬스키너","11인치 페코스 8060 - 호손 뮬스키너",,M,"08060E",더 그린컵,아노락,"{""tags"": [""남성부츠"", ""레드윙부츠"", ""레드윙헤리티지"", ""부츠"", ""페코스"", ""페코스부츠""], ""season"": ""2"", ""season_year"": 0, ""source_attributes"": {}}"
무신사,[+5cm] DESK - 801(p),[+5cm] desk - 801(p),,M,BFPNKDB01,더 릴,트렌치 코트,"{""tags"": [""26SS"", ""결혼식"", ""결혼식구두"", ""데스크/801/더비/슈즈"", ""신학기/개강/데이트/경조사"", ""직장인/비즈니스/캐주얼/더비"", ""키높이/구두/남성/선물용"", ""하객"", ""하객룩""], ""season"": ""1"", ""season_year"": 2026, ""source_attributes"": {}}"
무신사,ORIGINAL 1910 첼시부츠_스틸그레이,original 1910 첼시부츠_스틸그레이,ORIGINAL 1910 첼시부츠_스틸그레이,"M,W",ORIGINAL #1910,더노피,롱 패딩,"{""tags"": [""ORIGINALS"", ""남성부츠"", ""베스트셀러"", ""부츠"", ""앵클부츠"", ""여성앵클부츠"", ""여자부츠"", ""여자앵클부츠"", ""왁스스웨이드레더"", ""첼시부츠""], ""season"": ""0"", ""season_year"": 0, ""source_attributes"": {""무게"": [""보통""], ""쿠션"": [""있음""], ""굽 높이"": [""보통""]}}"
무신사,ARC SNEAKERS (BLACK),arc sneakers (black),ARC SNEAKERS (BLACK),M,ARC,더 긱스,블레이저/슈트 재킷,"{""tags"": [""인플루언서픽""], ""season"": ""1"", ""season_year"": 2026, ""source_attributes"": {}}"
무신사,척테일러 올스타 클래식 블랙 M9166C,척테일러 올스타 클래식 블랙 m9166c,Chuck Taylor All Star Classic,"M,W",M9166C,뉴테입,숏/하프 코트,"{""tags"": [""베스트셀러"", ""스테디셀러"", ""젠더리스"", ""척테일러"", ""척테일러올스타"", ""척테일러올스타클래식""], ""season"": null, ""season_year"": 0, ""source_attributes"": {}}"
무신사,[6.5CM UP] 논슬립 러기드 스웨이드 뮬_블랙,[6.5cm up] 논슬립 러기드 스웨이드 뮬_블랙,[6.5CM UP] NON SLIP RUGGED SUEDE MULE_BLACK,M,TRFSN01BK,갭,블레이저/슈트 재킷,"{""tags"": [""구두"", ""로퍼"", ""스니커즈"", ""스웨이드"", ""슬립온"", ""운동화"", ""키높이""], ""season"": ""2"", ""season_year"": 2026, ""source_attributes"": {""무게"": [""가벼움""], ""쿠션"": [""있음""], ""굽 높이"": [""높음""]}}"
무신사,NBP7GF727G / ML2002R0 (GRAY),nbp7gf727g / ml2002r0 (gray),NBP7GF727G / ML2002R0 (GRAY),"M,W",NBP7GF727G_15,누누씨,스웨트/조거 팬츠,"{""tags"": [""2002&530"", ""260528재입고"", ""데일리"", ""스니커즈"", ""스니커즈추천"", ""스테디신발"", ""신발"", ""운동화"", ""캐주얼""], ""season"": ""0"", ""season_year"": 2026, ""source_attributes"": {}}"
무신사,토쿠텐 1183C431_020,토쿠텐 1183c431_020,TOKUTEN,"M,W","1183C431_020",누스미크,숏/하프 코트,"{""tags"": [""1183C431"", ""TOKUTEN""], ""season"": ""1"", ""season_year"": 0, ""source_attributes"": {}}"
무신사,메이페어 로퍼 폴리쉬드 스무스 - 블랙 / 42503001,메이페어 로퍼 폴리쉬드 스무스 - 블랙 / 42503001,Mayfare Loafer LoaferBlack Polished Smooth,"M,W","42503001",누아누,맨투맨/스웨트,"{""tags"": [""닥마"", ""닥마로퍼"", ""닥마메이페어"", ""로퍼"", ""메이페어"", ""무배당발""], ""season"": null, ""season_year"": null, ""source_attributes"": {}}"
무신사,[ENTRY] 401 올터레인 6.5CM 카우하이드 더비,[entry] 401 올터레인 6.5cm 카우하이드 더비,[ENTRY] 401 All Terrain 6.5CM Derby,"M,W",TY08BK,누벨르미에르,트렌치 코트,"{""tags"": [""ENTRY"", ""남성구두"", ""더비슈즈"", ""레인더비"", ""레인부츠"", ""방수"", ""장화"", ""키높이""], ""season"": null, ""season_year"": 0, ""source_attributes"": {""무게"": [""보통""], ""쿠션"": [""있음""], ""굽 높이"": [""높음""]}}"
무신사,에어 포스 1 07 W - 카카오 와우:샌드드리프트 / FQ8901-259,에어 포스 1 07 w - 카카오 와우:샌드드리프트 / fq8901-259,WMNS AIR FORCE 1 07 D - CACAO WOW/CACAO WOW-SANDDRIFT,"M,W",FQ8901-259,내셔널지오그래픽,블레이저/슈트 재킷,"{""tags"": [""나이키에어포스"", ""에어포스1"", ""카카오와우"", ""카카오포스""], ""season"": null, ""season_year"": null, ""source_attributes"": {}}"
무신사,NBPDGF703K / M1906RER (BLACK),nbpdgf703k / m1906rer (black),NBPDGF703K / M1906RER (BLACK),"M,W",NBPDGF703K_19,누누씨,스웨트/조거 팬츠,"{""tags"": [""데일리"", ""스니커즈"", ""스니커즈추천"", ""스테디신발"", ""신발"", ""운동화""], ""season"": ""0"", ""season_year"": 0, ""source_attributes"": {}}"
무신사,신세틱 스웨이드 클로그 HPCV4GA401,신세틱 스웨이드 클로그 hpcv4ga401,HPCV4GA401,M,"5006748946",더니트컴퍼니,코치 재킷,"{""tags"": [""슈펜해피가이정호""], ""season"": ""1"", ""season_year"": 2025, ""source_attributes"": {}}"
무신사,유트 타우페,유트 타우페,UTE TAUPE,"M,W",FSM6730SUTP,더도시,베스트,"{""tags"": [""버켄"", ""샌들"", ""스웨이드슬리퍼"", ""슬라이드"", ""슬리퍼"", ""실내화"", ""여름신발""], ""season"": null, ""season_year"": 0, ""source_attributes"": {}}"
무신사,젤 1130 - 화이트:미드나잇 / 1203A609-120,젤 1130 - 화이트:미드나잇 / 1203a609-120,GEL-1130 - WHITE/MIDNIGHT / 1203A609-120,"M,W","1203A609-120",누보텐,블레이저/슈트 재킷,"{""tags"": [""아식스260818"", ""아식스스니커즈"", ""아식스운동화"", ""아식스젤1130"", ""젤1130""], ""season"": null, ""season_year"": null, ""source_attributes"": {}}"
무신사,멕시코 66 1183C102_001,멕시코 66 1183c102_001,MEXICO 66,"M,W","1183C102_001",누스미크,블레이저/슈트 재킷,"{""tags"": [""1183C102"", ""212317035"", ""MEXICO66"", ""멕시코66""], ""season"": ""0"", ""season_year"": 0, ""source_attributes"": {}}"
무신사,프리미엄 어센틱 이즈 LX - 블랑 데 블랑 / VN000ECPJVY1,프리미엄 어센틱 이즈 lx - 블랑 데 블랑 / vn000ecpjvy1,LX Authentic Ease - BLANC DE BLANC /  VN000ECPJVY1,"M,W",VN000ECPJVY1,누브,블레이저/슈트 재킷,"{""tags"": [""LX어센틱44"", ""반스프리미엄어센틱"", ""프리미엄어센틱""], ""season"": ""1"", ""season_year"": 2026, ""source_attributes"": {}}"
무신사,에어 맥스 모토 2K M - 블랙:메탈릭 다크 그레이:다크 스모크 그레이 / IO9279-001,에어 맥스 모토 2k m - 블랙:메탈릭 다크 그레이:다크 스모크 그레이 / io9279-001,NIKE AIR MAX MOTO 2K - BLACK/DK SMOKE GREY-MTLC DK GREY,M,IO9279-001,내셔널지오그래픽,블레이저/슈트 재킷,"{""tags"": [""나이키모토"", ""모토2K"", ""에어맥스"", ""에어맥스모토""], ""season"": null, ""season_year"": null, ""source_attributes"": {}}"
무신사,멕시코 66 VIN SD 1183C015_200,멕시코 66 vin sd 1183c015_200,MEXICO 66 SD,"M,W","1183C015_200",누스미크,블레이저/슈트 재킷,"{""tags"": [""멕시코66VINSD""], ""season"": ""2"", ""season_year"": 0, ""source_attributes"": {}}"
무신사,NBPDGF703S / M1906REH (SILVER),nbpdgf703s / m1906reh (silver),NBPDGF703S / M1906REH (SILVER),"M,W",NBPDGF703S_91,누누씨,블레이저/슈트 재킷,"{""tags"": [""1906&740"", ""데일리"", ""베스트스니커즈"", ""스니커즈"", ""스니커즈추천"", ""스테디신발"", ""신발"", ""운동화"", ""캐주얼"", ""클래식러닝""], ""season"": ""0"", ""season_year"": 2026, ""source_attributes"": {}}"
무신사,[ONRU x kinchi] RUN-841 드럼워싱 홀스레더 컴포트 슈즈,[onru x kinchi] run-841 드럼워싱 홀스레더 컴포트 슈즈,,M,BEONDB11,더뮤지엄비지터,트렌치 코트,"{""tags"": [""808/킨치/슈즈/더비"", ""841/온루/ONRU/신발"", ""가죽/더비슈즈/말가죽/가죽"", ""남자/여자/스니커즈/가죽신발"", ""러그/빈티지/캐주얼/미니멀"", ""운동화/구동화/슈즈/커플""], ""season"": null, ""season_year"": 0, ""source_attributes"": {""무게"": [""가벼움""], ""쿠션"": [""있음""], ""굽 높이"": [""보통""]}}"
무신사,"1735 ETERNAL BLACK JEANS [WIDE STRAIGHT]","1735 eternal black jeans [wide straight]","1735 ETERNAL BLACK JEANS [WIDE STRAIGHT]",M,LOT1735,그라미치,긴소매 티셔츠,"{""tags"": [""26FW컬렉션"", ""데님"", ""데님팬츠"", ""블랙진"", ""와이드데님"", ""와이드스트레이트"", ""팬츠""], ""season"": null, ""season_year"": 0, ""source_attributes"": {}}"
무신사,데님 원턱 와이드 팬츠 11 COLOR COOSPT201,데님 원턱 와이드 팬츠 11 color coospt201,Denim one-tuck wide pants 16COLOR_COOSPT201,M,COOSPT201,더블에스씨 아카이브,긴소매 티셔츠,"{""tags"": [""72H특가"", ""데님"", ""데님팬츠"", ""데님팬츠맨"", ""바지"", ""와이드데님"", ""와이드팬츠"", ""젠더리스"", ""청바지"", ""팬츠""], ""season"": ""2"", ""season_year"": 2025, ""source_attributes"": {""핏"": [""오버 사이즈""], ""계절"": [""봄"", ""여름"", ""가을"", ""겨울""], ""두께"": [""보통""], ""비침"": [""없음""], ""촉감"": [""보통""], ""신축성"": [""보통""]}}"
무신사,[NERDKING x ALYSS] 슬릭 세미와이드 데님 팬츠_3COLOR,[nerdking x alyss] 슬릭 세미와이드 데님 팬츠_3color,[NERDKING X ALYSS] ALL-SEASON SLEEK SEMI-WIDE DENIM PANTS_3COLOR,M,ALSPT6347,고하더,긴소매 티셔츠,"{""tags"": [""DENIM"", ""너드킹"", ""너드킹X알리스"", ""데님"", ""데님팬츠"", ""와이드팬츠"", ""청바지""], ""season"": ""2"", ""season_year"": 2026, ""source_attributes"": {}}"
무신사,[DIVEIN X 무민서] WASHED VERN CARGO PANTS (BEIGE),[divein x 무민서] washed vern cargo pants (beige),[DIVEIN X MOOMINSEO] WASHED VERN CARGO PANTS (BEIGE),M,D26F-PT32OB,구아브,롱/맥시 원피스,"{""tags"": [], ""season"": ""2"", ""season_year"": 2026, ""source_attributes"": {}}"
무신사,헤비 코튼 커브드 스웨트 팬츠-3Color,헤비 코튼 커브드 스웨트 팬츠-3color,Heavy Cotton Curved Sweat Pants-3Color,M,FBFFUPT014,그라퍼리즈,미니 스커트,"{""tags"": [""긴바지"", ""밴딩팬츠"", ""스웻팬츠"", ""와이드팬츠"", ""캐주얼팬츠"", ""트레이닝팬츠"", ""팬츠""], ""season"": ""2"", ""season_year"": 2026, ""source_attributes"": {""핏"": [""레귤러""], ""계절"": [""봄"", ""여름"", ""가을""], ""두께"": [""보통""], ""비침"": [""없음""], ""촉감"": [""부드러움""], ""신축성"": [""있음""]}}"
무신사,[NERDKING x ALYSS] 슬릭 세미와이드 코튼 치노 팬츠_3COLOR,[nerdking x alyss] 슬릭 세미와이드 코튼 치노 팬츠_3color,[NERDKING X ALYSS] ALL-SEASON SLEEK SEMI-WIDE COTTON CHINO PANTS_3COLOR,M,ALSPT6346,고하더,롱/맥시 원피스,"{""tags"": [""남자바지"", ""너드킹"", ""너드킹X알리스"", ""바지"", ""와이드팬츠"", ""코튼팬츠"", ""팬츠""], ""season"": ""2"", ""season_year"": 2026, ""source_attributes"": {""핏"": [""레귤러"", ""루즈""], ""계절"": [""봄"", ""여름"", ""가을"", ""겨울""], ""두께"": [""보통""], ""비침"": [""없음""], ""촉감"": [""보통""], ""신축성"": [""보통""]}}"
무신사,VLAD 원턱 커브드 트랙 팬츠_립스탑 3 COLOR,vlad 원턱 커브드 트랙 팬츠_립스탑 3 color,VLAD ONE TUCK CURVED TRACK PANTS_RIPSTOP 3 COLOR,"M,W",VBF2PL01,구찌,미니 스커트,"{""tags"": [""반바지"", ""새깅"", ""와이드"", ""워싱"", ""워크웨어"", ""카고팬츠"", ""하프팬츠""], ""season"": ""1"", ""season_year"": 2026, ""source_attributes"": {""계절"": [""봄"", ""여름"", ""가을"", ""겨울""], ""두께"": [""보통""], ""비침"": [""없음""], ""촉감"": [""보통""], ""신축성"": [""보통""]}}"
무신사,VERN CARGO PANTS V2 (BLACK),vern cargo pants v2 (black),VERN CARGO PANTS V2 (BLACK),M,DIVFWPT007BK,구아브,롱/맥시 원피스,"{""tags"": [""25F/W"", ""여름"", ""워크팬츠""], ""season"": ""2"", ""season_year"": 0, ""source_attributes"": {}}"
무신사,플레어 데님 팬츠 [블랙],플레어 데님 팬츠 [블랙],FLARE DENIM PANTS [BLACK],M,MMDNP0Z15-BK,골든베어,긴소매 티셔츠,"{""tags"": [""데님"", ""데님컬렉션"", ""데님팬츠"", ""워싱진"", ""이도현PICK"", ""청바지"", ""플레어진"", ""플레어핏"", ""플레어핏팬츠""], ""season"": ""2"", ""season_year"": 2024, ""source_attributes"": {""핏"": [""레귤러""], ""계절"": [""봄"", ""가을"", ""겨울""], ""두께"": [""약간 두꺼움""], ""비침"": [""없음""], ""촉감"": [""보통""], ""신축성"": [""없음""]}}"
무신사,[WKNDRS X FIT THE SIZE] EAGLE DENIM PANTS (KHAKI),[wkndrs x fit the size] eagle denim pants (khaki),[WKNDRS X FIT THE SIZE] EAGLE DENIM PANTS (KHAKI),"M,W",WS2602PT05KH,노머,긴소매 티셔츠,"{""tags"": [""데님바지"", ""데님팬츠"", ""바지"", ""와이드데님"", ""와이드팬츠"", ""청바지"", ""팬츠""], ""season"": null, ""season_year"": 0, ""source_attributes"": {""핏"": [""루즈""], ""계절"": [""봄"", ""여름"", ""가을"", ""겨울""], ""두께"": [""보통""], ""비침"": [""없음""], ""촉감"": [""약간 뻣뻣함""], ""신축성"": [""약간 있음""]}}"
무신사,DANNY JEAN (MID BLUE),danny jean (mid blue),DANNY JEAN (MID BLUE),M,D26F-DN08MBL,구아브,긴소매 티셔츠,"{""tags"": [], ""season"": ""2"", ""season_year"": 2026, ""source_attributes"": {}}"
무신사,투턱 밴딩 와이드 슬랙스 [BLACK],투턱 밴딩 와이드 슬랙스 [black],TWO TUCK BANDING WIDE SLACKS [BLACK],M,DFPT0006BK,골라,미디 원피스,"{""tags"": [""남자슬랙스"", ""남자정장바지"", ""남자정장팬츠"", ""슬랙스"", ""올드머니"", ""와이드슬랙스"", ""와이드팬츠"", ""와이드핏""], ""season"": ""2"", ""season_year"": 2026, ""source_attributes"": {}}"
무신사,베이직 라인 나일론 스트링 팬츠 (블랙),베이직 라인 나일론 스트링 팬츠 (블랙),Basic line nylon string pants (black),M,BTFW018,뉴키치,미니 스커트,"{""tags"": [""나일론팬츠"", ""데일리팬츠"", ""스트링팬츠"", ""오버핏팬츠"", ""와이드팬츠"", ""트레이닝바지"", ""트레이닝팬츠""], ""season"": ""2"", ""season_year"": 0, ""source_attributes"": {}}"
무신사,세미 와이드 히든 밴딩 슬랙스 [미디엄 그레이],세미 와이드 히든 밴딩 슬랙스 [미디엄 그레이],SEMI WIDE HIDDEN BANDING SLACKS [MEDIUM GREY],M,MM0PL0Z03-MR,골든베어,미디 원피스,"{""tags"": [""남성정장"", ""밴딩"", ""밴딩바지"", ""밴딩슬랙스"", ""셋업팬츠"", ""슬랙스컬렉션"", ""와이드"", ""와이드슬랙스"", ""정장바지""], ""season"": ""0"", ""season_year"": null, ""source_attributes"": {""핏"": [""레귤러""], ""계절"": [""봄"", ""가을"", ""겨울""], ""두께"": [""보통""], ""비침"": [""없음""], ""촉감"": [""보통""], ""신축성"": [""있음""]}}"
무신사,와이드 히든 밴딩 슬랙스 [차콜 그레이],와이드 히든 밴딩 슬랙스 [차콜 그레이],WIDE HIDDEN BANDING SLACKS [CHARCOAL GREY],M,MM0PL0Z04-CG,골든베어,미디 원피스,"{""tags"": [""남성정장"", ""루즈핏"", ""슬랙스컬렉션"", ""와이드슬랙스"", ""와이드팬츠"", ""정장바지""], ""season"": ""0"", ""season_year"": null, ""source_attributes"": {""핏"": [""루즈""], ""계절"": [""봄"", ""가을"", ""겨울""], ""두께"": [""보통""], ""비침"": [""없음""], ""촉감"": [""보통""], ""신축성"": [""있음""]}}"
무신사,브루니 커브드 코튼 팬츠 (3color),브루니 커브드 코튼 팬츠 (3color),,M,ANFW707,더블유브이프로젝트,롱/맥시 원피스,"{""tags"": [""겨울팬츠"", ""면바지"", ""바지"", ""와이드팬츠"", ""코튼팬츠"", ""팬츠""], ""season"": null, ""season_year"": 0, ""source_attributes"": {""계절"": [""가을"", ""겨울""], ""비침"": [""없음""], ""촉감"": [""보통""], ""신축성"": [""보통""]}}"
무신사,[쿨탠다드] 세미 와이드 히든 밴딩 슬랙스 [블랙],[쿨탠다드] 세미 와이드 히든 밴딩 슬랙스 [블랙],COOLTANDARD SEMI WIDE HIDDEN BANDING SLACKS [BLACK],M,MMJPL6Z13-BK,골든베어,미디 원피스,"{""tags"": [""밴딩"", ""슬랙스컬렉션"", ""와이드"", ""와이드슬랙스"", ""정장바지"", ""쿨맥스"", ""쿨아이템"", ""쿨탠다드""], ""season"": ""1"", ""season_year"": null, ""source_attributes"": {""핏"": [""레귤러""], ""계절"": [""봄"", ""여름""], ""두께"": [""얇음""], ""비침"": [""없음""], ""촉감"": [""보통""], ""신축성"": [""있음""]}}"
무신사,에어스트레치 조거팬츠_블랙 트레이닝 [일반/기모/카고 선택],에어스트레치 조거팬츠_블랙 트레이닝 [일반/기모/카고 선택],,M,P00000LJ,더이너스,양말/레그웨어,"{""tags"": [""GYM"", ""RUNNING"", ""기능성팬츠"", ""러닝컬렉션"", ""에어스트레치"", ""에어스트레치컬렉션"", ""운동복"", ""젠더리스"", ""조거팬츠"", ""트레이닝복""], ""season"": null, ""season_year"": 0, ""source_attributes"": {""핏"": [""루즈""], ""계절"": [""봄"", ""여름"", ""가을"", ""겨울""], ""두께"": [""얇음""], ""비침"": [""약간 있음""], ""촉감"": [""부드러움""], ""신축성"": [""있음""]}}"
무신사,Black Star - MOD7s,black star - mod7s,Black Star - MOD7s,"M,W",Black Star - MOD7s,더엘로,긴소매 티셔츠,"{""tags"": [""데님"", ""데님팬츠"", ""블랙스타"", ""블랙진"", ""생지"", ""생지데님""], ""season"": ""0"", ""season_year"": 0, ""source_attributes"": {}}"
무신사,"40S SELVEDGE STRAIGHT PANTS_INDIGO","40s selvedge straight pants_indigo","40S 셀비지 스트레이트 데님 팬츠_인디고","M,W",OS00ALPT03ID,더조히,긴소매 티셔츠,"{""tags"": [""26FW"", ""긴바지"", ""데님"", ""멋랩"", ""바지"", ""생지"", ""셀비지"", ""셀비지데님"", ""팬츠""], ""season"": ""2"", ""season_year"": 2026, ""source_attributes"": {}}"
무신사,W.W. II SELVEDGE STRAIGHT PANTS_INDIGO,w.w. ii selvedge straight pants_indigo,W.W.II 셀비지 스트레이트 팬츠_인디고,M,OS00ALPT04ID,더조히,긴소매 티셔츠,"{""tags"": [""26FW"", ""데님바지"", ""데님팬츠"", ""멋랩"", ""셀비지"", ""셀비지데님"", ""셀비지셋업"", ""청바지"", ""팬츠""], ""season"": ""2"", ""season_year"": 2026, ""source_attributes"": {}}"
무신사,휩코드 커브드 히든 밴딩 슬랙스 [블랙],휩코드 커브드 히든 밴딩 슬랙스 [블랙],휩코드 커브드 히든 밴딩 슬랙스,M,MMFPL9B42-BK,골든베어,미디 원피스,"{""tags"": [""FW신상"", ""남성정장"", ""슬랙스"", ""정장"", ""커브드"", ""휩코드"", ""히든밴딩""], ""season"": ""2"", ""season_year"": 2026, ""source_attributes"": {""핏"": [""루즈""], ""계절"": [""봄"", ""가을"", ""겨울""], ""두께"": [""보통""], ""비침"": [""없음""], ""촉감"": [""보통""], ""신축성"": [""약간 있음""]}}"
무신사,리얼 와이드 히든 밴딩 슬랙스 [미디엄 그레이],리얼 와이드 히든 밴딩 슬랙스 [미디엄 그레이],REAL WIDE HIDDEN BANDING SLACKS [MEDIUM GREY],M,MM0PL0Z05-MR,골든베어,미디 원피스,"{""tags"": [""남성정장"", ""루즈핏"", ""밴딩바지"", ""밴딩슬랙스"", ""셋업팬츠"", ""슬랙스컬렉션"", ""와이드"", ""와이드팬츠"", ""정장바지"", ""팬츠장바구니쿠폰""], ""season"": ""2"", ""season_year"": null, ""source_attributes"": {""핏"": [""오버 사이즈""], ""계절"": [""봄"", ""가을"", ""겨울""], ""두께"": [""보통""], ""비침"": [""없음""], ""촉감"": [""보통""], ""신축성"": [""있음""]}}"
무신사,솔리드 CP 커브드 치노 팬츠 (7 colors),솔리드 cp 커브드 치노 팬츠 (7 colors),솔리드 CP 커브드 치노 팬츠 (7 colors),"M,W",MMFPC3A15,골든베어,롱/맥시 원피스,"{""tags"": [""26FW"", ""남자데님"", ""데님시리즈"", ""배럴팬츠"", ""와이드팬츠"", ""이도현PICK"", ""이도현픽"", ""커브드팬츠""], ""season"": ""1"", ""season_year"": 2026, ""source_attributes"": {""핏"": [""루즈""], ""계절"": [""봄"", ""여름"", ""가을"", ""겨울""], ""두께"": [""약간 두꺼움""], ""비침"": [""없음""], ""촉감"": [""약간 뻣뻣함""], ""신축성"": [""없음""]}}"
무신사,Deep One Tuck Sweat Pants [Grey],deep one tuck sweat pants [grey],Deep One Tuck Sweat Pants [Grey],"M,W","2020F11",더블유엠씨,미니 스커트,"{""tags"": [""딥원턱스웨트팬츠"", ""스웨트컬렉션"", ""스웨트팬츠"", ""스웻팬츠"", ""오버핏"", ""와이드팬츠"", ""원턱"", ""트레이닝팬츠""], ""season"": null, ""season_year"": 0, ""source_attributes"": {""핏"": [""오버 사이즈""], ""계절"": [""봄"", ""가을"", ""겨울""], ""두께"": [""보통""], ""비침"": [""없음""], ""촉감"": [""약간 부드러움""], ""신축성"": [""있음""]}}"
무신사,더블 니트 커브드 스웨트 팬츠 (4 colors),더블 니트 커브드 스웨트 팬츠 (4 colors),더블 니트 커브드 스웨트 팬츠 (4 colors),M,MMFPK8B70,골든베어,미니 스커트,"{""tags"": [""스웨트팬츠"", ""스웻바지"", ""스웻팬츠"", ""커브드팬츠"", ""트레이닝""], ""season"": null, ""season_year"": null, ""source_attributes"": {""핏"": [""오버 사이즈""], ""계절"": [""겨울""], ""두께"": [""약간 두꺼움""], ""비침"": [""없음""], ""촉감"": [""보통""], ""신축성"": [""없음""]}}"
무신사,에브리데이 버뮤다 데님 쇼츠 [블랙],에브리데이 버뮤다 데님 쇼츠 [블랙],Everyday Bermuda Denim Shorts [Black],M,L24FWHP00101,그래프플랫폼,피케/카라 티셔츠,"{""tags"": [""남자바지"", ""바지"", ""버뮤다팬츠"", ""숏팬츠"", ""팬츠"", ""하프팬츠""], ""season"": ""1"", ""season_year"": 0, ""source_attributes"": {""핏"": [""레귤러""], ""계절"": [""봄"", ""여름"", ""가을""], ""두께"": [""보통""], ""비침"": [""없음""], ""촉감"": [""보통""], ""신축성"": [""보통""]}}"
무신사,TX203 세미플레어 데님 (블랙),tx203 세미플레어 데님 (블랙),Semi frare denim (black),M,TX203,더블힙스,긴소매 티셔츠,"{""tags"": [""데님"", ""데님팬츠"", ""바지"", ""세미플레어"", ""세미플레어핏"", ""청바지"", ""플레어"", ""플레어진""], ""season"": ""1"", ""season_year"": 2026, ""source_attributes"": {""핏"": [""스키니"", ""슬림"", ""레귤러""], ""계절"": [""봄"", ""여름"", ""가을"", ""겨울""], ""두께"": [""보통""], ""비침"": [""없음""], ""촉감"": [""보통""], ""신축성"": [""거의 없음""]}}"
무신사,사이드 지퍼 워시드 카고 팬츠 [네이비],사이드 지퍼 워시드 카고 팬츠 [네이비],Side Zip Garment Dyed Cargo Pants [Navy],M,L26SPPA022NA,그래프플랫폼,긴소매 티셔츠,"{""tags"": [""데님"", ""데님바지"", ""데님팬츠"", ""바지"", ""워싱데님"", ""청바지"", ""팬츠""], ""season"": ""1"", ""season_year"": 0, ""source_attributes"": {}}"
무신사,[10주년기획] © 모두의 에센셜 데님 팬츠_(커브드 핏) 4 COLOR,[10주년기획] © 모두의 에센셜 데님 팬츠_(커브드 핏) 4 color,© EVERYONES ESSENTIAL DENIM PANTS_(CURVED FIT) 4 COLOR,"M,W",ABF7DP01,구찌,긴소매 티셔츠,"{""tags"": [""빈티지"", ""오버핏"", ""와이드"", ""워싱"", ""청바지"", ""캐주얼"", ""코튼""], ""season"": ""2"", ""season_year"": 2026, ""source_attributes"": {}}"
무신사,투턱 와이드 롱 스웨트 팬츠 [블랙],투턱 와이드 롱 스웨트 팬츠 [블랙],,"M,W",BUDR_TWLSP24B,더티스,미니 스커트,"{""tags"": [""스웨트팬츠"", ""스웻팬츠"", ""와이드팬츠"", ""통바지"", ""투턱팬츠"", ""트레이닝바지"", ""트레이닝팬츠""], ""season"": null, ""season_year"": 0, ""source_attributes"": {""핏"": [""오버 사이즈""], ""계절"": [""봄"", ""여름"", ""가을"", ""겨울""], ""두께"": [""약간 두꺼움""], ""비침"": [""없음""], ""촉감"": [""부드러움""], ""신축성"": [""보통""]}}"
무신사,EASY WIDE CHINO PANTS [GRAPHITE],easy wide chino pants [graphite],EASY WIDE CHINO PANTS [GRAPHITE],M,BR26PT36GP,그라미치,롱/맥시 원피스,"{""tags"": [""26FW컬렉션"", ""데일리팬츠"", ""바지"", ""와이드치노팬츠"", ""와이드팬츠"", ""이지와이드치노팬츠"", ""치노팬츠""], ""season"": null, ""season_year"": 0, ""source_attributes"": {""핏"": [""루즈""], ""계절"": [""봄"", ""가을"", ""겨울""], ""두께"": [""보통""], ""비침"": [""없음""], ""촉감"": [""보통""], ""신축성"": [""보통""]}}"
무신사,와이드 치노 팬츠 [베이지],와이드 치노 팬츠 [베이지],WIDE CHINO PANTS [BEIGE],M,MM0PC9Z04-BE,골든베어,롱/맥시 원피스,"{""tags"": [""레귤러핏"", ""면바지"", ""와이드"", ""치노팬츠"", ""캐주얼팬츠"", ""팬츠장바구니쿠폰""], ""season"": ""2"", ""season_year"": null, ""source_attributes"": {""핏"": [""오버 사이즈""], ""계절"": [""봄"", ""가을""], ""두께"": [""보통""], ""비침"": [""없음""], ""촉감"": [""보통""], ""신축성"": [""없음""]}}"
무신사,[쿨탠다드] 쿨링 와이드 밴딩 팬츠 [블랙],[쿨탠다드] 쿨링 와이드 밴딩 팬츠 [블랙],COOLTANDARD COOLING WIDE BANDING PANTS [BLACK],M,MMBPC5Z03-BK,골든베어,미니 스커트,"{""tags"": [""고프코어"", ""나일론"", ""라운지웨어"", ""밴딩팬츠"", ""이지웨어"", ""쿨링"", ""쿨아이템"", ""쿨탠다드"", ""트레이닝복""], ""season"": ""1"", ""season_year"": 2022, ""source_attributes"": {""핏"": [""오버 사이즈""], ""계절"": [""여름""], ""두께"": [""약간 얇음""], ""비침"": [""없음""], ""촉감"": [""약간 부드러움""], ""신축성"": [""있음""]}}"
무신사,투턱 와이드 치노 코튼 팬츠 4Color,투턱 와이드 치노 코튼 팬츠 4color,Two tuck wide chino cotton pants 4 colors,"M,W",MUN114,그라운즈스웻,롱/맥시 원피스,"{""tags"": [""면바지"", ""바지"", ""와이드팬츠"", ""캐주얼팬츠"", ""코튼팬츠"", ""팬츠"", ""화이트팬츠""], ""season"": ""1"", ""season_year"": 2026, ""source_attributes"": {""계절"": [""봄"", ""여름"", ""가을"", ""겨울""], ""두께"": [""보통""], ""비침"": [""없음""], ""촉감"": [""부드러움""], ""신축성"": [""없음""]}}"
무신사,자이언트핏 매쉬 와이드 팬츠,자이언트핏 매쉬 와이드 팬츠,Giant Fit Mesh Wide Pants,M,H241MLGPT820BK,더티아이디어,민소매/슬리브리스,"{""tags"": [""BESTITEM"", ""스포츠"", ""운동복"", ""자이언트핏"", ""트레이닝"", ""팬츠"", ""헬스복""], ""season"": ""1"", ""season_year"": 2024, ""source_attributes"": {}}"
무신사,[UNISEX] 와이드 스트링 하이킹팬츠  - 블랙,[unisex] 와이드 스트링 하이킹팬츠 - 블랙,,M,hikingpants-black,나우앤투모로우,민소매/슬리브리스,"{""tags"": [""고프코어"", ""나일론팬츠"", ""등산바지"", ""등산복"", ""와이드팬츠"", ""조거팬츠"", ""파라슈트팬츠""], ""season"": ""2"", ""season_year"": 2025, ""source_attributes"": {""핏"": [""루즈"", ""오버 사이즈""], ""계절"": [""봄"", ""여름"", ""가을"", ""겨울""], ""두께"": [""보통""], ""비침"": [""없음""], ""촉감"": [""부드러움"", ""약간 부드러움""], ""신축성"": [""없음"", ""거의 없음""]}}"
무신사,NJ3NS56J 화이트라벨 벤투스 온 자켓 BLACK,nj3ns56j 화이트라벨 벤투스 온 자켓 black,NJ3NS56J 화이트라벨 벤투스 온 자켓 BLACK,M,NJ3NS56J,나이엔,원피스·스커트,"{""tags"": [""경량자켓"", ""경량패딩"", ""무신사단독"", ""아우터"", ""자켓"", ""패딩"", ""패딩점퍼"", ""화이트라벨""], ""season"": null, ""season_year"": 0, ""source_attributes"": {}}"
무신사,와플 클래식 트랙탑 - 블랙 / KQ6863,와플 클래식 트랙탑 - 블랙 / kq6863,WAFFLE CL TT        BLACK,"M,W",KQ6863,고저,하의,"{""tags"": [""무배당발"", ""무신사단독"", ""봄아우터"", ""아디다스트랙탑"", ""아우터"", ""와플"", ""와플컬렉션"", ""저지"", ""져지"", ""트랙탑""], ""season"": ""1"", ""season_year"": 2026, ""source_attributes"": {}}"
무신사,NJ3NS56K 벤투스 온 자켓 SILVER,nj3ns56k 벤투스 온 자켓 silver,,M,NJ3NS56K,나이엔,원피스·스커트,"{""tags"": [""26FW신상"", ""NJ3NS56K"", ""SILVER"", ""벤투스"", ""온"", ""자켓""], ""season"": ""2"", ""season_year"": 2026, ""source_attributes"": {}}"
무신사,[DIVEIN X 무민서] GRAPHIC VINTAGE CROP HOOD ZIP-UP (BLUE),[divein x 무민서] graphic vintage crop hood zip-up (blue),[DIVEIN X MOOMINSEO] GRAPHIC VINTAGE CROP HOOD ZIP-UP (BLUE),M,D26F-SH15BL,구아브,신발,"{""tags"": [], ""season"": ""2"", ""season_year"": 2026, ""source_attributes"": {}}"
무신사,Enter Wide Cargo Cotton Pants - 8COL,enter wide cargo cotton pants - 8col,,M,AV43PT02,더퍼스트플로어,롱/맥시 원피스,"{""tags"": [""긴바지"", ""바지"", ""밴딩팬츠"", ""와이드팬츠"", ""카고팬츠"", ""코튼팬츠"", ""팬츠""], ""season"": null, ""season_year"": 0, ""source_attributes"": {""핏"": [""레귤러""], ""계절"": [""봄"", ""여름"", ""가을"", ""겨울""], ""두께"": [""보통""], ""비침"": [""없음""], ""촉감"": [""보통""], ""신축성"": [""약간 있음""]}}"
무신사,[DIVEIN X 무민서] GRAPHIC VINTAGE CROP HOOD ZIP-UP (NAVY),[divein x 무민서] graphic vintage crop hood zip-up (navy),[DIVEIN X MOOMINSEO] GRAPHIC VINTAGE CROP HOOD ZIP-UP (NAVY),M,D26F-SH15NV,구아브,신발,"{""tags"": [], ""season"": ""2"", ""season_year"": 2026, ""source_attributes"": {}}"
무신사,아치 로고 루즈핏 아플리케 다잉 후드 집업 Charcoal,아치 로고 루즈핏 아플리케 다잉 후드 집업 charcoal,,"M,W",CHFTJ9A32CC,낫소,신발,"{""tags"": [""26FW"", ""다잉"", ""아치로고"", ""집업"", ""후드"", ""후드집업""], ""season"": ""2"", ""season_year"": 2026, ""source_attributes"": {}}"
무신사,벌룬핏 비조 스냅 와이드 카모팬츠,벌룬핏 비조 스냅 와이드 카모팬츠,Balloon Fit Vizo Snap Wide Camo Pants,M,GCEG2309,더핀스,롱/맥시 원피스,"{""tags"": [""긴바지"", ""데일리"", ""바지"", ""와이드팬츠"", ""캐주얼팬츠"", ""코튼팬츠"", ""팬츠""], ""season"": ""0"", ""season_year"": 0, ""source_attributes"": {""핏"": [""오버 사이즈""], ""계절"": [""봄"", ""가을"", ""겨울""], ""두께"": [""보통""], ""비침"": [""없음""], ""촉감"": [""보통""], ""신축성"": [""없음""]}}"
무신사,C.L WAFFLE JERSEY - CHARCOAL,c.l waffle jersey - charcoal,C.L WAFFLE JERSEY - CHARCOAL,"M,W",NMWF62TT01CHA,더히어,하의,"{""tags"": [""아디다스져지"", ""져지"", ""져지자켓"", ""트랙탑"", ""트레이닝"", ""트레이닝자켓""], ""season"": ""2"", ""season_year"": 2026, ""source_attributes"": {}}"
무신사,[DIVEIN X 무민서] VINTAGE CROP HOOD ZIP-UP (BLUE),[divein x 무민서] vintage crop hood zip-up (blue),[DIVEIN X MOOMINSEO] VINTAGE CROP HOOD ZIP-UP (BLUE),M,D26F-SH70BL,구아브,신발,"{""tags"": [], ""season"": ""2"", ""season_year"": 2026, ""source_attributes"": {}}"
무신사,파이어버드 우븐 트랙탑 - 블랙 / KE1366,파이어버드 우븐 트랙탑 - 블랙 / ke1366,FIREBIRD WVN TT     BLACK,M,KE1366,고저,하의,"{""tags"": [""무배당발"", ""바람막이"", ""봄아우터"", ""우븐트랙탑"", ""저지"", ""져지"", ""트랙탑"", ""파이어버드""], ""season"": null, ""season_year"": 0, ""source_attributes"": {}}"
무신사,퍼스트 카모 샤크 풀 집 후드(M) GREEN,퍼스트 카모 샤크 풀 집 후드(m) green,First Camo Shark Full Zip Hoodie (M) GREEN,"M,W","001ZPM301007GRN",꼼마꼼마,신발,"{""tags"": [], ""season"": ""0"", ""season_year"": 0, ""source_attributes"": {}}"
무신사,세륨 후디 남성 - SEA SALT / AJQSM10521,세륨 후디 남성 - sea salt / ajqsm10521,CERIUM HOODY M - SEA SALT / AJQSM10521,"M,W",AJQSM10521SLQ,나인밧,원피스·스커트,"{""tags"": [""26SS신상품"", ""경량다운"", ""경량패딩"", ""숏패딩"", ""아크테릭스경량다운"", ""아크테릭스경량패딩"", ""아크테릭스세륨"", ""아크테릭스세륨후디"", ""패딩""], ""season"": ""1"", ""season_year"": 2026, ""source_attributes"": {}}"
무신사,[시티 레저] 후디드 라이트 다운 재킷 [피스타치오],[시티 레저] 후디드 라이트 다운 재킷 [피스타치오],CITY LEISURE HOODED LIGHT DOWN JACKET [PISTACHIO],M,MMDDJAZ01-PS,골든베어,원피스·스커트,"{""tags"": [""경량패딩재입고"", ""덕다운"", ""러닝"", ""방한"", ""보온"", ""시티레저"", ""재입고"", ""츠통령PICK"", ""캐주얼패딩"", ""패딩""], ""season"": ""2"", ""season_year"": 2025, ""source_attributes"": {""핏"": [""레귤러""], ""계절"": [""겨울""], ""두께"": [""보통""], ""비침"": [""없음""], ""촉감"": [""보통""], ""신축성"": [""없음""]}}"
무신사,NJ3NS56O 벤투스 온 자켓 REAL BLACK,nj3ns56o 벤투스 온 자켓 real black,,M,NJ3NS56O,나이엔,원피스·스커트,"{""tags"": [""26FW신상"", ""BLACK"", ""NJ3NS56O"", ""REAL"", ""벤투스"", ""온"", ""자켓""], ""season"": ""2"", ""season_year"": 2026, ""source_attributes"": {}}"
무신사,릴렉스드 베이식 블레이저 [블랙],릴렉스드 베이식 블레이저 [블랙],RELAXED BASIC BLAZER [BLACK],M,MMJJK0Z02-BK,골든베어,로퍼,"{""tags"": [""남성정장"", ""남자아우터"", ""남자자켓"", ""남자재킷"", ""봄아우터"", ""블레이저컬렉션"", ""셋업"", ""수트"", ""이도현PICK"", ""이도현픽""], ""season"": ""2"", ""season_year"": null, ""source_attributes"": {""핏"": [""루즈""], ""계절"": [""봄"", ""가을""], ""두께"": [""보통""], ""비침"": [""없음""], ""촉감"": [""보통""], ""신축성"": [""있음""]}}"
무신사,NJ3NS53K 웨이브 라이트 온볼 패딩 자켓 ICE_GRAY,nj3ns53k 웨이브 라이트 온볼 패딩 자켓 ice_gray,,M,NJ3NS53K,나이엔,힐/펌프스,"{""tags"": [""26FW신상"", ""ICE_GRAY"", ""LT"", ""NJ3NS53K"", ""온"", ""웨이브"", ""자켓"", ""화이트라벨""], ""season"": ""2"", ""season_year"": 2026, ""source_attributes"": {}}"
무신사,[Office] 컴포트 수트 셋업_ 2 COLOR,[office] 컴포트 수트 셋업_ 2 color,[OFFICE] COMFORT SUIT SET-UP_2 COLOR,"M,W",ABF7JK01 ABF7PL02,구찌,로퍼,"{""tags"": [""비즈니스"", ""셋업"", ""슬랙스"", ""오피스룩"", ""자켓"", ""정장"", ""하객룩""], ""season"": ""2"", ""season_year"": 2026, ""source_attributes"": {""핏"": [""레귤러""], ""계절"": [""봄"", ""가을""], ""두께"": [""보통""], ""비침"": [""없음""], ""촉감"": [""보통""], ""신축성"": [""보통""]}}"
무신사,WASHED VINTAGE FIELD JACKET (BLACK),washed vintage field jacket (black),WASHED VINTAGE FIELD JACKET (BLACK),M,D26F-JK81BK,구아브,기타 원피스·스커트,"{""tags"": [], ""season"": ""2"", ""season_year"": 2026, ""source_attributes"": {}}"
무신사,와플 클래식 트랙탑 - 원더화이트 / KQ6864,와플 클래식 트랙탑 - 원더화이트 / kq6864,WAFFLE CL TT        WONWHI,"M,W",KQ6864,고저,하의,"{""tags"": [""무배당발"", ""무신사단독"", ""봄아우터"", ""아디다스트랙탑"", ""아우터"", ""와플"", ""와플컬렉션"", ""저지"", ""져지"", ""트랙탑""], ""season"": ""1"", ""season_year"": 2026, ""source_attributes"": {}}"
무신사,[크롭선택] ASI 포시즌 에센셜 후드 집업_피그먼트 차콜,[크롭선택] asi 포시즌 에센셜 후드 집업_피그먼트 차콜,(ASI) FOUR-SEASON ESSENTIAL PIGMENT HOODED ZIP-UP_CHACOAL GRAY,"M,W",ABD1TH01CH,구찌,신발,"{""tags"": [""스웨트"", ""오버핏"", ""워싱"", ""이지웨어"", ""투웨이"", ""트레이닝"", ""후드티""], ""season"": null, ""season_year"": 0, ""source_attributes"": {""계절"": [""봄"", ""가을"", ""겨울""], ""두께"": [""보통""], ""비침"": [""없음""], ""촉감"": [""보통""], ""신축성"": [""보통""]}}"
무신사,EMBROIDERED TRIBAL TRACK TOP - BLACK,embroidered tribal track top - black,EMBROIDERED TRIBAL TRACK TOP - BLACK,"M,W",NMWF62TT03BLK,더히어,하의,"{""tags"": [""아디다스져지"", ""져지"", ""져지자켓"", ""트랙탑"", ""트레이닝"", ""트레이닝자켓""], ""season"": ""2"", ""season_year"": 2026, ""source_attributes"": {}}"
무신사,US Army 1st Tanker Jacket,us army 1st tanker jacket,US Army 1st Tanker Jacket,"M,W",B-OUTER-0009,더콜디스트모먼트,기타,"{""tags"": [""MA1점퍼"", ""밀리터리"", ""블루종"", ""워크웨어"", ""탱커자켓""], ""season"": ""2"", ""season_year"": 2026, ""source_attributes"": {""핏"": [""레귤러""], ""계절"": [""봄"", ""가을""], ""비침"": [""없음""], ""신축성"": [""없음""]}}"
무신사,[MUT lab] 아카이브 집업 후디 멜란지 그레이,[mut lab] 아카이브 집업 후디 멜란지 그레이,[MUT lab] 아카이브 집업 후디 멜란지 그레이,"M,W",DC26FC003MG,겐조,신발,"{""tags"": [""X멋랩"", ""후드집업""], ""season"": null, ""season_year"": null, ""source_attributes"": {}}"
무신사,[DIVEIN X 무민서] VINTAGE CROP HOOD ZIP-UP (NAVY),[divein x 무민서] vintage crop hood zip-up (navy),[DIVEIN X MOOMINSEO] VINTAGE CROP HOOD ZIP-UP (NAVY),M,D26F-SH70NV,구아브,신발,"{""tags"": [], ""season"": ""2"", ""season_year"": 2026, ""source_attributes"": {}}"
무신사,베라 와플 트랙 집업 [차콜],베라 와플 트랙 집업 [차콜],VERA Waffle Track Zip Up [Charcoal],M,ALL,더씽인데어데어,신발,"{""tags"": [""집업"", ""크롭자켓"", ""크롭티"", ""하이넥"", ""하이넥집업"", ""후드집업"", ""후디""], ""season"": ""2"", ""season_year"": 2026, ""source_attributes"": {""핏"": [""레귤러""], ""계절"": [""봄"", ""가을""], ""두께"": [""보통""], ""비침"": [""없음""], ""촉감"": [""보통""], ""신축성"": [""보통""]}}"
무신사,러닝 메쉬 바람막이 블랙(SQ321RWB84),러닝 메쉬 바람막이 블랙(sq321rwb84),러닝 메쉬 바람막이 블랙(SQ321RWB84),"M,W",SQ321RWB84_BLK0,덕다이브,부츠/워커,"{""tags"": [""간절기아우터"", ""러닝""], ""season"": ""2"", ""season_year"": 0, ""source_attributes"": {}}"
무신사,NJ3LS03A 남성 에어시프트 자켓 BLACK,nj3ls03a 남성 에어시프트 자켓 black,M S AIRSHIFT JACKET,M,NJ3LS03A,나이엔,스포츠화,"{""tags"": [""경량자켓"", ""바람막이"", ""바람막이자켓"", ""자켓""], ""season"": null, ""season_year"": 0, ""source_attributes"": {}}"
무신사,어반 크롭 왁스 자켓 - 블랙,어반 크롭 왁스 자켓 - 블랙,URBAN CROPPED WAX JACKET - BLACK,M,LDS202602BK,데꼬로소,스니커즈,"{""tags"": [""가죽점퍼"", ""간절기아우터"", ""간절기자켓"", ""레더자켓"", ""봄아우터"", ""아우터"", ""자켓""], ""season"": ""1"", ""season_year"": 2026, ""source_attributes"": {""핏"": [""레귤러""], ""계절"": [""봄"", ""가을""], ""두께"": [""약간 얇음"", ""보통""], ""비침"": [""없음""], ""촉감"": [""보통""], ""신축성"": [""보통""]}}"
무신사,WASHED VINTAGE FIELD JACKET (KHAKI),washed vintage field jacket (khaki),WASHED VINTAGE FIELD JACKET (KHAKI),M,D26F-JK81KK,구아브,기타 원피스·스커트,"{""tags"": [], ""season"": ""2"", ""season_year"": 2026, ""source_attributes"": {}}"
무신사,[DIVEIN X 무민서] GRAPHIC VINTAGE CROP HOOD ZIP-UP (BLACK),[divein x 무민서] graphic vintage crop hood zip-up (black),[DIVEIN X MOOMINSEO] GRAPHIC VINTAGE CROP HOOD ZIP-UP (BLACK),M,D26F-SH15BK,구아브,신발,"{""tags"": [], ""season"": ""2"", ""season_year"": 2026, ""source_attributes"": {}}"
무신사,미드 웨일 코듀로이 집업 자켓 (워시드블랙),미드 웨일 코듀로이 집업 자켓 (워시드블랙),Mid WEIL Corduroy Zip-Up Jacket (Washed Black),M,CXG4JP44V-WBL,데몬스트레이트,기타,"{""tags"": [""26FW2차"", ""26FW아우터""], ""season"": ""2"", ""season_year"": 2026, ""source_attributes"": {}}"
무신사,슬림핏 라이트 후드 집업 [네이비],슬림핏 라이트 후드 집업 [네이비],Slim Fit Hooded Zip-Up [Navy],M,L26SPOU00103,그래프플랫폼,신발,"{""tags"": [""간절기아우터"", ""바람막이"", ""집업후드"", ""후드"", ""후드집업"", ""후드티"", ""후디""], ""season"": ""1"", ""season_year"": 0, ""source_attributes"": {}}"
무신사,[DIVEIN X 무민서] GRAPHIC VINTAGE CROP HOOD ZIP-UP (MELANGE GRAY),[divein x 무민서] graphic vintage crop hood zip-up (melange gray),[DIVEIN X MOOMINSEO] GRAPHIC VINTAGE CROP HOOD ZIP-UP (MELANGE GRAY),M,D26F-SH15MG,구아브,신발,"{""tags"": [], ""season"": ""2"", ""season_year"": 2026, ""source_attributes"": {}}"
무신사,스쿼미시 후디 남성 - BLACK / AJQSM10276,스쿼미시 후디 남성 - black / ajqsm10276,SQUAMISH HOODY M - BLACK / AJQSM10276,"M,W",AJQSM10276BLK,나인밧,부츠/워커,"{""tags"": [""26SS신상품"", ""바람막이"", ""아크테릭스바람막이"", ""아크테릭스스쿼미시"", ""아크테릭스스쿼미시후디""], ""season"": ""1"", ""season_year"": 2026, ""source_attributes"": {}}"
무신사,핸드라이팅 로고 컴포트 가디건 - 블랙 / OM00505KT1126P199,핸드라이팅 로고 컴포트 가디건 - 블랙 / om00505kt1126p199,,M,OM00505KT1126P199SS25,데베시용,데님 스커트,"{""tags"": [""무신사부티크"", ""컨템포러리""], ""season"": ""1"", ""season_year"": 2025, ""source_attributes"": {}}"
무신사,CHROME B TRACK LINE JERSEY SET UP [BLACK],chrome b track line jersey set up [black],CHROME B TRACK LINE JERSEY SET UP [BLACK],"M,W",BH3MXX22XBK,굿뉴스,스포츠화,"{""tags"": [], ""season"": ""2"", ""season_year"": 2026, ""source_attributes"": {}}"
무신사,SELVEDGE DENIM 1ST JACKET_INDIGO,selvedge denim 1st jacket_indigo,,M,OS00ALJK05ID,더조히,점프수트/오버올,"{""tags"": [""25S/S"", ""26FW"", ""데님"", ""데님셋업"", ""데님자켓"", ""멋랩"", ""셀비지데님"", ""트러커"", ""트러커자켓""], ""season"": ""2"", ""season_year"": 2026, ""source_attributes"": {}}"
무신사,SELVEDGE DENIM 2ND JACKET_INDIGO,selvedge denim 2nd jacket_indigo,셀비지 데님 2ND 자켓_인디고,"M,W",OS00ALJK03ID,더조히,점프수트/오버올,"{""tags"": [""26FW"", ""데님"", ""데님자켓"", ""봄자켓"", ""셀비지데님"", ""아우터"", ""청자켓"", ""캐리오버"", ""호수PICK""], ""season"": ""2"", ""season_year"": 2026, ""source_attributes"": {}}"
무신사,"2WAY 비건 스웨이드 블루종 자켓 3Color","2way 비건 스웨이드 블루종 자켓 3color","2WAY Vegan Suede Blouson Jacket 3 Colors","M,W",MUN084,그라운즈스웻,기타,"{""tags"": [""가을아우터"", ""남자블루종"", ""블루종"", ""블루종자켓"", ""스웨이드블루종"", ""아우터""], ""season"": ""1"", ""season_year"": 2026, ""source_attributes"": {""핏"": [""오버 사이즈""], ""계절"": [""봄"", ""가을"", ""겨울""], ""두께"": [""보통""], ""비침"": [""없음""], ""촉감"": [""부드러움""], ""신축성"": [""거의 없음""]}}"
무신사,[0159] 롱 지퍼 봄버 자켓 - 블랙,[0159] 롱 지퍼 봄버 자켓 - 블랙,[0159] Long Zip-Up Bomber Jacket - Black,M,"0159",데비어퍼,기타,"{""tags"": [""MA1"", ""가을점퍼"", ""봄버"", ""아우터"", ""자켓"", ""항공점퍼""], ""season"": ""2"", ""season_year"": 2026, ""source_attributes"": {}}"
무신사,[10주년기획] © 모두의 Comfortemp® 미드웨이트 패딩_4 COLOR,[10주년기획] © 모두의 comfortemp® 미드웨이트 패딩_4 color,EVERYONES COMFORTEMP MIDWEIGHT PADDED JACKET_(FIBERBALL) 4 COLOR,"M,W",VBF7HH02,구찌,원피스·스커트,"{""tags"": [""겨울아우터"", ""경량패딩"", ""숏패딩"", ""아우터"", ""오버핏"", ""점퍼"", ""헤비아우터""], ""season"": ""2"", ""season_year"": 2026, ""source_attributes"": {""핏"": [""루즈""], ""계절"": [""겨울""], ""두께"": [""보통""], ""비침"": [""없음""], ""촉감"": [""보통""], ""신축성"": [""보통""]}}"
무신사,[우연 X ESFAI] VTG CROPPED ZIP-UP HOODIE (NAVY),[우연 x esfai] vtg cropped zip-up hoodie (navy),[우연 X ESFAI] VTG CROPPED ZIP-UP HOODIE (NAVY),M,E60HD01NAV,데스포르치,신발,"{""tags"": [""간절기아우터"", ""오버핏"", ""오버핏후드집업"", ""우연X에스파이"", ""집업"", ""집업후드"", ""후드집업""], ""season"": ""1"", ""season_year"": 2026, ""source_attributes"": {""핏"": [""루즈"", ""오버 사이즈""], ""계절"": [""봄"", ""가을"", ""겨울""], ""두께"": [""보통"", ""약간 두꺼움""], ""비침"": [""없음""], ""촉감"": [""부드러움"", ""약간 부드러움""], ""신축성"": [""없음"", ""거의 없음""]}}"
무신사,[시티 레저] 그리드 폴라 플리스 바라클라바 후디드 집업 [블랙],[시티 레저] 그리드 폴라 플리스 바라클라바 후디드 집업 [블랙],CITY LEISURE GRID POLAR FLEECE BALACLAVA HOODED ZIP-UP [BLACK],M,MMEJJ9C05-BK,골든베어,신발,"{""tags"": [""겨울아우터"", ""뽀글이재킷"", ""시티레저"", ""시티레저컬렉션"", ""플리스"", ""플리스재킷""], ""season"": ""2"", ""season_year"": 2025, ""source_attributes"": {""핏"": [""레귤러""], ""계절"": [""봄"", ""가을"", ""겨울""], ""두께"": [""보통""], ""비침"": [""없음""], ""촉감"": [""약간 부드러움""], ""신축성"": [""있음""]}}"
무신사,프리미엄 램스킨 베지터블 스탠드카라 자켓,프리미엄 램스킨 베지터블 스탠드카라 자켓,premium Lambskin vegetable stand collar jacket,M,DF22SS105,데비웨어,스니커즈,"{""tags"": [""가죽자켓"", ""라이더"", ""램스킨"", ""레더자켓"", ""레더트렌드"", ""베지터블"", ""양가죽"", ""프리미엄레더""], ""season"": null, ""season_year"": 0, ""source_attributes"": {}}"
무신사,NJ2HS02A 남성 몬테라 자켓 BLACK,nj2hs02a 남성 몬테라 자켓 black,M S MONTERA JACKET,M,NJ2HS02A,나이엔,스포츠화,"{""tags"": [""26SS신상품"", ""간절기아우터"", ""경량자켓"", ""바람막이"", ""바람막이자켓"", ""윈드브레이크"", ""의류"", ""자켓""], ""season"": null, ""season_year"": 0, ""source_attributes"": {}}"
무신사,BACK SATEEN COTTON JUNGLE FATIGUE JACKET [Swamp Green],back sateen cotton jungle fatigue jacket [swamp green],BACK SATEEN COTTON JUNGLE FATIGUE JACKET [Swamp Green],M,"5013588620",데상트,기타 원피스·스커트,"{""tags"": [""26S/S""], ""season"": ""1"", ""season_year"": 2026, ""source_attributes"": {}}"
무신사,US Army 5th Model Tropical Jungle Fatigue Jacket,us army 5th model tropical jungle fatigue jacket,US Army 5th Model Tropical Jungle Fatigue Jacket,"M,W",N-OUTER-0007,더콜디스트모먼트,기타 원피스·스커트,"{""tags"": [""밀리터리"", ""사파리"", ""야상"", ""워크웨어"", ""워크자켓"", ""자켓""], ""season"": ""2"", ""season_year"": 2020, ""source_attributes"": {""핏"": [""레귤러""], ""계절"": [""봄"", ""가을""], ""두께"": [""보통""], ""비침"": [""거의 없음""], ""촉감"": [""약간 뻣뻣함""], ""신축성"": [""거의 없음""]}}"
무신사,믹스 패널 집업 져지_제트 블랙,믹스 패널 집업 져지_제트 블랙,Mix Panel Zip-Up Jersey_Jet Black,M,AR36FOT04BK,데어드,하의,"{""tags"": [""간절기아우터"", ""자켓"", ""져지"", ""집업"", ""집업자켓""], ""season"": ""2"", ""season_year"": 2026, ""source_attributes"": {""핏"": [""슬림"", ""레귤러""], ""계절"": [""봄"", ""가을"", ""겨울""], ""두께"": [""보통""], ""비침"": [""없음""], ""촉감"": [""보통""], ""신축성"": [""보통""]}}"
무신사,라이트 후디 패딩 자켓_그레이,라이트 후디 패딩 자켓_그레이,LIGHT WEIGHT HOOD PADDING JACKET_GRAY,"M,W",TRFJK52GR,갭,원피스·스커트,"{""tags"": [""경량패딩"", ""숏패딩"", ""아우터"", ""오버핏"", ""헤비아우터"", ""후드"", ""후드집업""], ""season"": ""2"", ""season_year"": 2025, ""source_attributes"": {""핏"": [""레귤러""], ""계절"": [""가을"", ""겨울""], ""두께"": [""두꺼움""], ""비침"": [""없음""], ""촉감"": [""보통""], ""신축성"": [""거의 없음""]}}"
무신사,[DIVEIN X 무민서] VINTAGE CROP HOOD ZIP-UP (BLACK),[divein x 무민서] vintage crop hood zip-up (black),[DIVEIN X MOOMINSEO] VINTAGE CROP HOOD ZIP-UP (BLACK),M,D26F-SH70BK,구아브,신발,"{""tags"": [], ""season"": ""2"", ""season_year"": 2026, ""source_attributes"": {}}"
무신사,코튼 RWB 스트라이프 랍스터 저지 스티치 V넥 가디건 - 네이비 / MKC645AY3043415,코튼 rwb 스트라이프 랍스터 저지 스티치 v넥 가디건 - 네이비 / mkc645ay3043415,,M,MKC645AY3043415FW26,데시레드,데님 스커트,"{""tags"": [""무신사부티크""], ""season"": ""2"", ""season_year"": 2026, ""source_attributes"": {}}"
무신사,빈티지 워시드 밀리터리 자켓_카키,빈티지 워시드 밀리터리 자켓_카키,Vintage Washed Military Jacket_Khaki,"M,W",SR26OUT04KHOS,나이트워크뎁,기타 원피스·스커트,"{""tags"": [""밀리터리"", ""빈티지"", ""사파리자켓"", ""야상"", ""워시드"", ""자켓""], ""season"": null, ""season_year"": 0, ""source_attributes"": {""핏"": [""루즈""], ""계절"": [""봄"", ""가을""], ""두께"": [""보통""], ""비침"": [""없음""], ""촉감"": [""보통""], ""신축성"": [""거의 없음""]}}"
무신사,[쿨탠다드] 릴렉스드 베이식 블레이저 [네이비],[쿨탠다드] 릴렉스드 베이식 블레이저 [네이비],COOLTANDARD RELAXED BASIC BLAZER [NAVY],M,MMBJK5Z06-NA,골든베어,로퍼,"{""tags"": [""기능성"", ""기본재킷"", ""정장"", ""쿨아이템"", ""쿨탠다드""], ""season"": ""1"", ""season_year"": 2022, ""source_attributes"": {""핏"": [""루즈""], ""계절"": [""봄"", ""여름""], ""두께"": [""얇음""], ""비침"": [""없음""], ""촉감"": [""보통""], ""신축성"": [""있음""]}}"
무신사,WASHED VERN TRACK JACKET (NAVY),washed vern track jacket (navy),WASHED VERN TRACK JACKET (NAVY),M,D26F-JK19NV,구아브,점프수트/오버올,"{""tags"": [], ""season"": ""2"", ""season_year"": 2026, ""source_attributes"": {}}"
무신사,크롭 무브 가디건 [레드],크롭 무브 가디건 [레드],Crop Move Cardigan [Red],M,ML315RED,데오스테이트,데님 스커트,"{""tags"": [""24SPRING컬렉션"", ""가디건"", ""간절기아우터"", ""니트"", ""니트컬렉션"", ""데일리"", ""맨투맨"", ""시그니처아이템"", ""유니섹스"", ""크롭""], ""season"": null, ""season_year"": 0, ""source_attributes"": {""핏"": [""레귤러""], ""계절"": [""봄"", ""가을"", ""겨울""], ""두께"": [""보통""], ""비침"": [""없음""], ""촉감"": [""약간 부드러움""], ""신축성"": [""거의 없음""]}}"
무신사,라이트 쉘 패디드 자켓,라이트 쉘 패디드 자켓,라이트 쉘 패디드 자켓,"M,W",DC26FG003,겐조,장갑,"{""tags"": [], ""season"": null, ""season_year"": null, ""source_attributes"": {}}"
무신사,T.L HEAVY WAFFLE HALF ZIP-UP - CHARCOAL,t.l heavy waffle half zip-up - charcoal,T.L HEAVY WAFFLE HALF ZIP-UP - CHARCOAL,"M,W",NMWF62LS05CHA,더히어,헤어 액세서리,"{""tags"": [""긴팔"", ""롱슬리브"", ""아노락"", ""와플"", ""플리스"", ""플리스아노락"", ""후리스""], ""season"": ""2"", ""season_year"": 2026, ""source_attributes"": {}}"
무신사,도브 울 블루종 자켓 [BLACK],도브 울 블루종 자켓 [black],DOVE WOOL BLOUSON JACKET [BLACK],M,DFJK5392BK,골라,기타,"{""tags"": [""WOOLCAMPAIGNJACKET"", ""남자자켓"", ""미니멀"", ""블루종"", ""울/모직"", ""울블루종"", ""울자켓"", ""탈패션PICK"", ""트러커자켓""], ""season"": ""2"", ""season_year"": 2026, ""source_attributes"": {}}"
무신사,후드 집업 - 그레이:블랙 / KC9317,후드 집업 - 그레이:블랙 / kc9317,HOODED ZIPUP        GRETWO/BLACK,"M,W",KC9317,고저,신발,"{""tags"": [""SMU"", ""무배당발"", ""무신사단독"", ""아디다스후드집업"", ""후드"", ""후드집업"", ""후드집업추천"", ""후디""], ""season"": ""1"", ""season_year"": 0, ""source_attributes"": {}}"
무신사,Oversized Zip Up Hoodie Brown,oversized zip up hoodie brown,Oversized Zip Up Hoodie Brown,M,RS026363,꼬모니노즈,신발,"{""tags"": [""26F/W1차딜리버리""], ""season"": ""2"", ""season_year"": 0, ""source_attributes"": {}}"
무신사,[MUT lab] 아카이브 집업 후디 네이비,[mut lab] 아카이브 집업 후디 네이비,[MUT lab] 아카이브 집업 후디 네이비,"M,W",DC26FC003NV,겐조,신발,"{""tags"": [""X멋랩"", ""후드집업""], ""season"": null, ""season_year"": null, ""source_attributes"": {}}"
무신사,풀 집 핑거 홀 스웨트 셔츠 [블랙],풀 집 핑거 홀 스웨트 셔츠 [블랙],Full Zip Finger Hole Sweat Shirts [Black],"M,W","2025W17",더블유엠씨,하의,"{""tags"": [""25가을컬렉션"", ""스웨트셔츠"", ""집업"", ""트랙자켓"", ""트레이닝자켓"", ""풀집"", ""핑거홀""], ""season"": ""2"", ""season_year"": 2025, ""source_attributes"": {}}"
무신사,[패션플래닛 X 알리스] 레이어드 헨리넥 크롭 니트 티_3COLOR,[패션플래닛 x 알리스] 레이어드 헨리넥 크롭 니트 티_3color,[FASHION PLANET X ALYSS] LAYERED HENLEYNECK CROP KNIT T-SHIRT_3COLOR,M,ALSTS6363,고하더,후드,"{""tags"": [""긴소매티셔츠"", ""긴팔티"", ""레이어드"", ""롱슬리브"", ""롱슬리브티"", ""롱슬리브티셔츠"", ""패션플래닛X알리스""], ""season"": ""2"", ""season_year"": 2026, ""source_attributes"": {""핏"": [""레귤러"", ""루즈""], ""계절"": [""봄"", ""가을""], ""두께"": [""약간 얇음""], ""비침"": [""약간 있음""], ""촉감"": [""부드러움""], ""신축성"": [""약간 있음""]}}"
무신사,롤업 슬리브 크롭 반팔 티셔츠 블랙,롤업 슬리브 크롭 반팔 티셔츠 블랙,Roll-Up Sleeve Crop Short-Sleeve T Shirt Black,M,UTS02,게스,기타 상의,"{""tags"": [""롤업티"", ""머슬핏"", ""반소매"", ""반팔티"", ""여름반팔"", ""크롭반팔"", ""크롭티""], ""season"": ""1"", ""season_year"": 2026, ""source_attributes"": {""핏"": [""슬림""], ""계절"": [""봄"", ""여름"", ""가을"", ""겨울""], ""두께"": [""약간 얇음""], ""비침"": [""없음""], ""촉감"": [""부드러움""], ""신축성"": [""있음""]}}"
무신사,남성 엘보 패치 가디건 - 다크 그린 멜란지 / SI1GP0003S18064695F,남성 엘보 패치 가디건 - 다크 그린 멜란지 / si1gp0003s18064695f,ELBOW PATCH CARDIGAN,M,SI1GP0003S18064695FFW22,데이,데님 스커트,"{""tags"": [""OTB"", ""가디건"", ""무신사부티크"", ""베스트템"", ""엘보"", ""컨템포러리"", ""패치"", ""하이패션""], ""season"": ""2"", ""season_year"": 2022, ""source_attributes"": {}}"
무신사,NBNAG31853 / UNI 모닝레이브 워시드 후디드 자켓 (CHARCOAL),nbnag31853 / uni 모닝레이브 워시드 후디드 자켓 (charcoal),NBNAG31853 / UNI 모닝레이브 워시드 후디드 자켓 (CHARCOAL),M,NBNAG31853_60,누누씨,부츠/워커,"{""tags"": [""간절기"", ""간절기아우터"", ""데일리"", ""바람막이"", ""아우터"", ""웜업자켓"", ""캐주얼""], ""season"": ""0"", ""season_year"": 2026, ""source_attributes"": {}}"
무신사,[시티 레저] 라이트웨이트 스티치 윈드브레이커 재킷 [그레이],[시티 레저] 라이트웨이트 스티치 윈드브레이커 재킷 [그레이],CITY LEISURE LIGHTWEIGHT STITCH WINDBREAKER JACKET [GREY],M,MMEJJ3Z03-GR,골든베어,스포츠화,"{""tags"": [""경량바람막이"", ""러닝"", ""바람막이"", ""시티레저"", ""시티레저컬렉션"", ""윈드브레이커""], ""season"": ""1"", ""season_year"": 2025, ""source_attributes"": {""핏"": [""루즈""], ""계절"": [""봄"", ""여름""], ""두께"": [""얇음""], ""비침"": [""보통""], ""촉감"": [""보통""], ""신축성"": [""없음""]}}"
무신사,[쿨탠다드] 릴렉스 핏 크루 넥 티셔츠 [블랙],[쿨탠다드] 릴렉스 핏 크루 넥 티셔츠 [블랙],COOLTANDARD RELAX FIT CREW NECK T-SHIRT [BLACK],M,MMJTS6Z19-BK,골든베어,기타 상의,"{""tags"": [""기능성"", ""라운드넥"", ""무지티"", ""무진장×쿨탠다드"", ""반팔"", ""쿨아이템"", ""쿨탠다드"", ""휴가룩""], ""season"": ""1"", ""season_year"": null, ""source_attributes"": {""핏"": [""루즈""], ""계절"": [""여름""], ""두께"": [""보통""], ""비침"": [""거의 없음""], ""촉감"": [""보통""], ""신축성"": [""보통""]}}"
무신사,와플 반팔 저지 - 블랙 / KW7467,와플 반팔 저지 - 블랙 / kw7467,WAFFLE JERSEY BLACK,"M,W",KW7467,고저,기타 상의,"{""tags"": [""무배당발"", ""무신사단독"", ""무신사에디션"", ""반소매티셔츠"", ""반팔저지"", ""반팔티"", ""아디다스와플"", ""와플"", ""와플컬렉션"", ""티셔츠추천""], ""season"": ""2"", ""season_year"": 2026, ""source_attributes"": {}}"
무신사,슬레이트 풀오버_LD0375900,슬레이트 풀오버_ld0375900,슬레이트 풀오버_LD0375900,M,S263001HTW81_BLK,구름킴,아우터,"{""tags"": [""긴팔"", ""긴팔티"", ""긴팔티셔츠"", ""남자티셔츠"", ""데일리"", ""티셔츠"", ""풀오버""], ""season"": ""0"", ""season_year"": 2026, ""source_attributes"": {}}"
무신사,ARMOR GOAT G&P HENRYNECK LONG SLEEVE(G&P BROWN),armor goat g&p henryneck long sleeve(g&p brown),ARMOR GOAT G&P HENRYNECK LONG SLEEVE #2,M,SD26FW5547,구보,상의,"{""tags"": [""긴소매티셔츠"", ""긴팔티"", ""긴팔티셔츠"", ""롱슬리브"", ""헨리넥""], ""season"": null, ""season_year"": 0, ""source_attributes"": {}}"
무신사,COLLAR KNIT SHIRT (WHITE MELANGE),collar knit shirt (white melange),COLLAR KNIT SHIRT (WHITE MELANGE),M,D26F-KN02WM,구아브,후드,"{""tags"": [], ""season"": ""2"", ""season_year"": 2026, ""source_attributes"": {}}"
무신사,CUT OFF SLUB LONG SLEEVE (CHARCOAL),cut off slub long sleeve (charcoal),CUT OFF SLUB LONG SLEEVE (CHARCOAL),M,D26F-SH23CH,구아브,상의,"{""tags"": [], ""season"": ""2"", ""season_year"": 2026, ""source_attributes"": {}}"
무신사,MUSE STRIPE POLO KNIT [MELANGE GRAY],muse stripe polo knit [melange gray],MUSE STRIPE POLO KNIT [MELANGE GRAY],M,BR26KN47MG,그라미치,트레이닝 재킷,"{""tags"": [""26FW컬렉션"", ""긴팔니트"", ""니트"", ""데일리니트"", ""뮤즈스트라이프폴로니트"", ""스트라이프니트"", ""폴로니트""], ""season"": ""2"", ""season_year"": 0, ""source_attributes"": {}}"
무신사,워셔블 에센셜 하프 집업 니트 8color,워셔블 에센셜 하프 집업 니트 8color,워셔블 에센셜 하프 집업 니트 8color,"M,W",TMKT132630,고다신,후드,"{""tags"": [""가을니트"", ""겨울니트"", ""긴팔니트"", ""니트"", ""니트웨어"", ""데일리니트"", ""스웨터""], ""season"": ""2"", ""season_year"": 2026, ""source_attributes"": {""핏"": [""레귤러""], ""계절"": [""봄"", ""가을"", ""겨울""], ""두께"": [""보통""], ""비침"": [""없음""], ""촉감"": [""부드러움""], ""신축성"": [""있음""]}}"
무신사,[MUT lab] 아카이브 블랭크 스웨트 셔츠 멜란지 그레이,[mut lab] 아카이브 블랭크 스웨트 셔츠 멜란지 그레이,[MUT lab] 아카이브 블랭크 스웨트 셔츠 멜란지 그레이,"M,W",DC26FC001MG,겐조,니트/스웨터,"{""tags"": [""X멋랩""], ""season"": null, ""season_year"": null, ""source_attributes"": {}}"
무신사,릴렉스드 린넨 라이크 반소매 셔츠 [레몬],릴렉스드 린넨 라이크 반소매 셔츠 [레몬],RELAXED LINEN LIKE SHORT SLEEVE SHIRT [LEMON],M,MMCSS6Z05-LN,골든베어,데님 재킷,"{""tags"": [""린넨라이크"", ""반소매"", ""반팔"", ""반팔셔츠"", ""여름셔츠"", ""카라"", ""카라셔츠"", ""칼라셔츠"", ""휴가룩""], ""season"": ""1"", ""season_year"": 2024, ""source_attributes"": {""핏"": [""루즈""], ""계절"": [""봄"", ""여름""], ""두께"": [""약간 얇음""], ""비침"": [""거의 없음""], ""촉감"": [""보통""], ""신축성"": [""없음""]}}"
무신사,[DIVEIN X 무민서] GRAPHIC VINTAGE CROP HOOD (BLUE),[divein x 무민서] graphic vintage crop hood (blue),[DIVEIN X MOOMINSEO] GRAPHIC VINTAGE CROP HOOD (BLUE),M,D26F-SH16BL,구아브,블루종/MA-1,"{""tags"": [], ""season"": ""2"", ""season_year"": 2026, ""source_attributes"": {}}"
무신사,[패션플래닛 X 알리스] 더블립 레이어드 롱슬리브 티_3COLOR,[패션플래닛 x 알리스] 더블립 레이어드 롱슬리브 티_3color,[FASHION PLANET X ALYSS] DOUBLE RIB LAYERED LONG SLEEVE T-SHIRT_3COLOR,M,ALSTS6363,고하더,상의,"{""tags"": [""긴팔"", ""긴팔티셔츠"", ""레이어드"", ""롱슬리브"", ""롱슬리브티"", ""티셔츠"", ""패션플래닛X알리스""], ""season"": ""2"", ""season_year"": 2026, ""source_attributes"": {""핏"": [""레귤러"", ""루즈""], ""계절"": [""봄"", ""가을""], ""두께"": [""약간 얇음""], ""비침"": [""거의 없음""], ""촉감"": [""부드러움""], ""신축성"": [""약간 있음"", ""있음""]}}"
무신사,팔레트 슬럽 롱슬리브(9col),팔레트 슬럽 롱슬리브(9col),,M,LE8SIN01,그라프트맨,상의,"{""tags"": [""긴소매티셔츠"", ""긴팔티"", ""긴팔티셔츠"", ""레이어드"", ""롱슬리브"", ""롱슬리브티""], ""season"": ""1"", ""season_year"": 2026, ""source_attributes"": {""핏"": [""슬림""], ""계절"": [""봄"", ""여름"", ""가을""], ""두께"": [""약간 얇음""], ""비침"": [""없음""], ""촉감"": [""부드러움""], ""신축성"": [""있음""]}}"
무신사,RAW SLUB LONG SLEEVE [DARK GRAY],raw slub long sleeve [dark gray],RAW SLUB LONG SLEEVE [DARK GRAY],M,BR26TS21DG,그라미치,상의,"{""tags"": [""26FW컬렉션"", ""긴소매티셔츠"", ""로우슬럽롱슬리브"", ""롱슬리브"", ""롱슬리브티셔츠"", ""슬럽티"", ""슬럽티셔츠""], ""season"": ""2"", ""season_year"": 0, ""source_attributes"": {""핏"": [""레귤러""], ""계절"": [""봄"", ""가을"", ""겨울""], ""두께"": [""보통""], ""비침"": [""없음""], ""촉감"": [""약간 부드러움""], ""신축성"": [""약간 있음""]}}"
무신사,Seastar 링거 반팔 티셔츠,seastar 링거 반팔 티셔츠,Seastar 링거 반팔 티셔츠,"M,W",VIVALAVIDA,공공육이,기타 상의,"{""tags"": [""링거티"", ""반팔"", ""반팔티"", ""반팔티셔츠"", ""여름티셔츠"", ""오버핏반팔"", ""티셔츠""], ""season"": null, ""season_year"": 0, ""source_attributes"": {""핏"": [""오버 사이즈""], ""계절"": [""여름""], ""두께"": [""보통""], ""비침"": [""거의 없음""], ""촉감"": [""약간 부드러움""], ""신축성"": [""보통""]}}"
무신사,ARMOR GOAT HENRYNECK LONGSLEEVE(MELANGE GREY),armor goat henryneck longsleeve(melange grey),ARMOR GOAT HENRYNECK LONGSLEEVE #1,M,SD25SS4301,구보,상의,"{""tags"": [""긴팔티셔츠"", ""남자티셔츠"", ""롱슬리브티"", ""티셔츠"", ""헨리넥""], ""season"": null, ""season_year"": 0, ""source_attributes"": {}}"
무신사,Softcore 크롭 머슬핏 숏슬리브 2컬러,softcore 크롭 머슬핏 숏슬리브 2컬러,,M,"2026SS",고코리,바람막이,"{""tags"": [""26SS"", ""26SS신상품"", ""반소매""], ""season"": ""1"", ""season_year"": 2026, ""source_attributes"": {}}"
무신사,릴렉스 핏 실키 셔츠 [블랙],릴렉스 핏 실키 셔츠 [블랙],RELAX FIT SILKY SHIRT [BLACK],M,MM0SLAZ02-BK,골든베어,데님 재킷,"{""tags"": [""긴팔셔츠"", ""남성정장"", ""드레스셔츠"", ""루즈핏"", ""셔츠"", ""셔츠컬렉션""], ""season"": ""0"", ""season_year"": null, ""source_attributes"": {""핏"": [""레귤러""], ""계절"": [""봄"", ""가을""], ""두께"": [""얇음""], ""비침"": [""보통""], ""촉감"": [""부드러움""], ""신축성"": [""있음""]}}"
무신사,WASHED STANDARD COTTON SHIRTS (BLUE),washed standard cotton shirts (blue),WASHED STANDARD COTTON SHIRTS (BLUE),M,D26F-SH12BL,구아브,데님 재킷,"{""tags"": [], ""season"": ""2"", ""season_year"": 2026, ""source_attributes"": {}}"
무신사,커스텀핏 옥스포드 셔츠 - 화이트,커스텀핏 옥스포드 셔츠 - 화이트,CUBDPPCS-LONG SLEEVE-SPORT SHIRT OXFORD,M,MNPOWOV16820444-100,그란데라인,데님 재킷,"{""tags"": [""SHIRT"", ""SHIRTS"", ""옥스포드"", ""옥스포드셔츠"", ""올드머니"", ""폴로셔츠"", ""폴로옥스포드셔츠""], ""season"": ""0"", ""season_year"": 0, ""source_attributes"": {}}"
무신사,베타 자켓 남성 - BLACK / AJQSM09816,베타 자켓 남성 - black / ajqsm09816,BETA JACKET M - BLACK / AJQSM09816,M,AJQSM09816BLK,나인밧,부츠/워커,"{""tags"": [""고어텍스바람막이"", ""바람막이"", ""방수바람막이"", ""방수자켓"", ""아크테릭스고어텍스"", ""아크테릭스바람막이"", ""아크테릭스베타"", ""아크테릭스베타자켓"", ""아크테릭스하드쉘"", ""하드쉘바람막이""], ""season"": ""1"", ""season_year"": 2026, ""source_attributes"": {}}"
무신사,[MUT lab] 아카이브 블랭크 스웨트 셔츠 버건디,[mut lab] 아카이브 블랭크 스웨트 셔츠 버건디,[MUT lab] 아카이브 블랭크 스웨트 셔츠 버건디,"M,W",DC26FC001BU,겐조,니트/스웨터,"{""tags"": [""X멋랩""], ""season"": null, ""season_year"": null, ""source_attributes"": {}}"
무신사,마이크로메쉬 기능성 러닝 롱  슬리브 (6color),마이크로메쉬 기능성 러닝 롱 슬리브 (6color),RIFE Micro mesh long sleeve (6color),"M,W",RIFE-MIC(LS),그랜디오시티,아우터,"{""tags"": [""기능성티셔츠"", ""긴팔티"", ""남성긴팔티"", ""데일리러닝"", ""러닝"", ""러닝복"", ""롱슬리브"", ""마이크로메쉬"", ""트레이닝""], ""season"": ""1"", ""season_year"": 2025, ""source_attributes"": {""핏"": [""레귤러""], ""계절"": [""봄"", ""가을""], ""두께"": [""얇음""], ""비침"": [""약간 있음""], ""촉감"": [""부드러움""], ""신축성"": [""있음""]}}"
무신사,립브드 머슬핏 헨리넥 하프 슬리브_5color,립브드 머슬핏 헨리넥 하프 슬리브_5color,RIBBED MUSCLE FIT HENLYNECK HALF SLEEVE_5color,M,DRSST14,그라픽,바람막이,"{""tags"": [""리브드"", ""머슬핏"", ""반팔"", ""스포츠웨어"", ""짐웨어"", ""트레이닝"", ""플리츠""], ""season"": ""1"", ""season_year"": 2025, ""source_attributes"": {""핏"": [""레귤러""], ""계절"": [""봄"", ""여름"", ""가을"", ""겨울""], ""두께"": [""보통""], ""비침"": [""없음""], ""촉감"": [""보통""], ""신축성"": [""보통""]}}"
무신사,UNIFORM WAFFLE HENLEY NECK LONG SLEEVE (MELANGE GRAY),uniform waffle henley neck long sleeve (melange gray),UNIFORM WAFFLE HENLEY NECK LONG SLEEVE (MELANGE GRAY),M,D26F-SH17MG,구아브,상의,"{""tags"": [], ""season"": ""2"", ""season_year"": 2026, ""source_attributes"": {}}"
무신사,[2PACK]230G 피그먼트 오버핏 반팔 티셔츠 5COLOR,[2pack]230g 피그먼트 오버핏 반팔 티셔츠 5color,[2PACK]Pigment Oversized-fit Short-Sleeved T-shirt 5COLOR,M,MUN111[2PACK],그라운즈스웻,기타 상의,"{""tags"": [""무지티셔츠"", ""반팔"", ""반팔티"", ""반팔티셔츠"", ""오버핏반팔티셔츠"", ""피그먼트"", ""피그먼트티셔츠""], ""season"": ""1"", ""season_year"": 2026, ""source_attributes"": {""핏"": [""오버 사이즈""], ""계절"": [""봄"", ""여름"", ""가을"", ""겨울""], ""두께"": [""보통""], ""비침"": [""없음""], ""촉감"": [""부드러움""], ""신축성"": [""있음""]}}"
무신사,베일 헨리넥 니트 [블랙],베일 헨리넥 니트 [블랙],Veil Henley Neck Knit [Black],M,KNTH880,그레이티스트,후드,"{""tags"": [""남자헨리넥"", ""헨리넥"", ""헨리넥긴팔"", ""헨리넥니트"", ""헨리넥니트긴팔"", ""헨리넥티"", ""헨리넥티셔츠""], ""season"": ""2"", ""season_year"": 2025, ""source_attributes"": {""핏"": [""레귤러""], ""계절"": [""봄"", ""가을"", ""겨울""], ""두께"": [""보통""], ""비침"": [""없음""], ""촉감"": [""부드러움"", ""약간 부드러움""], ""신축성"": [""약간 있음""]}}"
무신사,[DIVEIN X 무민서] VINTAGE CROP HOOD (MELANGE GRAY),[divein x 무민서] vintage crop hood (melange gray),[DIVEIN X MOOMINSEO] VINTAGE CROP HOOD (MELANGE GRAY),M,D26F-SH71MG,구아브,블루종/MA-1,"{""tags"": [], ""season"": ""2"", ""season_year"": 2026, ""source_attributes"": {}}"
무신사,스테이블 린넨 미니멀 셔츠 [5color],스테이블 린넨 미니멀 셔츠 [5color],STABLE LINEN MINIMAL SHIRTS [5color],M,DFSH6205,골라,데님 재킷,"{""tags"": [""긴팔셔츠"", ""남자셔츠"", ""리넨셔츠"", ""린넨셔츠"", ""린넨캠페인"", ""여름셔츠"", ""오버핏셔츠"", ""유튜버PICK""], ""season"": ""1"", ""season_year"": 0, ""source_attributes"": {}}"
무신사,캐시미어 스프레드 깅엄 체크 셔츠,캐시미어 스프레드 깅엄 체크 셔츠,Cashmere Spread Gingham Check Shirts,M,P00000BS,그램 아운스 파운드,데님 재킷,"{""tags"": [""깅엄셔츠"", ""남자셔츠"", ""봄셔츠"", ""여름셔츠"", ""오버핏셔츠"", ""체크셔츠"", ""캐주얼셔츠""], ""season"": null, ""season_year"": 0, ""source_attributes"": {""핏"": [""루즈""], ""계절"": [""봄"", ""여름"", ""가을""], ""두께"": [""약간 얇음""], ""비침"": [""약간 있음""], ""촉감"": [""부드러움""], ""신축성"": [""없음""]}}"
무신사,NJ3NS60K 노바 에코로프트 히트 패딩 자켓 STEEL GRAY,nj3ns60k 노바 에코로프트 히트 패딩 자켓 steel gray,NOVA HEAT JACKET,M,NJ3NS60K,나이엔,스카프/머플러,"{""tags"": [""GRAY"", ""NJ3NS60K"", ""STEEL"", ""노바"", ""에코로프트"", ""자켓"", ""패딩""], ""season"": ""2"", ""season_year"": 2026, ""source_attributes"": {}}"
무신사,NJ3LS02K 화이트라벨 루벤 자켓 WHITE,nj3ls02k 화이트라벨 루벤 자켓 white,RUBEN JACKET,M,NJ3LS02K,나이엔,스포츠화,"{""tags"": [""경량자켓"", ""바람막이"", ""의류"", ""자켓"", ""화이트라벨""], ""season"": null, ""season_year"": 0, ""source_attributes"": {}}"
무신사,RIDER 1989 쿨코튼 크롭 링거 반소매 (SRCSTD-0262),rider 1989 쿨코튼 크롭 링거 반소매 (srcstd-0262),RIDER 1989 쿨코튼 크롭 링거 반소매 (SRCSTD-0262),M,"5019982792",그로브,기타 상의,"{""tags"": [""26SS2ND"", ""그래픽티셔츠"", ""반소매티셔츠"", ""반팔티셔츠"", ""여름티셔츠"", ""쿨아이템"", ""크롭"", ""크롭티""], ""season"": ""0"", ""season_year"": 2026, ""source_attributes"": {""핏"": [""레귤러""], ""계절"": [""봄"", ""여름"", ""가을"", ""겨울""], ""두께"": [""보통""], ""비침"": [""거의 없음""], ""촉감"": [""약간 부드러움""], ""신축성"": [""약간 있음""]}}"
무신사,시그니처 코튼 머슬핏 카라티,시그니처 코튼 머슬핏 카라티,,M,NSPK01,그로우하이드,후드 집업,"{""tags"": [""24S/S"", ""25S/S"", ""MUSCLEFIT"", ""골프웨어"", ""반팔카라티"", ""반팔티"", ""시그니처머슬핏라인"", ""카라티"", ""폴로티""], ""season"": null, ""season_year"": 0, ""source_attributes"": {""핏"": [""슬림"", ""레귤러""], ""계절"": [""봄"", ""여름"", ""가을"", ""겨울""], ""두께"": [""보통""], ""비침"": [""거의 없음""], ""촉감"": [""보통""], ""신축성"": [""보통""]}}"
무신사,디마 코튼 헨리넥 반팔 티셔츠 [블랙],디마 코튼 헨리넥 반팔 티셔츠 [블랙],Dima Cotton Henley Short-Sleeve T-Shirt [Black],M,S01294,그레이티스트,기타 상의,"{""tags"": [""남자헨리넥반팔티""], ""season"": ""1"", ""season_year"": 2025, ""source_attributes"": {""핏"": [""레귤러""], ""계절"": [""여름""], ""두께"": [""약간 얇음""], ""비침"": [""없음""], ""촉감"": [""약간 부드러움""], ""신축성"": [""약간 있음""]}}"
무신사,가먼트 다잉 하프집업 풀오버,가먼트 다잉 하프집업 풀오버,Garment Dyeing Half Zip-up Pull over,M,CST263KT001,글랙,후드,"{""tags"": [""남자니트"", ""남자스웨터"", ""빈티지스웨터"", ""빈티지캐주얼"", ""스웨터"", ""하프집업"", ""하프집업스웨터""], ""season"": ""2"", ""season_year"": 2026, ""source_attributes"": {""핏"": [""레귤러""], ""계절"": [""가을"", ""겨울""], ""비침"": [""없음""], ""신축성"": [""거의 없음""]}}"
무신사,[기획] 에센셜 CP 이중지 크롭 긴팔티_7color,[기획] 에센셜 cp 이중지 크롭 긴팔티_7color,ESSENTIAL CP DOUBLE FACED CROP LONG SLEEVE_7color,M,TRFT12,갭,상의,"{""tags"": [""기본티"", ""긴소매티셔츠"", ""긴팔티"", ""롱슬리브"", ""무지티"", ""크롭긴팔"", ""크롭티""], ""season"": ""2"", ""season_year"": 2026, ""source_attributes"": {""핏"": [""레귤러""], ""계절"": [""봄"", ""여름"", ""가을"", ""겨울""], ""두께"": [""보통""], ""비침"": [""없음""], ""신축성"": [""보통""]}}"
무신사,[크롭]이글 엠블럼 와플 헨리넥 후드 긴팔 티셔츠-블랙,[크롭]이글 엠블럼 와플 헨리넥 후드 긴팔 티셔츠-블랙,[Crop] Eagle Emblem Waffle Henley-Neck Hooded Long-Sleeve T Shirt - Black,"M,W","5015030100",고목,블루종/MA-1,"{""tags"": [""긴팔"", ""긴팔티"", ""긴팔티셔츠"", ""옷미새미홀"", ""티셔츠"", ""헨리넥"", ""후드티""], ""season"": ""2"", ""season_year"": 0, ""source_attributes"": {""핏"": [""슬림"", ""레귤러""], ""계절"": [""봄"", ""여름"", ""가을"", ""겨울""], ""두께"": [""보통""], ""비침"": [""없음""], ""신축성"": [""약간 있음""]}}"
무신사,옵티멀 베이직 셔츠-화이트[린넨＆옥스포드 선택],옵티멀 베이직 셔츠-화이트[린넨＆옥스포드 선택],Optimal Basic Shirt-White,"M,W",Optimal Basic Shirt-Wh,그라퍼리즈,데님 재킷,"{""tags"": [""린넨셔츠"", ""린넨캠페인"", ""스테디셀러"", ""시티보이"", ""오버핏셔츠"", ""옥스포드셔츠"", ""올드머니"", ""올드머니룩"", ""젠더리스"", ""캐리오버""], ""season"": null, ""season_year"": 0, ""source_attributes"": {""핏"": [""오버 사이즈""], ""계절"": [""봄"", ""여름""], ""두께"": [""약간 얇음""], ""비침"": [""거의 없음""], ""촉감"": [""부드러움""], ""신축성"": [""없음""]}}"
무신사,오버핏 플란넬 포켓 체크 셔츠 [딥블루],오버핏 플란넬 포켓 체크 셔츠 [딥블루],OVERFIT FLANNEL POCKET CHECK SHIRT [DEEP BLUE],"M,W",LMSH05,그래미누스,데님 재킷,"{""tags"": [""SHIRTS"", ""기본셔츠"", ""긴팔셔츠"", ""데일리셔츠"", ""셔츠"", ""오버핏셔츠"", ""체크셔츠"", ""캐주얼셔츠""], ""season"": null, ""season_year"": 0, ""source_attributes"": {""핏"": [""루즈"", ""오버 사이즈""], ""계절"": [""봄"", ""여름"", ""가을"", ""겨울""], ""두께"": [""보통""], ""비침"": [""없음""], ""촉감"": [""보통""], ""신축성"": [""보통""]}}"
무신사,[DIVEIN X 무민서] VINTAGE CROP HOOD (BLACK),[divein x 무민서] vintage crop hood (black),[DIVEIN X MOOMINSEO] VINTAGE CROP HOOD (BLACK),M,D26F-SH71BK,구아브,블루종/MA-1,"{""tags"": [], ""season"": ""2"", ""season_year"": 2026, ""source_attributes"": {}}"
무신사,NJ3LS02J 화이트라벨 루벤 자켓 BLACK,nj3ls02j 화이트라벨 루벤 자켓 black,RUBEN JACKET,M,NJ3LS02J,나이엔,스포츠화,"{""tags"": [""경량자켓"", ""바람막이"", ""의류"", ""자켓"", ""화이트라벨""], ""season"": null, ""season_year"": 0, ""source_attributes"": {}}"
무신사,[사계절][세트상품] 커스터마이징 핏 셋업 수트 (블랙),[사계절][세트상품] 커스터마이징 핏 셋업 수트 (블랙),[사계절][세트상품] 커스터마이징 핏 셋업 수트 (블랙),M,"5000196044",구미코,로퍼,"{""tags"": [""FW셋업수트컬렉션"", ""세트"", ""스테디셋업수트컬렉션"", ""오버핏"", ""올드머니"", ""유튜버PICK"", ""정장"", ""정장세트"", ""캐주얼"", ""하객룩""], ""season"": null, ""season_year"": 0, ""source_attributes"": {""핏"": [""레귤러"", ""루즈""], ""계절"": [""봄"", ""가을"", ""겨울""], ""두께"": [""보통"", ""약간 두꺼움""], ""비침"": [""없음""], ""촉감"": [""약간 부드러움""], ""신축성"": [""약간 있음"", ""있음""]}}"
무신사,[시티 레저] 쉘터 윈드브레이커 재킷 (4 colors),[시티 레저] 쉘터 윈드브레이커 재킷 (4 colors),[시티 레저] 쉘터 윈드브레이커 재킷 (4 colors),M,MMFJJ2A91,골든베어,스포츠화,"{""tags"": [""고프코어"", ""등산복"", ""방수"", ""방풍"", ""시티레저"", ""아웃도어"", ""윈드브레이커"", ""이도현PICK"", ""이도현픽"", ""트래킹""], ""season"": ""1"", ""season_year"": 2026, ""source_attributes"": {""핏"": [""레귤러""], ""계절"": [""봄"", ""가을""], ""두께"": [""보통""], ""비침"": [""없음""], ""촉감"": [""보통"", ""약간 뻣뻣함""], ""신축성"": [""없음""]}}"
무신사,[SAINT YEAR] 세미 오버 핏 셋업 수트_BLACK,[saint year] 세미 오버 핏 셋업 수트_black,[SAINT YEAR] SEMI OVER FIT SET-UP SUIT_BLACK,M,"NH-BJ022001-40, NH-PR022021-40",던드롭,로퍼,"{""tags"": [""남자여름셋업"", ""맥시블랙트렌드"", ""세미오버핏"", ""셋업컬렉션"", ""여름블레이저"", ""여름슬랙스"", ""여름정장"", ""오버핏셋업"", ""올드머니룩"", ""올드머니트렌드""], ""season"": null, ""season_year"": 0, ""source_attributes"": {""핏"": [""루즈""], ""계절"": [""봄"", ""여름"", ""가을""], ""두께"": [""약간 얇음""], ""비침"": [""보통""], ""촉감"": [""약간 부드러움""], ""신축성"": [""보통""]}}"
무신사,릴렉스드 베이식 블레이저 [미디엄 그레이],릴렉스드 베이식 블레이저 [미디엄 그레이],RELAXED BASIC BLAZER [MEDIUM GREY],M,MMJJK0Z02-MR,골든베어,로퍼,"{""tags"": [""남성정장"", ""봄아우터"", ""블레이저컬렉션"", ""수트"", ""투버튼""], ""season"": ""2"", ""season_year"": null, ""source_attributes"": {""핏"": [""루즈""], ""계절"": [""봄"", ""가을""], ""두께"": [""보통""], ""비침"": [""없음""], ""촉감"": [""보통""], ""신축성"": [""있음""]}}"
무신사,[DIVEIN X 무민서] WASHED VERN CARGO PANTS (KHAKI),[divein x 무민서] washed vern cargo pants (khaki),[DIVEIN X MOOMINSEO] WASHED VERN CARGO PANTS (KHAKI),M,D26F-PT32KK,구아브,롱/맥시 원피스,"{""tags"": [], ""season"": ""2"", ""season_year"": 2026, ""source_attributes"": {}}"
무신사,세미 와이드 히든 밴딩 슬랙스 [블랙],세미 와이드 히든 밴딩 슬랙스 [블랙],SEMI WIDE HIDDEN BANDING SLACKS [BLACK],M,MM0PL0Z03-BK,골든베어,미디 원피스,"{""tags"": [""남성정장"", ""루즈핏"", ""밴딩바지"", ""셋업"", ""셋업팬츠"", ""슬랙스컬렉션"", ""와이드"", ""와이드팬츠"", ""정장바지""], ""season"": ""0"", ""season_year"": null, ""source_attributes"": {""핏"": [""레귤러""], ""계절"": [""봄"", ""가을"", ""겨울""], ""두께"": [""보통""], ""비침"": [""없음""], ""촉감"": [""보통""], ""신축성"": [""있음""]}}"
무신사,리얼 와이드 히든 밴딩 슬랙스 [블랙],리얼 와이드 히든 밴딩 슬랙스 [블랙],REAL WIDE HIDDEN BANDING SLACKS [BLACK],M,MM0PL0Z05-BK,골든베어,미디 원피스,"{""tags"": [""루즈핏"", ""밴딩"", ""밴딩바지"", ""밴딩슬랙스"", ""셋업팬츠"", ""슬랙스컬렉션"", ""와이드"", ""와이드슬랙스"", ""이도현PICK"", ""정장바지""], ""season"": ""0"", ""season_year"": null, ""source_attributes"": {""핏"": [""오버 사이즈""], ""계절"": [""봄"", ""가을"", ""겨울""], ""두께"": [""보통""], ""비침"": [""없음""], ""촉감"": [""보통""], ""신축성"": [""있음""]}}"
무신사,[여름 or 기모 or 사계절 원단 선택] 원턱 와이드 스웨트팬츠 블랙,[여름 or 기모 or 사계절 원단 선택] 원턱 와이드 스웨트팬츠 블랙,원턱 와이드 스웨트팬츠 블랙,M,GU01BBK,더블유아이엠,미니 스커트,"{""tags"": [""루즈핏"", ""스웨트팬츠컬렉션"", ""와이드"", ""와이드팬츠"", ""이지웨어"", ""일자"", ""테이퍼드"", ""트레이닝""], ""season"": ""0"", ""season_year"": 0, ""source_attributes"": {""핏"": [""루즈"", ""오버 사이즈""], ""계절"": [""봄"", ""여름"", ""가을"", ""겨울""], ""두께"": [""보통""], ""비침"": [""없음""], ""촉감"": [""보통""], ""신축성"": [""보통""]}}"
무신사,[여름 or 기모 or 사계절 원단 선택] 원턱 와이드 스웨트팬츠 그레이,[여름 or 기모 or 사계절 원단 선택] 원턱 와이드 스웨트팬츠 그레이,원턱 와이드 스웨트팬츠 그레이,M,GU01BGR,더블유아이엠,미니 스커트,"{""tags"": [""루즈핏"", ""스웨트팬츠컬렉션"", ""와이드"", ""와이드팬츠"", ""이지웨어"", ""테이퍼드"", ""트레이닝"", ""트레이닝복""], ""season"": ""0"", ""season_year"": 0, ""source_attributes"": {""핏"": [""루즈"", ""오버 사이즈""], ""계절"": [""봄"", ""여름"", ""가을"", ""겨울""], ""두께"": [""보통""], ""비침"": [""없음""], ""촉감"": [""보통""], ""신축성"": [""보통""]}}"
무신사,워시드 아크 팬츠 (더스티 네이비),워시드 아크 팬츠 (더스티 네이비),washed ark pants (dusty navy),M,"26FW",더셔츠하우스,롱/맥시 원피스,"{""tags"": [""캐주얼팬츠""], ""season"": ""2"", ""season_year"": 2026, ""source_attributes"": {}}"
무신사,컴포트 썸머 와이드 팬츠 블랙,컴포트 썸머 와이드 팬츠 블랙,,"M,W",MOZB0845,더스토리,롱/맥시 스커트,"{""tags"": [""데일리팬츠"", ""밴딩팬츠"", ""썸머슬랙스"", ""여름슬랙스"", ""와이드팬츠"", ""찰랑팬츠"", ""출근룩""], ""season"": null, ""season_year"": 0, ""source_attributes"": {}}"
무신사,엣지 워크 라보 팬츠 [카키 올리브],엣지 워크 라보 팬츠 [카키 올리브],엣지 워크 라보 팬츠 [카키 올리브],M,ALL,더씽인데어데어,롱/맥시 원피스,"{""tags"": [""면바지"", ""바지"", ""워크팬츠"", ""치노바지"", ""치노팬츠"", ""카고팬츠"", ""커브드팬츠""], ""season"": null, ""season_year"": 0, ""source_attributes"": {""핏"": [""루즈"", ""오버 사이즈""], ""계절"": [""봄"", ""여름"", ""가을"", ""겨울""], ""두께"": [""보통""], ""비침"": [""없음""], ""촉감"": [""보통""], ""신축성"": [""보통""]}}"
무신사,(여름추가) 레베 세미 와이드 원턱 슬랙스 (2color),(여름추가) 레베 세미 와이드 원턱 슬랙스 (2color),,M,RWBYC1PT03,더엘라,미디 원피스,"{""tags"": [""겨울필수아이템"", ""남자슬랙스"", ""루즈핏"", ""슬랙스"", ""에센셜슬랙스"", ""와이드슬랙스"", ""원턱슬랙스"", ""정장바지"", ""하객룩""], ""season"": null, ""season_year"": 0, ""source_attributes"": {""핏"": [""루즈""], ""계절"": [""봄"", ""여름"", ""가을"", ""겨울""], ""두께"": [""보통""], ""비침"": [""없음""], ""촉감"": [""부드러움""], ""신축성"": [""보통""]}}"
지그재그,[레이어드만능템][쫀쫀/S-M][4만장🏆]네트 레이어드 홀터넥 나시 슬리브리스 (기본/리본ver)(5color),[레이어드만능템][쫀쫀/s-m][4만장🏆]네트 레이어드 홀터넥 나시 슬리브리스 (기본/리본ver)(5color),,,,디스코도넛,,"{""shop_name"": ""프렌치오브""}"
지그재그,[🥇레이어드룩1위] made. 세이 셔츠앤 레이어링 니트 (워셔블니트) - 5 color,[🥇레이어드룩1위] made. 세이 셔츠앤 레이어링 니트 (워셔블니트) - 5 color,,,,드릭스,,"{""shop_name"": ""슬로우앤드""}"
지그재그,[42만장판매] [B-BASIC] 스탠다드 유넥 반팔티 (3SIZE),[42만장판매] [b-basic] 스탠다드 유넥 반팔티 (3size),,,,디에스엠티,,"{""shop_name"": ""블랙업""}"
지그재그,[✨매일입는셔츠] made. 내츄럴핏 스트라이프 셔츠 - 8 color,[✨매일입는셔츠] made. 내츄럴핏 스트라이프 셔츠 - 8 color,,,,드릭스,,"{""shop_name"": ""슬로우앤드""}"
지그재그,[🍁가을/4만장판매/Essential] 제롬 골지 티셔츠 (반팔/7부/긴팔),[🍁가을/4만장판매/essential] 제롬 골지 티셔츠 (반팔/7부/긴팔),,,,디그,,"{""shop_name"": ""매니크""}"
지그재그,[가을하객룩✨][MADE]드넬 하이넥 타이 블라우스[3color],[가을하객룩✨][made]드넬 하이넥 타이 블라우스[3color],,,,라벨아카이브,,"{""shop_name"": ""슬로우리스트""}"
지그재그,로엔 뷔스티에 롱 원피스 (ops),로엔 뷔스티에 롱 원피스 (ops),,,,런디에스,,"{""shop_name"": ""썬스페이스"", ""review_count"": 2}"
지그재그,하프 트렌치코트_MIWJTG90QB,하프 트렌치코트_miwjtg90qb,,,,드림월드,기타 액세서리,"{""shop_id"": ""11864"", ""shop_name"": ""미쏘"", ""sale_price"": 92550, ""category_id"": ""296"", ""review_count"": 208, ""discount_rate"": 28.0}"
지그재그,[mlt] 로이즈 베이직 라운드넥 가디건,[mlt] 로이즈 베이직 라운드넥 가디건,,,,드퐁,스포츠·액티브,"{""shop_id"": ""55187"", ""shop_name"": ""모렌트"", ""sale_price"": 22270, ""category_id"": ""327"", ""review_count"": 3794, ""discount_rate"": 48.0}"
지그재그,누적5만장🏅[자체제작] 쫀쫀 코튼 스판 반팔 레이어드 여름 (늘어짐없음/세미크롭/무지티/기본티/이너티/굴림티/오버핏/롱슬리브/긴팔),누적5만장🏅[자체제작] 쫀쫀 코튼 스판 반팔 레이어드 여름 (늘어짐없음/세미크롭/무지티/기본티/이너티/굴림티/오버핏/롱슬리브/긴팔),,,,로 페이드,,"{""shop_name"": ""효키""}"
지그재그,[가을🍁직진배송/15만장돌파][MADE] 퍼퓸 레이스 라인 스트랩 코튼 블라우스,[가을🍁직진배송/15만장돌파][made] 퍼퓸 레이스 라인 스트랩 코튼 블라우스,,,,드파운드,,"{""shop_name"": ""디어먼트""}"
지그재그,[라룸] 리조트버튼니트,[라룸] 리조트버튼니트,,,,디에봇,,"{""shop_name"": ""라룸""}"
지그재그,[가을블라우스✨/하객룩/made] 플롯 레이어드 블라우스 (6color),[가을블라우스✨/하객룩/made] 플롯 레이어드 블라우스 (6color),,,,드리프트아웃,,"{""shop_name"": ""리얼코코""}"
지그재그,[가을셔츠🤎/스트라이프&무지/10만장돌파/made] 로셀 라인 셔츠 (7color),[가을셔츠🤎/스트라이프&무지/10만장돌파/made] 로셀 라인 셔츠 (7color),,,,드리프트아웃,,"{""shop_name"": ""리얼코코""}"
지그재그,[인기폭주🏆/분위기/당일] 큐스 도트 프릴 레이스 나시 긴팔가디건 세트 (레이어드/찰랑가디건/하객룩),[인기폭주🏆/분위기/당일] 큐스 도트 프릴 레이스 나시 긴팔가디건 세트 (레이어드/찰랑가디건/하객룩),,,,디써티원,,"{""shop_name"": ""나이니"", ""review_count"": 61}"
지그재그,(woman) 헤링본 프렌치 워크자켓_Black,(woman) 헤링본 프렌치 워크자켓_black,,,,디키즈,,"{""shop_name"": ""무드인사이드우먼"", ""review_count"": 2}"
지그재그,프릴 나시 레이어드 가디건_MIWCMG92QA,프릴 나시 레이어드 가디건_miwcmg92qa,,,,드림월드,,"{""shop_name"": ""미쏘"", ""review_count"": 182}"
지그재그,[미희 Pick][핸드메이드]헤링본 울 트렌치 하프코트_Dim Gray,[미희 pick][핸드메이드]헤링본 울 트렌치 하프코트_dim gray,,,,디나이언트,,"{""shop_name"": ""하네""}"
지그재그,"20만장돌파✨💕MADE💕 스무드 라운드 브이넥 스트라이프 캐시미어 니트 가디건 (16c) /가을가디건/데일리룩/출근룩/여행룩/하객룩/간절기","20만장돌파✨💕made💕 스무드 라운드 브이넥 스트라이프 캐시미어 니트 가디건 (16c) /가을가디건/데일리룩/출근룩/여행룩/하객룩/간절기",,,,디에토,,"{""shop_name"": ""어베인"", ""review_count"": 22869}"
지그재그,[🍂가을] 로코 스트링 야상 코튼 점퍼 (3color),[🍂가을] 로코 스트링 야상 코튼 점퍼 (3color),,,,디오스피스,,"{""shop_name"": ""페트리코어"", ""review_count"": 113}"
지그재그,[최실장PICK][🍂가을][mlt] 넬리아 소프트 울 캐시 카라 긴소매 니트,[최실장pick][🍂가을][mlt] 넬리아 소프트 울 캐시 카라 긴소매 니트,,,,드퐁,,"{""shop_name"": ""모렌트""}"
지그재그,[살안타템💙여름 가디건] 발리 여리핏 니트 크롭 썸머 볼레로 시스루 긴팔 가디건,[살안타템💙여름 가디건] 발리 여리핏 니트 크롭 썸머 볼레로 시스루 긴팔 가디건,,,,라온,,"{""shop_name"": ""에이비글"", ""review_count"": 221}"
지그재그,아델린 텐셀 빅카라 블라우스 (딥 차콜),아델린 텐셀 빅카라 블라우스 (딥 차콜),,,,드파시온,,"{""shop_name"": ""사색"", ""review_count"": 3}"
지그재그,[노유진 PICK][made]모브 골지 스트랩 니트 가디건,[노유진 pick][made]모브 골지 스트랩 니트 가디건,,,,디어류,,"{""shop_name"": ""포네크"", ""review_count"": 102}"
지그재그,텐셀가디건! 보호 본능을 자극하는 텐셀 시스루 가디건 3color [볼레로/시스루/여름가디건/바캉스/휴가룩/얇은가디건/봄가디건/장마룩],텐셀가디건! 보호 본능을 자극하는 텐셀 시스루 가디건 3color [볼레로/시스루/여름가디건/바캉스/휴가룩/얇은가디건/봄가디건/장마룩],,,,디자인오월,,"{""shop_name"": ""라뷰마켓"", ""review_count"": 90}"
지그재그,[무료배송] 아네브 베이직 볼레로 가디건,[무료배송] 아네브 베이직 볼레로 가디건,,,,드퐁,,"{""shop_name"": ""모렌트"", ""review_count"": 6}"
지그재그,[단독컬러💖] 스트랩 트위드 반팔 재킷_SPJKG24W02,[단독컬러💖] 스트랩 트위드 반팔 재킷_spjkg24w02,,,,디그노루시르,,"{""shop_name"": ""스파오"", ""review_count"": 78}"
지그재그,(당일출고) 브이넥 가을 겨울 긴팔 연말룩 파티륵 크리스마스룩 스트라이프 줄무늬 배색 단가라 슬림핏 크롭 티셔츠 가디건,(당일출고) 브이넥 가을 겨울 긴팔 연말룩 파티륵 크리스마스룩 스트라이프 줄무늬 배색 단가라 슬림핏 크롭 티셔츠 가디건,,,,러프킹즈,,"{""shop_name"": ""샤인글램"", ""review_count"": 3}"
지그재그,[단독기획⚡2만장 돌파⚡간절기] 힐튼 여리핏 골지 가디건 - 4color,[단독기획⚡2만장 돌파⚡간절기] 힐튼 여리핏 골지 가디건 - 4color,,,,레인스,,"{""shop_name"": ""이퓨"", ""review_count"": 2296}"
지그재그,[DEMOOR] 베르나 트임 슬리브리스 원피스,[demoor] 베르나 트임 슬리브리스 원피스,,,,디스이즈네버댓,,"{""shop_name"": ""드무어"", ""review_count"": 11}"
지그재그,[휴양지룩🌴/바스락]컬리드 셔링 나시 원피스 2color / 썸머 워터밤 데이트룩 리조트 레이어드 화이트 여행 민소매 미니 휴가 꾸안꾸 캐주얼 데일리 스트링 숏 하얀 ops 쿨링,[휴양지룩🌴/바스락]컬리드 셔링 나시 원피스 2color / 썸머 워터밤 데이트룩 리조트 레이어드 화이트 여행 민소매 미니 휴가 꾸안꾸 캐주얼 데일리 스트링 숏 하얀 ops 쿨링,,,,디올,,"{""shop_name"": ""니스휴"", ""review_count"": 3}"
지그재그,[바스락/구김↓/쾌적💙][MADE] 레비일리 오픈카라 퍼프 핀턱 플레어 롱원피스(44~99)(빅사이즈원피스-플레어원피스-반팔원피스-나일론원피스-여름원피스),[바스락/구김↓/쾌적💙][made] 레비일리 오픈카라 퍼프 핀턱 플레어 롱원피스(44~99)(빅사이즈원피스-플레어원피스-반팔원피스-나일론원피스-여름원피스),,,,디망쉬,,"{""shop_name"": ""핫핑"", ""review_count"": 51}"
지그재그,미니/롱ver 🏝휴양지원피스 💕MADE💕썸머리 바스락 여름 나일론 롱 미니 나시 원피스 /데일리룩/휴가룩/러블리룩/바캉스룩/휴양지룩,미니/롱ver 🏝휴양지원피스 💕made💕썸머리 바스락 여름 나일론 롱 미니 나시 원피스 /데일리룩/휴가룩/러블리룩/바캉스룩/휴양지룩,,,,디에토,,"{""shop_name"": ""어베인"", ""review_count"": 21}"
지그재그,[09초이스][하나로끝👌] 밍츠 스트라이프 레이어드 오버롤 원피스 89153,[09초이스][하나로끝👌] 밍츠 스트라이프 레이어드 오버롤 원피스 89153,,,,뚜누,,"{""shop_name"": ""공구우먼"", ""review_count"": 2}"
지그재그,[1천장 돌파✨][허리슬림핏/체형보완] [44-120] 르디얼룬 카라넥 허리끈 반팔 미니 원피스 (신상-여름-썸머-하객룩-출근룩-여행룩-바캉스룩-빅사이즈-120사이즈-자체제작-셔츠원피스-A라인-플레어-여름하객룩),[1천장 돌파✨][허리슬림핏/체형보완] [44-120] 르디얼룬 카라넥 허리끈 반팔 미니 원피스 (신상-여름-썸머-하객룩-출근룩-여행룩-바캉스룩-빅사이즈-120사이즈-자체제작-셔츠원피스-a라인-플레어-여름하객룩),,,,라드인사이드,,"{""shop_name"": ""리리앤코"", ""review_count"": 47}"
지그재그,[하객룩신상🕊️/격식원피스/은은한광✨] 아델리 타이 리본 롱 원피스,[하객룩신상🕊️/격식원피스/은은한광✨] 아델리 타이 리본 롱 원피스,,,,라스트리조트,,"{""shop_name"": ""악녀일기"", ""review_count"": 3}"
지그재그,[자가드/구김❌][퓨어🤍][레이어드][MADE] 렌브 베이직핏 자가드 레이어드 뷔스티에 미니원피스(44~99) (빅사이즈뷔스티에-빅사이즈원피스-레이어드원피스-와이드브이넥),[자가드/구김❌][퓨어🤍][레이어드][made] 렌브 베이직핏 자가드 레이어드 뷔스티에 미니원피스(44~99) (빅사이즈뷔스티에-빅사이즈원피스-레이어드원피스-와이드브이넥),,,,디망쉬,,"{""shop_name"": ""핫핑"", ""review_count"": 31}"
지그재그,[리본탈부착가능] 셀프웨딩 스퀘어 리본 7부소매 스냅원피스 피로연 신혼여행 2부드레스 슬림웨딩 브라이덜샤워 아나운서정장 하객원피스 가을하객룩 정장원피스,[리본탈부착가능] 셀프웨딩 스퀘어 리본 7부소매 스냅원피스 피로연 신혼여행 2부드레스 슬림웨딩 브라이덜샤워 아나운서정장 하객원피스 가을하객룩 정장원피스,,,,레피브,,"{""shop_name"": ""펄유"", ""review_count"": 31}"
지그재그,[무료배송] [26SS/러블리무드] [44-120] 프니드셀 코튼 레이스 리본 프릴 퍼프 미니 원피스(여름-신상-데일리룩-데이트룩-출근룩-하객룩-격식룩-러블리룩-빅사이즈),[무료배송] [26ss/러블리무드] [44-120] 프니드셀 코튼 레이스 리본 프릴 퍼프 미니 원피스(여름-신상-데일리룩-데이트룩-출근룩-하객룩-격식룩-러블리룩-빅사이즈),,,,라드인사이드,,"{""shop_name"": ""리리앤코"", ""review_count"": 1}"
지그재그,[살안타가디건][여름가디건][단독] 데바 썸머 베이직 버튼(cd),[살안타가디건][여름가디건][단독] 데바 썸머 베이직 버튼(cd),,,,디미트리블랙,,"{""shop_name"": ""메리어라운드"", ""review_count"": 699}"
지그재그,허리쏙 린넨감성🍃 카이 린넨 브이넥 와이 니트 반팔 가디건 5color [린넨반팔/여름니트/니트가디건/직장인/출근룩/허리잘록],허리쏙 린넨감성🍃 카이 린넨 브이넥 와이 니트 반팔 가디건 5color [린넨반팔/여름니트/니트가디건/직장인/출근룩/허리잘록],,,,디자인오월,,"{""shop_name"": ""라뷰마켓"", ""review_count"": 99}"
지그재그,[1천장판매/인기🏆/소장템/당일발송] 블러리 프릴 레이어드 블라우스 가디건 (하객룩/데이트/휴양지/여행룩),[1천장판매/인기🏆/소장템/당일발송] 블러리 프릴 레이어드 블라우스 가디건 (하객룩/데이트/휴양지/여행룩),,,,디써티원,,"{""shop_name"": ""나이니"", ""review_count"": 30}"
지그재그,젠타 버튼 골지 긴팔 가디건,젠타 버튼 골지 긴팔 가디건,,,,딤에크레스,,"{""shop_name"": ""트위"", ""review_count"": 10}"
지그재그,[기본핏✨] 드메  여리 펀칭 가디건 CD0611 여름 반팔 배색 크롭 숏 기본 베이직 하객룩 데이트룩 공항룩 여행휴가룩 리조트 휴양지룩,[기본핏✨] 드메 여리 펀칭 가디건 cd0611 여름 반팔 배색 크롭 숏 기본 베이직 하객룩 데이트룩 공항룩 여행휴가룩 리조트 휴양지룩,,,,래리클락,,"{""shop_name"": ""메이드제이"", ""review_count"": 2}"
지그재그,[살안타템] 시스루 골지 얇은 가디건,[살안타템] 시스루 골지 얇은 가디건,,,,러블스,,"{""shop_name"": ""밀라그레이"", ""review_count"": 49}"
지그재그,[간절기용🫧] 유니엘 버튼 긴팔 가디건,[간절기용🫧] 유니엘 버튼 긴팔 가디건,,,,디오디,,"{""shop_name"": ""원더원더"", ""review_count"": 15}"
지그재그,[MADE🖤/가디건SET] 도부 잔꽃 레이스 나시 가디건 세트 2color,[made🖤/가디건set] 도부 잔꽃 레이스 나시 가디건 세트 2color,,,,라비올렛트,,"{""shop_name"": ""시프트에잇"", ""review_count"": 28}"
지그재그,Slim Button Cardigan [Olive],slim button cardigan [olive],,,,디어시스,,"{""shop_name"": ""드헤베"", ""review_count"": 2}"
지그재그,[MADE/5만장돌파]리엔 노카라 배색 반팔 트위드 자켓 (S-XL/출근룩/하객룩/데이트룩/여름자켓),[made/5만장돌파]리엔 노카라 배색 반팔 트위드 자켓 (s-xl/출근룩/하객룩/데이트룩/여름자켓),,,,드리머,,"{""shop_name"": ""케이클럽"", ""review_count"": 1606}"
지그재그,made. 에디션 빈티지 레터링 티셔츠 - 3 color,made. 에디션 빈티지 레터링 티셔츠 - 3 color,,,,드릭스,,"{""shop_name"": ""슬로우앤드"", ""review_count"": 41}"
지그재그,[💙여름][직진배송][반팔/여름블라우스][MNLB] 멜로즈 레이스 크롭 블라우스,[💙여름][직진배송][반팔/여름블라우스][mnlb] 멜로즈 레이스 크롭 블라우스,,,,드파운드,,"{""shop_name"": ""디어먼트"", ""review_count"": 56}"
지그재그,어바웃 홀터 롱나시/홀터나시/홀터넥나시/여름나시/동남아여행/휴양지나시/바캉스나시/여름/가을나시/이너나시/레이어드나시,어바웃 홀터 롱나시/홀터나시/홀터넥나시/여름나시/동남아여행/휴양지나시/바캉스나시/여름/가을나시/이너나시/레이어드나시,,,,뜨홍,,"{""shop_name"": ""딜라잇문"", ""review_count"": 75}"
지그재그,[사계절💙] 마틴 와이드 데님 롤업 팬츠,[사계절💙] 마틴 와이드 데님 롤업 팬츠,,,,렌세,,"{""shop_name"": ""포히"", ""review_count"": 2}"
지그재그,[가을🍁직진배송/3천장돌파][카라티][MADE] 캐슈넛 오픈 카라넥 루즈핏 스트라이프 티셔츠,[가을🍁직진배송/3천장돌파][카라티][made] 캐슈넛 오픈 카라넥 루즈핏 스트라이프 티셔츠,,,,드파운드,,"{""shop_name"": ""디어먼트"", ""review_count"": 373}"
지그재그,[얼리어텀🍂][ordinaire] 테이트 데님 (숏·롱/XS-L),[얼리어텀🍂][ordinaire] 테이트 데님 (숏·롱/xs-l),,,,디어마이디어,,"{""shop_name"": ""가내스라"", ""review_count"": 269}"
지그재그,[made/4size] 디젠 절개 카고 부츠컷 코튼 팬츠 -4color,[made/4size] 디젠 절개 카고 부츠컷 코튼 팬츠 -4color,,,,라르고,,"{""shop_name"": ""블릿티"", ""review_count"": 5}"
지그재그,[누적3만장+리뷰보장🏆하객룩/비침걱정X][탄탄소재/코튼반바지/반바지/출근룩/데이트룩][MADE]뮤트노핀턱3부팬츠 - 3color,[누적3만장+리뷰보장🏆하객룩/비침걱정x][탄탄소재/코튼반바지/반바지/출근룩/데이트룩][made]뮤트노핀턱3부팬츠 - 3color,,,,디스이즈파인,,"{""shop_name"": ""니썸"", ""review_count"": 4597}"
지그재그,켈린 브러쉬 워싱 와이드 데님 팬츠,켈린 브러쉬 워싱 와이드 데님 팬츠,,,,디스이즈네버댓,,"{""shop_name"": ""드무어"", ""review_count"": 3}"
지그재그,[made] 테이븐 치마 바지,[made] 테이븐 치마 바지,,,,레어웨어,,"{""shop_name"": ""온더로딩"", ""review_count"": 29}"
지그재그,[made/4size/unisex] [Label/Bijo] 제른 백 크로스 버튼 오버핏 와이드 코튼 팬츠 -8color,[made/4size/unisex] [label/bijo] 제른 백 크로스 버튼 오버핏 와이드 코튼 팬츠 -8color,,,,라르고,,"{""shop_name"": ""블릿티"", ""review_count"": 450}"
지그재그,[당일출고][MADE]에어빈 피그먼트 트레이닝 숏 팬츠,[당일출고][made]에어빈 피그먼트 트레이닝 숏 팬츠,,,,디아레,,"{""shop_name"": ""베이델리"", ""review_count"": 15}"
지그재그,[프렌치테리] 와이드 커브드 스웨트팬츠_SPMTG49G03,[프렌치테리] 와이드 커브드 스웨트팬츠_spmtg49g03,,,,디그노루시르,,"{""shop_name"": ""스파오"", ""review_count"": 3}"
지그재그,[DEMOOR] 베네키 카프리 팬츠,[demoor] 베네키 카프리 팬츠,,,,디스이즈네버댓,,"{""shop_name"": ""드무어"", ""review_count"": 10}"
지그재그,엉덩이철통보완💖여름스커트 치마 *코디꿀템/엉큰녀추천* 포켓 포인트 치마 바지 플리츠 미니 스커트 숏팬츠 여름 하객룩,엉덩이철통보완💖여름스커트 치마 *코디꿀템/엉큰녀추천* 포켓 포인트 치마 바지 플리츠 미니 스커트 숏팬츠 여름 하객룩,,,,러닝하이,,"{""shop_name"": ""뮤즈모브"", ""review_count"": 80}"
지그재그,델레이 카라 플레어 원피스,델레이 카라 플레어 원피스,,,,떨스티클럽,,"{""shop_name"": ""히프나틱"", ""review_count"": 2}"
지그재그,[25인기재입고] 브라운 베어 코튼 반팔 롱 원피스 루즈핏 곰돌이 프린팅 나염 데일리OPS 캐주얼룩 여행룩,[25인기재입고] 브라운 베어 코튼 반팔 롱 원피스 루즈핏 곰돌이 프린팅 나염 데일리ops 캐주얼룩 여행룩,,,,락포트,,"{""shop_name"": ""리리모드"", ""review_count"": 79}"
지그재그,[Dali made/휴양지원피스💛/자체제작]칼렌 라운드 리본 플레어 나시 원피스(바캉스룩/휴양지룩/휴가룩),[dali made/휴양지원피스💛/자체제작]칼렌 라운드 리본 플레어 나시 원피스(바캉스룩/휴양지룩/휴가룩),,,,디자이너 인비테이션,,"{""shop_name"": ""달리호텔"", ""review_count"": 33}"
지그재그,[MADE 1+1][버니][NEW컬러추가/허리셔링] 압도적후기 레전드몸매보정 바스트업 홀터 반폴라 원피스,[made 1+1][버니][new컬러추가/허리셔링] 압도적후기 레전드몸매보정 바스트업 홀터 반폴라 원피스,,,,럭키슈에뜨,,"{""shop_name"": ""순느"", ""review_count"": 10}"
지그재그,[별] 로엘 원피스,[별] 로엘 원피스,,,,레이디 볼륨,,"{""shop_name"": ""우주별"", ""review_count"": 1}"
지그재그,[2way] 썸머 홀터넥 리본 미니 원피스 (2 color),[2way] 썸머 홀터넥 리본 미니 원피스 (2 color),,,,랩,,"{""shop_name"": ""모브""}"
지그재그,[44-120] Love Line V-neck Frill Mini Dress 러브라인 브이넥 프릴 미니드레스 (봄/데일리룩/클래식룩/출근룩/러블리룩/데이트룩/브이넥/프릴/미니/드레스/빅사이즈/자체제작),[44-120] love line v-neck frill mini dress 러브라인 브이넥 프릴 미니드레스 (봄/데일리룩/클래식룩/출근룩/러블리룩/데이트룩/브이넥/프릴/미니/드레스/빅사이즈/자체제작),,,,러브이즈트루,,"{""shop_name"": ""미케네"", ""review_count"": 17}"
지그재그,[🚚당일발송/임부복 가능] ✨특별한날강추 오간자 실키원피스만삭촬영 브라이덜샤워 실키원피스,[🚚당일발송/임부복 가능] ✨특별한날강추 오간자 실키원피스만삭촬영 브라이덜샤워 실키원피스,,,,러스티치,,"{""shop_name"": ""베베온엘"", ""review_count"": 13}"
지그재그,마르티 블랙 셀프웨딩 촬영 미니원피스 파티 프로필 브라이덜샤워 드레스,마르티 블랙 셀프웨딩 촬영 미니원피스 파티 프로필 브라이덜샤워 드레스,,,,라펠 소로브,,"{""shop_name"": ""로엘드마리""}"
지그재그,[탄탄코튼/핏보장][MADE] 바든 세미 와이드 치노 팬츠 (+숏/롱) -2size,[탄탄코튼/핏보장][made] 바든 세미 와이드 치노 팬츠 (+숏/롱) -2size,,,,라이크썸모어,,"{""shop_name"": ""퓨어다"", ""review_count"": 1}"
지그재그,버튼 디테일 숏 팬츠_MIWTHG911G,버튼 디테일 숏 팬츠_miwthg911g,,,,드림월드,,"{""shop_name"": ""미쏘"", ""review_count"": 7}"
지그재그,롱 와이드 진_SPTJGA9G51,롱 와이드 진_sptjga9g51,,,,디그노루시르,,"{""shop_name"": ""스파오"", ""review_count"": 1718}"
지그재그,[핏보장✨] 에틴 롤업 숏 팬츠,[핏보장✨] 에틴 롤업 숏 팬츠,,,,디오디,,"{""shop_name"": ""원더원더"", ""review_count"": 258}"
지그재그,런던 릴렉스드-스트레이트 트라우저 (샌드 베이지),런던 릴렉스드-스트레이트 트라우저 (샌드 베이지),,,,드파시온,,"{""shop_name"": ""사색"", ""review_count"": 87}"
지그재그,[BAONHAUS] 비비 도트 와이드 밴딩 조거 팬츠,[baonhaus] 비비 도트 와이드 밴딩 조거 팬츠,,,,디티엠씨,,"{""shop_name"": ""바온"", ""review_count"": 2233}"
지그재그,[극찬🏆포토샵] 부츠컷 히든밴딩 하이웨스트 세미 청바지,[극찬🏆포토샵] 부츠컷 히든밴딩 하이웨스트 세미 청바지,,,,레이지레이크,,"{""shop_name"": ""유라타임"", ""review_count"": 1150}"
지그재그,[9부/카프리🏆1등] 시드니 카프리 팬츠,[9부/카프리🏆1등] 시드니 카프리 팬츠,,,,따따따와,,"{""shop_name"": ""프롬비기닝"", ""review_count"": 223}"
지그재그,[Atelier Flily] Melt Cigarette Pants,[atelier flily] melt cigarette pants,,,,렘플레이스먼트,,"{""shop_name"": ""프릴리"", ""review_count"": 3}"
지그재그,레이어드 저지 원피스_MIWOMG609G,레이어드 저지 원피스_miwomg609g,,,,드림월드,,"{""shop_name"": ""미쏘"", ""review_count"": 7}"
지그재그,[하객룩/레이어드] 샤론 셔링 뷔스티에 롱 원피스,[하객룩/레이어드] 샤론 셔링 뷔스티에 롱 원피스,,,,디프런티스,,"{""shop_name"": ""에브리모닝"", ""review_count"": 66}"
지그재그,Made)델리아 셔링 뷔스티에 미니원피스(스퀘어넥/지퍼/절개/슬림핏/세미A라인/하객룩/격식룩/오피스룩/데이트룩/가을),made)델리아 셔링 뷔스티에 미니원피스(스퀘어넥/지퍼/절개/슬림핏/세미a라인/하객룩/격식룩/오피스룩/데이트룩/가을),,,,드마크,,"{""shop_name"": ""프롬데이원""}"
지그재그,[RE:MOMENT/연베이지 당일발송] made. 시에르 뷔스티에 랩 원피스 2color! (레이어드/하객룩/격식룩/결혼식),[re:moment/연베이지 당일발송] made. 시에르 뷔스티에 랩 원피스 2color! (레이어드/하객룩/격식룩/결혼식),,,,레씨토,,"{""shop_name"": ""오디너리먼트"", ""review_count"": 7}"
지그재그,[제작/빅사이즈]이블렛 케이닌 쿨링 리본 뷔스티에 미니원피스 제이스타일,[제작/빅사이즈]이블렛 케이닌 쿨링 리본 뷔스티에 미니원피스 제이스타일,,,,레이허,,"{""shop_name"": ""이블렛by제이스타일"", ""review_count"": 11}"
지그재그,[직잭단독🎀/일부예약판매]하이넥 하프 트렌치 코트_MIWJTG916C,[직잭단독🎀/일부예약판매]하이넥 하프 트렌치 코트_miwjtg916c,,,,드림월드,기타 액세서리,"{""shop_id"": ""11864"", ""shop_name"": ""미쏘"", ""sale_price"": 92550, ""category_id"": ""296"", ""review_count"": 47, ""discount_rate"": 28.0}"
지그재그,[🍁얼리어텀 32%][MADE]로맨티 핀턱 절개 스트랩 블라우스 (S-L/5천장돌파/가을블라우스/긴팔블라우스/허리스트랩/데이트룩/하객룩/가을하객룩/하객룩블라우스/보트넥),[🍁얼리어텀 32%][made]로맨티 핀턱 절개 스트랩 블라우스 (s-l/5천장돌파/가을블라우스/긴팔블라우스/허리스트랩/데이트룩/하객룩/가을하객룩/하객룩블라우스/보트넥),,,,드리머,,"{""shop_name"": ""케이클럽""}"
지그재그,[벨트SET/레이어드템] 시네트 플리츠 미니 셔츠원피스 (벨트원피스-미니원피스-숏원피스-플리츠원피스-긴팔원피스-긴소매원피스-이너원피스-레이어드원피스-하객룩원피스-격식룩원피스),[벨트set/레이어드템] 시네트 플리츠 미니 셔츠원피스 (벨트원피스-미니원피스-숏원피스-플리츠원피스-긴팔원피스-긴소매원피스-이너원피스-레이어드원피스-하객룩원피스-격식룩원피스),,,,디앤에스알,,"{""shop_name"": ""마이온"", ""review_count"": 1}"
지그재그,cammello 포멀 그레이 슬림핏 긴팔 교복 세트 가디건 셋업 놀이공원 코스튬,cammello 포멀 그레이 슬림핏 긴팔 교복 세트 가디건 셋업 놀이공원 코스튬,,,,라이프프리핏,,"{""shop_name"": ""까멜로"", ""review_count"": 12}"
지그재그,[당일발송/MADE/1만장 돌파] 인생샷 셔링 원피스 3color,[당일발송/made/1만장 돌파] 인생샷 셔링 원피스 3color,,,,레이즈미야,,"{""shop_name"": ""유나브"", ""review_count"": 1457}"
지그재그,[휴양지원피스🌴/자체제작/비교불가퀄리티‼️] 리저브 브이넥 홀터넥 체크 패턴 백리스 플레어 롱 원피스 (바캉스룩/나시원피스),[휴양지원피스🌴/자체제작/비교불가퀄리티‼️] 리저브 브이넥 홀터넥 체크 패턴 백리스 플레어 롱 원피스 (바캉스룩/나시원피스),,,,디앤드퀘스천,,"{""shop_name"": ""루어스룸"", ""review_count"": 253}"
지그재그,[ 하객룩추천 / 포켓 ] 미티 홀터넥 플레어 포켓 주름 원피스,[ 하객룩추천 / 포켓 ] 미티 홀터넥 플레어 포켓 주름 원피스,,,,레꼴로헤,,"{""shop_name"": ""아방듀"", ""review_count"": 4}"
지그재그,[🍂가을][mlt] 크레타 오버핏 크리즈 텍스쳐 셔츠,[🍂가을][mlt] 크레타 오버핏 크리즈 텍스쳐 셔츠,,,,드퐁,,"{""shop_name"": ""모렌트"", ""review_count"": 100}"
지그재그,[1만장돌파🙌하객룩/출근룩][MADE] 르헤르 하프넥 반팔 니트 티셔츠,[1만장돌파🙌하객룩/출근룩][made] 르헤르 하프넥 반팔 니트 티셔츠,,,,디프런티스,,"{""shop_name"": ""에브리모닝"", ""review_count"": 928}"
지그재그,[경린 PICK][얼리어텀🍂] 헤이즐 프릴 7부 블라우스 ( 2 colors ),[경린 pick][얼리어텀🍂] 헤이즐 프릴 7부 블라우스 ( 2 colors ),,,,라 메종 스튜디오,,"{""shop_name"": ""레터프롬문""}"
지그재그,[✨부유방커버] made. 쫀쫀 커버핏 슬리브리스 (유교걸나시!) - 10 color,[✨부유방커버] made. 쫀쫀 커버핏 슬리브리스 (유교걸나시!) - 10 color,,,,드릭스,,"{""shop_name"": ""슬로우앤드"", ""review_count"": 6302}"
지그재그,Natti Half Sleeve Top (7 Color) 나띠 하프 슬리브 탑,natti half sleeve top (7 color) 나띠 하프 슬리브 탑,,,,레떼드폴린,,"{""shop_name"": ""안젤로비안코"", ""review_count"": 132}"
지그재그,[기본&크롭🤍/made] 드오나 보트넥 니트 (5color),[기본&크롭🤍/made] 드오나 보트넥 니트 (5color),,,,드리프트아웃,,"{""shop_name"": ""리얼코코""}"
지그재그,[문의폭주/무료배송] made. 포엘 투웨이 소프트 7부티셔츠 - 5 color,[문의폭주/무료배송] made. 포엘 투웨이 소프트 7부티셔츠 - 5 color,,,,드릭스,,"{""shop_name"": ""슬로우앤드"", ""review_count"": 144}"
지그재그,[주말까지20%!/무료배송] made. 시그니처 패치 후드집업 - 3 color,[주말까지20%!/무료배송] made. 시그니처 패치 후드집업 - 3 color,,,,드릭스,,"{""shop_name"": ""슬로우앤드""}"
지그재그,[💙사계절필수] made. 솔트 클린 반팔티셔츠 (스탠다드핏/루즈핏) - 7 color,[💙사계절필수] made. 솔트 클린 반팔티셔츠 (스탠다드핏/루즈핏) - 7 color,,,,드릭스,,"{""shop_name"": ""슬로우앤드""}"
지그재그,[얼리어텀🤎/made] 모드아 스트라이프 오버핏 셔츠 (4color),[얼리어텀🤎/made] 모드아 스트라이프 오버핏 셔츠 (4color),,,,드리프트아웃,,"{""shop_name"": ""리얼코코"", ""review_count"": 5725}"
지그재그,스트라이프 시스루 오버핏 셔츠 라이트핑크 MDSH019STLPINK,스트라이프 시스루 오버핏 셔츠 라이트핑크 mdsh019stlpink,,,,러닝라이프,,"{""shop_name"": ""몽돌"", ""review_count"": 1400}"
지그재그,[간절기집업🖤누적2만장] 브랜디 슬림 후드 집업(슬림핏),[간절기집업🖤누적2만장] 브랜디 슬림 후드 집업(슬림핏),,,,레페토,,"{""shop_name"": ""틸트"", ""review_count"": 119}"
지그재그,[단독][🏆10만장돌파#~88.99size#출근룩#하객룩] 로엔 퍼프 셔링 블라우스,[단독][🏆10만장돌파#~88.99size#출근룩#하객룩] 로엔 퍼프 셔링 블라우스,,,,디파인,,"{""shop_name"": ""빈트더빈"", ""review_count"": 1590}"
지그재그,[단 3일 20%][최실장PICK][mlt] 비올렛 비스코스 골지 라운드넥 긴소매 가디건,[단 3일 20%][최실장pick][mlt] 비올렛 비스코스 골지 라운드넥 긴소매 가디건,,,,드퐁,스포츠·액티브,"{""shop_id"": ""55187"", ""shop_name"": ""모렌트"", ""sale_price"": 28650, ""category_id"": ""327"", ""review_count"": 1690, ""discount_rate"": 51.0}"
지그재그,[🍁얼리어텀 32%][MADE/5천장돌파]레일라 카라 브이넥 랩 블라우스 (S-L/출근룩/데이트룩/하객룩/가을블라우스/핀턱블라우스/가을하객룩/하객룩블라우스/브이넥),[🍁얼리어텀 32%][made/5천장돌파]레일라 카라 브이넥 랩 블라우스 (s-l/출근룩/데이트룩/하객룩/가을블라우스/핀턱블라우스/가을하객룩/하객룩블라우스/브이넥),,,,드리머,,"{""shop_name"": ""케이클럽""}"
지그재그,[기모 선택 / 12만장 돌파✨]시그니처 패치 후드집업 / WHMZG4911U,[기모 선택 / 12만장 돌파✨]시그니처 패치 후드집업 / whmzg4911u,,,,라이프워크,,"{""shop_name"": ""후아유""}"
지그재그,[🍁얼리어텀 32%][30만장돌파/MADE]애니브 브이넥 셔링 타이 블라우스 (S-XL/하객룩/가을블라우스/하객룩블라우스/데이트룩/출근룩/가을하객룩/긴팔블라우스/빅사이즈),[🍁얼리어텀 32%][30만장돌파/made]애니브 브이넥 셔링 타이 블라우스 (s-xl/하객룩/가을블라우스/하객룩블라우스/데이트룩/출근룩/가을하객룩/긴팔블라우스/빅사이즈),,,,드리머,,"{""shop_name"": ""케이클럽""}"
지그재그,[🍁얼리어텀15%] [💍원조/카피주의][5천장돌파][허리끈set] [P.B MADE] 아넬리 레이어드 쉬폰 블라우스 - 4color,[🍁얼리어텀15%] [💍원조/카피주의][5천장돌파][허리끈set] [p.b made] 아넬리 레이어드 쉬폰 블라우스 - 4color,,,,딥인블루,,"{""shop_name"": ""퍼빗""}"
지그재그,[여리핏][쫀쫀/S-M][3만장🏆][MADE]프렌즈 반버튼 레이어드 헨리넥 티셔츠 (긴팔/반팔ver)(S/M사이즈ver)(9color),[여리핏][쫀쫀/s-m][3만장🏆][made]프렌즈 반버튼 레이어드 헨리넥 티셔츠 (긴팔/반팔ver)(s/m사이즈ver)(9color),,,,디스코도넛,,"{""shop_name"": ""프렌치오브""}"
지그재그,[최실장PICK][🍂가을][mlt] 클레어 울 비스코스 브이넥 니트,[최실장pick][🍂가을][mlt] 클레어 울 비스코스 브이넥 니트,,,,드퐁,,"{""shop_name"": ""모렌트""}"
지그재그,[무료배송] made. 포트 컬러웨이 딥브이넥 니트 - 5 color,[무료배송] made. 포트 컬러웨이 딥브이넥 니트 - 5 color,,,,드릭스,,"{""shop_name"": ""슬로우앤드""}"
지그재그,[취향기록15%/무료배송] made. 톤앤톤 레이어링 딥V 워셔블니트 - 5 color,[취향기록15%/무료배송] made. 톤앤톤 레이어링 딥v 워셔블니트 - 5 color,,,,드릭스,,"{""shop_name"": ""슬로우앤드""}"
지그재그,[🍂가을블라우스/단독] 세레니 핀턱 퍼프 블라우스 (출근룩/데이트룩/라운드넥/레이어드),[🍂가을블라우스/단독] 세레니 핀턱 퍼프 블라우스 (출근룩/데이트룩/라운드넥/레이어드),,,,디오스피스,,"{""shop_name"": ""페트리코어""}"
지그재그,"[긴팔/반팔,🏆상의1등/누적2만장/🍁가을니트] 레이어 버튼 브이 니트","[긴팔/반팔,🏆상의1등/누적2만장/🍁가을니트] 레이어 버튼 브이 니트",,,,따따따와,,"{""shop_name"": ""프롬비기닝""}"
지그재그,[단 3일 20%][최실장PICK][2만장판매][mlt] 카밀 비스코스 골지 라운드넥 긴소매 니트,[단 3일 20%][최실장pick][2만장판매][mlt] 카밀 비스코스 골지 라운드넥 긴소매 니트,,,,드퐁,,"{""shop_name"": ""모렌트""}"
지그재그,[문의폭주/무료배송] made. 오브 울텐셀 레이어드 티셔츠 - 3 color,[문의폭주/무료배송] made. 오브 울텐셀 레이어드 티셔츠 - 3 color,,,,드릭스,,"{""shop_name"": ""슬로우앤드""}"
지그재그,[취향기록15%/란제리코어] only. 보니 캡내장 레이스 슬리브리스 - 3 color (무료배송),[취향기록15%/란제리코어] only. 보니 캡내장 레이스 슬리브리스 - 3 color (무료배송),,,,드릭스,,"{""shop_name"": ""슬로우앤드""}"
지그재그,[🍂가을][mlt] 밀리스 셔링 베이직 브이넥 7부 티셔츠,[🍂가을][mlt] 밀리스 셔링 베이직 브이넥 7부 티셔츠,,,,드퐁,,"{""shop_name"": ""모렌트""}"
지그재그,[가을블라우스🤎/하객룩/made] 클리너 드레이프 블라우스 (5color),[가을블라우스🤎/하객룩/made] 클리너 드레이프 블라우스 (5color),,,,드리프트아웃,,"{""shop_name"": ""리얼코코""}"
지그재그,"[얼리어텀] [1만장돌파/+긴팔ver/S,M/MADE] 리에프 텐셀 링클 스트랩 블라우스 - 2 타입 (당일출고/가을/반팔/허리끈/시스루/하객룩/출근룩/데이트룩)","[얼리어텀] [1만장돌파/+긴팔ver/s,m/made] 리에프 텐셀 링클 스트랩 블라우스 - 2 타입 (당일출고/가을/반팔/허리끈/시스루/하객룩/출근룩/데이트룩)",,,,디아스토리,,"{""shop_name"": ""커먼유니크""}"
지그재그,시즌오프⚡[직진배송/1만장돌파][MNLB] 스테디 실키 텐셀 스트라이프 루즈핏 셔츠,시즌오프⚡[직진배송/1만장돌파][mnlb] 스테디 실키 텐셀 스트라이프 루즈핏 셔츠,,,,드파운드,,"{""shop_name"": ""디어먼트""}"
지그재그,[재입고💖][COOL] 썸머 카디건_SPCKG24G01,[재입고💖][cool] 썸머 카디건_spckg24g01,,,,디그노루시르,스포츠·액티브,"{""shop_id"": ""25938"", ""shop_name"": ""스파오"", ""sale_price"": 19360, ""category_id"": ""327"", ""review_count"": 25105, ""discount_rate"": 35.0}"
지그재그,[🍁얼리어텀 32%][MADE/3만장돌파]로미오 하트넥 스트랩 블라우스 (S-L/가을블라우스/긴팔블라우스/하객룩/데이트룩/출근룩/하객룩블라우스/가을하객룩/허리스트랩),[🍁얼리어텀 32%][made/3만장돌파]로미오 하트넥 스트랩 블라우스 (s-l/가을블라우스/긴팔블라우스/하객룩/데이트룩/출근룩/하객룩블라우스/가을하객룩/허리스트랩),,,,드리머,,"{""shop_name"": ""케이클럽""}"
지그재그,[레이어드✨/made] 세린 홀터넥 나시 (기본/스트랩),[레이어드✨/made] 세린 홀터넥 나시 (기본/스트랩),,,,드리프트아웃,,"{""shop_name"": ""리얼코코""}"
지그재그,"렌토 V 타이 블라우스 (블루 그레이), (free)","렌토 v 타이 블라우스 (블루 그레이), (free)",,,,드파시온,,"{""shop_name"": ""사색""}"
지그재그,[🍁얼리어텀 32%][8만장돌파/MADE]시루아 레이어드 뷔스티에 블라우스 세트 (S-M/가을블라우스/쉬어블라우스/출근룩/하객룩/가을하객룩/긴팔블라우스/데이트룩),[🍁얼리어텀 32%][8만장돌파/made]시루아 레이어드 뷔스티에 블라우스 세트 (s-m/가을블라우스/쉬어블라우스/출근룩/하객룩/가을하객룩/긴팔블라우스/데이트룩),,,,드리머,,"{""shop_name"": ""케이클럽""}"
지그재그,[9/16 예약배송] LAYER BOAT NECK TEE [TIFA04LT13]_lvory,[9/16 예약배송] layer boat neck tee [tifa04lt13]_lvory,,,,딥센스,,"{""shop_name"": ""틸아이다이""}"
지그재그,[누적1.5만장/총명' pick] 벨롯 투톤 레이어 니트,[누적1.5만장/총명' pick] 벨롯 투톤 레이어 니트,,,,딤에크레스,,"{""shop_name"": ""트위""}"
지그재그,[누적2만장/주미니's pick] 고메즈 버튼 니트,[누적2만장/주미니's pick] 고메즈 버튼 니트,,,,딤에크레스,,"{""shop_name"": ""트위""}"
지그재그,[🍂가을][mlt] 세실 베이직 비스코스 7부 브이넥 니트,[🍂가을][mlt] 세실 베이직 비스코스 7부 브이넥 니트,,,,드퐁,,"{""shop_name"": ""모렌트""}"
지그재그,[얼리어텀🍁/하객룩/made] 드리프 레이어드 티셔츠 세트 (3color),[얼리어텀🍁/하객룩/made] 드리프 레이어드 티셔츠 세트 (3color),,,,드리프트아웃,,"{""shop_name"": ""리얼코코""}"
지그재그,[26만장🏆][실물핏극찬🔥]샌딩 라운드넥 티셔츠 (반팔/긴팔/7부/루즈핏/기모ver)(13color),[26만장🏆][실물핏극찬🔥]샌딩 라운드넥 티셔츠 (반팔/긴팔/7부/루즈핏/기모ver)(13color),,,,디스코도넛,,"{""shop_name"": ""프렌치오브""}"
지그재그,[라룸] 베이버튼니트,[라룸] 베이버튼니트,,,,디에봇,,"{""shop_name"": ""라룸""}"
지그재그,[무료배송] made. 멜리 딥유넥 투웨이니트 - 3 color,[무료배송] made. 멜리 딥유넥 투웨이니트 - 3 color,,,,드릭스,,"{""shop_name"": ""슬로우앤드""}"
지그재그,[1만장돌파] 레이스 나시 (캡내장),[1만장돌파] 레이스 나시 (캡내장),,,,럭키플로우,,"{""shop_name"": ""시크바이""}"
지그재그,"[20%쿠폰][🏆이너1위][직진배송/35만장돌파/S,M,L/숏,롱][MNLB] 하프 클레어 스퀘어넥 쫀쫀 슬림 반팔 티셔츠","[20%쿠폰][🏆이너1위][직진배송/35만장돌파/s,m,l/숏,롱][mnlb] 하프 클레어 스퀘어넥 쫀쫀 슬림 반팔 티셔츠",,,,드파운드,,"{""shop_name"": ""디어먼트""}"
지그재그,[얼리어텀🍁/하객룩/made] 헤인 자개 단추 블라우스,[얼리어텀🍁/하객룩/made] 헤인 자개 단추 블라우스,,,,드리프트아웃,,"{""shop_name"": ""리얼코코""}"
지그재그,레이스살짝💭 디노 면 모달 데일리 레이스 나시 3color [레이스나시/기본나시/슬리브리스/레이어드나시/민소매/이너나시/벚꽃룩],레이스살짝💭 디노 면 모달 데일리 레이스 나시 3color [레이스나시/기본나시/슬리브리스/레이어드나시/민소매/이너나시/벚꽃룩],,,,디자인오월,,"{""shop_name"": ""라뷰마켓""}"
지그재그,[🍂AUTUMN20%][IS-BASIC] mts727 이즈 코튼 슬림 반팔 티셔츠,[🍂autumn20%][is-basic] mts727 이즈 코튼 슬림 반팔 티셔츠,,,,디프,,"{""shop_name"": ""에드모어""}"
지그재그,[Autumn🤎/백스쿱] Moz back scoop tee (3color),[autumn🤎/백스쿱] moz back scoop tee (3color),,,,레이지지,,"{""shop_name"": ""유이니""}"
지그재그,[🍂🍇가을컬러/MADE/누적5천장/부유방삭제/스트레이트체형] 올데이 탄탄핏 보트넥 나시(9colors) 이너나시 자체제작 골지 민소매 레이어드 휴가룩 여리핏 슬림핏 장마룩,[🍂🍇가을컬러/made/누적5천장/부유방삭제/스트레이트체형] 올데이 탄탄핏 보트넥 나시(9colors) 이너나시 자체제작 골지 민소매 레이어드 휴가룩 여리핏 슬림핏 장마룩,,,,람,,"{""shop_name"": ""먼데이블루""}"
지그재그,"리안 링클프리 셔츠 블라우스 (블랙), (free)","리안 링클프리 셔츠 블라우스 (블랙), (free)",,,,드파시온,,"{""shop_name"": ""사색""}"
지그재그,[단독][made]포시즌티셔츠,[단독][made]포시즌티셔츠,,,,디스커버리 익스페디션,,"{""shop_name"": ""어텀""}"
지그재그,[7부VER 추가]랩 반팔 티셔츠_MIWHWG602A/MIWHWG78RA/MIWHWG92QA/MIWHWG99QA,[7부ver 추가]랩 반팔 티셔츠_miwhwg602a/miwhwg78ra/miwhwg92qa/miwhwg99qa,,,,드림월드,,"{""shop_name"": ""미쏘""}"
지그재그,[여름긴팔🧊]버튼업 시스루 긴팔 티셔츠_MIWLWG70QA/MIWLWG98QA,[여름긴팔🧊]버튼업 시스루 긴팔 티셔츠_miwlwg70qa/miwlwg98qa,,,,드림월드,,"{""shop_name"": ""미쏘""}"
지그재그,SHEER REGLAN LONG SLEEVE*5일 소요*,sheer reglan long sleeve*5일 소요*,,,,락핑거,,"{""shop_name"": ""릿킴""}"
지그재그,[가을🍁직진배송/1만장돌파][간절기/하객룩][MADE] 위브 벨트 스트랩 셔츠 블라우스,[가을🍁직진배송/1만장돌파][간절기/하객룩][made] 위브 벨트 스트랩 셔츠 블라우스,,,,드파운드,,"{""shop_name"": ""디어먼트""}"
지그재그,[얼리어텀🍁/하객룩🤍/made] 블릿 레이스 블라우스 (2color),[얼리어텀🍁/하객룩🤍/made] 블릿 레이스 블라우스 (2color),,,,드리프트아웃,,"{""shop_name"": ""리얼코코""}"
지그재그,[5만장판매🏆/MD강추🧡/여리핏] 루시나 7부 코튼 보트넥 티셔츠/7부티셔츠/이너티셔츠/기본티셔츠/여름티셔츠/칠부티셔츠/가을티셔츠/기본긴팔티/가을옷/간절기,[5만장판매🏆/md강추🧡/여리핏] 루시나 7부 코튼 보트넥 티셔츠/7부티셔츠/이너티셔츠/기본티셔츠/여름티셔츠/칠부티셔츠/가을티셔츠/기본긴팔티/가을옷/간절기,,,,뜨홍,,"{""shop_name"": ""딜라잇문""}"
지그재그,[MADE] Porte shirt (미드나잇 블루),[made] porte shirt (미드나잇 블루),,,,레이나모라,,"{""shop_name"": ""온즈""}"
지그재그,"이블린 모달 빅카라 블라우스 (더스티 블루), (free)","이블린 모달 빅카라 블라우스 (더스티 블루), (free)",,,,드파시온,,"{""shop_name"": ""사색""}"
지그재그,[🍂가을][mlt] 메릴 울 오버핏 딥브이넥 니트,[🍂가을][mlt] 메릴 울 오버핏 딥브이넥 니트,,,,드퐁,,"{""shop_name"": ""모렌트""}"
지그재그,[12만장판매/랭킹🏆사계절나시/단독컬러/승모근부유방커버/유교걸필수] 크래커 골지 베이직 라운드 민소매 나시,[12만장판매/랭킹🏆사계절나시/단독컬러/승모근부유방커버/유교걸필수] 크래커 골지 베이직 라운드 민소매 나시,,,,디써티원,,"{""shop_name"": ""나이니""}"
지그재그,[🤎어텀/MADE] 탠지 베이직 보트넥 티셔츠 (7부/긴소매),[🤎어텀/made] 탠지 베이직 보트넥 티셔츠 (7부/긴소매),,,,뚜오미오,,"{""shop_name"": ""데일리쥬""}"
지그재그,[🍁가을/2만장판매/Essential] 플로린 베이직 시스루 레이어드 긴소매 티셔츠,[🍁가을/2만장판매/essential] 플로린 베이직 시스루 레이어드 긴소매 티셔츠,,,,디그,,"{""shop_name"": ""매니크""}"
지그재그,[얼리어텀🍂/made] 베리온 라벨 셔츠 (5color),[얼리어텀🍂/made] 베리온 라벨 셔츠 (5color),,,,드리프트아웃,,"{""shop_name"": ""리얼코코""}"
지그재그,[🍁가을/8천장판매/MNQ] 로완 레이어드 소프트 긴소매 홀터넥 나시 세트,[🍁가을/8천장판매/mnq] 로완 레이어드 소프트 긴소매 홀터넥 나시 세트,,,,디그,,"{""shop_name"": ""매니크""}"
지그재그,아치 로고 링거 반팔 티셔츠(MAGBTS10MWH),아치 로고 링거 반팔 티셔츠(magbts10mwh),,,,랄,,"{""shop_name"": ""마리끌레르""}"
지그재그,[🍁얼리어텀 32%][MADE/1만장돌파]르하브 랩 블라우스 (S-L/가을블라우스/긴팔블라우스/하객룩/출근룩/데이트룩/가을하객룩/하객룩블라우스/보트넥블라우스),[🍁얼리어텀 32%][made/1만장돌파]르하브 랩 블라우스 (s-l/가을블라우스/긴팔블라우스/하객룩/출근룩/데이트룩/가을하객룩/하객룩블라우스/보트넥블라우스),,,,드리머,,"{""shop_name"": ""케이클럽""}"
지그재그,[🍁얼리어텀 32%][MADE]유메터 타이 블라우스 (S-M/하객룩/데이트룩/가을블라우스/가을하객룩/하객룩블라우스/레이어드/긴팔블라우스/하프넥),[🍁얼리어텀 32%][made]유메터 타이 블라우스 (s-m/하객룩/데이트룩/가을블라우스/가을하객룩/하객룩블라우스/레이어드/긴팔블라우스/하프넥),,,,드리머,,"{""shop_name"": ""케이클럽""}"
지그재그,[단독선발매] (미영픽) 캡 슬리브 하프넥 베스트 [4COL] / GF7LKV519,[단독선발매] (미영픽) 캡 슬리브 하프넥 베스트 [4col] / gf7lkv519,,,,레탑,,"{""shop_name"": ""제너럴아이디어""}"
지그재그,[MADE💙레이스캡내장]골지 캡내장 레이스 레이어드 잔골지 나시 레이스나시,[made💙레이스캡내장]골지 캡내장 레이스 레이어드 잔골지 나시 레이스나시,,,,럭키다이스,,"{""shop_name"": ""셀블리""}"
지그재그,갭 로고 후드 집업 10컬러 GAP 여성 기모 후디,갭 로고 후드 집업 10컬러 gap 여성 기모 후디,,,,랑방,,"{""shop_name"": ""메소프501""}"
지그재그,보트넥 루즈핏 니트_MIWKAG926T,보트넥 루즈핏 니트_miwkag926t,,,,드림월드,,"{""shop_name"": ""미쏘""}"
지그재그,[랭킹🏆/누적판매8만장!/자체제작/끈조절] 소녀 골지 레이스 레이어드 나시 슬립 (레이스나시/골지나시/레이어드나시),[랭킹🏆/누적판매8만장!/자체제작/끈조절] 소녀 골지 레이스 레이어드 나시 슬립 (레이스나시/골지나시/레이어드나시),,,,디써티원,,"{""shop_name"": ""나이니""}"
지그재그,[하객룩][여름블라우스][무료배송][l.m.w] 드레이프 스트랩 반팔 블라우스 (bl) *뉴 컬러 추가 ♡,[하객룩][여름블라우스][무료배송][l.m.w] 드레이프 스트랩 반팔 블라우스 (bl) *뉴 컬러 추가 ♡,,,,디미트리블랙,,"{""shop_name"": ""메리어라운드""}"
지그재그,[🍁가을/MNQ] 데이빗 안티필링 워셔블 루즈핏 브이넥 니트,[🍁가을/mnq] 데이빗 안티필링 워셔블 루즈핏 브이넥 니트,,,,디그,,"{""shop_name"": ""매니크""}"
지그재그,[2천장돌파][자체제작/2type] #MADE 루에른 드레이프 블라우스 (캡소매블라우스-오프숄더블라우스-원숄더블라우스-셔링블라우스-시스루블라우스-리본스트랩블라우스-보트넥블라우스),[2천장돌파][자체제작/2type] #made 루에른 드레이프 블라우스 (캡소매블라우스-오프숄더블라우스-원숄더블라우스-셔링블라우스-시스루블라우스-리본스트랩블라우스-보트넥블라우스),,,,디앤에스알,,"{""shop_name"": ""마이온""}"
지그재그,[하객룩][말라핏][3만장🏆][MADE]뮤즈 오프숄더 드레이프 티셔츠 (반팔/긴팔ver)(8color),[하객룩][말라핏][3만장🏆][made]뮤즈 오프숄더 드레이프 티셔츠 (반팔/긴팔ver)(8color),,,,디스코도넛,,"{""shop_name"": ""프렌치오브""}"
지그재그,Bob Muse Print Overfit Tee_SAGEGREEN,bob muse print overfit tee_sagegreen,,,,라슬로,,"{""shop_name"": ""앤하츠""}"
지그재그,[가을🍁직진배송/1만장돌파][하객룩][MADE] 리라 셔링 스트랩 투웨이 롱 블라우스,[가을🍁직진배송/1만장돌파][하객룩][made] 리라 셔링 스트랩 투웨이 롱 블라우스,,,,드파운드,,"{""shop_name"": ""디어먼트""}"
지그재그,CASHMERE BLENDED ROUND WOOL KNIT [TIFA04SW01]_lvory,cashmere blended round wool knit [tifa04sw01]_lvory,,,,딥센스,,"{""shop_name"": ""틸아이다이""}"
지그재그,[L사이즈/레이어드💙/made] 앤디오 골지 나시 (소프트핏/탄탄핏),[l사이즈/레이어드💙/made] 앤디오 골지 나시 (소프트핏/탄탄핏),,,,드리프트아웃,,"{""shop_name"": ""리얼코코""}"
지그재그,"멜르 크랙 블라우스 (차콜), (free)","멜르 크랙 블라우스 (차콜), (free)",,,,드파시온,,"{""shop_name"": ""사색""}"
지그재그,[얼리어텀🍂][10만장][ordinaire] 마르소 가디건 (썸머·오리지널·라이트/25color/단독주문시오늘출발),[얼리어텀🍂][10만장][ordinaire] 마르소 가디건 (썸머·오리지널·라이트/25color/단독주문시오늘출발),,,,디어마이디어,스포츠·액티브,"{""shop_id"": ""3548"", ""shop_name"": ""가내스라"", ""sale_price"": 26280, ""category_id"": ""327"", ""review_count"": 12929, ""discount_rate"": 43.0}"
지그재그,"[V넥추가/직잭단독💖][소프트얀] 여성 라운드넥 카디건_SPCKG49W01,SPCKG49W03","[v넥추가/직잭단독💖][소프트얀] 여성 라운드넥 카디건_spckg49w01,spckg49w03",,,,디그노루시르,스포츠·액티브,"{""shop_id"": ""25938"", ""shop_name"": ""스파오"", ""sale_price"": 32310, ""category_id"": ""327"", ""review_count"": 14985, ""discount_rate"": 10.0}"
지그재그,Linen Knit Cardigan [Red],linen knit cardigan [red],,,,라끄,스포츠·액티브,"{""shop_id"": ""11356"", ""shop_name"": ""로제프란츠"", ""sale_price"": 41050, ""category_id"": ""327"", ""review_count"": 654, ""discount_rate"": 41.0}"
지그재그,[알로하 Pick][핸드메이드]헤링본 울 트렌치 하프코트_Coco Brown,[알로하 pick][핸드메이드]헤링본 울 트렌치 하프코트_coco brown,,,,디나이언트,,"{""shop_id"": ""55213"", ""shop_name"": ""하네"", ""sale_price"": 189520, ""category_id"": ""4070"", ""discount_rate"": 43.0}"
지그재그,[지금하네][30% 쿠폰][무료배송][커치프 SET] 에센셜 라운드 가디건_Melange,[지금하네][30% 쿠폰][무료배송][커치프 set] 에센셜 라운드 가디건_melange,,,,디나이언트,스포츠·액티브,"{""shop_id"": ""55213"", ""shop_name"": ""하네"", ""sale_price"": 51870, ""category_id"": ""327"", ""review_count"": 1835, ""discount_rate"": 45.0}"
지그재그,[가을가디건🍁/made] 맬리 팬던트 니트 가디건 (8color),[가을가디건🍁/made] 맬리 팬던트 니트 가디건 (8color),,,,드리프트아웃,스포츠·액티브,"{""shop_id"": ""200"", ""shop_name"": ""리얼코코"", ""sale_price"": 15210, ""category_id"": ""327"", ""review_count"": 12302, ""discount_rate"": 74.0}"
지그재그,[최실장PICK][🍂가을][mlt] 로베르 안티필링 워셔블 하이넥 가디건,[최실장pick][🍂가을][mlt] 로베르 안티필링 워셔블 하이넥 가디건,,,,드퐁,스포츠·액티브,"{""shop_id"": ""55187"", ""shop_name"": ""모렌트"", ""sale_price"": 30870, ""category_id"": ""327"", ""review_count"": 40, ""discount_rate"": 52.0}"
지그재그,[🍁얼리어텀 60%][MADE/뉴컬러/2천장돌파]레턴 썸머 펀칭 린넨 니트 가디건 (S-L/가을가디건/여리핏/레이어드가디건/라운드넥/데일리룩/출근룩/올리브가디건/살안타템),[🍁얼리어텀 60%][made/뉴컬러/2천장돌파]레턴 썸머 펀칭 린넨 니트 가디건 (s-l/가을가디건/여리핏/레이어드가디건/라운드넥/데일리룩/출근룩/올리브가디건/살안타템),,,,드리머,스포츠·액티브,"{""shop_id"": ""88"", ""shop_name"": ""케이클럽"", ""sale_price"": 13200, ""category_id"": ""327"", ""review_count"": 537, ""discount_rate"": 71.0}"
지그재그,[AN] mellin button cardigan *7일 이상 소요,[an] mellin button cardigan *7일 이상 소요,,,,라울,스포츠·액티브,"{""shop_id"": ""8544"", ""shop_name"": ""오브나인"", ""sale_price"": 37000, ""category_id"": ""327"", ""review_count"": 2, ""discount_rate"": 0.0}"
지그재그,[해서영 Pick][핸드메이드]그레이스 후드 울 하프코트_Cream,[해서영 pick][핸드메이드]그레이스 후드 울 하프코트_cream,,,,디나이언트,,"{""shop_id"": ""55213"", ""shop_name"": ""하네"", ""sale_price"": 164920, ""category_id"": ""4070"", ""discount_rate"": 40.0}"
지그재그,[20%시즌오프][250만뷰가디건🔥가을🍂간절기가디건🏆매시즌베스트/FREE+L/사이즈선택/가디건/하객룩/가을가디건][MADE]마렌라운드가디건 - 9color,[20%시즌오프][250만뷰가디건🔥가을🍂간절기가디건🏆매시즌베스트/free+l/사이즈선택/가디건/하객룩/가을가디건][made]마렌라운드가디건 - 9color,,,,디스이즈파인,스포츠·액티브,"{""shop_id"": ""5875"", ""shop_name"": ""니썸"", ""sale_price"": 23940, ""category_id"": ""327"", ""review_count"": 9113, ""discount_rate"": 54.0}"
지그재그,[made]올데이메쉬윈드점퍼,[made]올데이메쉬윈드점퍼,,,,디스커버리 익스페디션,해외 럭셔리·컨템포러리,"{""shop_id"": ""7320"", ""shop_name"": ""어텀"", ""sale_price"": 19350, ""category_id"": ""316"", ""review_count"": 134, ""discount_rate"": 55.0}"
지그재그,[🍁얼리어텀 60%][MADE/1천장돌파]페벗 시스루 골지 니트 가디건 (S-M/가을가디건/간절기/레이어드가디건/데일리룩/출근룩/슬림핏/라운드넥/살안타템),[🍁얼리어텀 60%][made/1천장돌파]페벗 시스루 골지 니트 가디건 (s-m/가을가디건/간절기/레이어드가디건/데일리룩/출근룩/슬림핏/라운드넥/살안타템),,,,드리머,스포츠·액티브,"{""shop_id"": ""88"", ""shop_name"": ""케이클럽"", ""sale_price"": 14780, ""category_id"": ""327"", ""review_count"": 387, ""discount_rate"": 65.0}"
지그재그,(woman) 워시드 프렌치 워크 자켓_Blue,(woman) 워시드 프렌치 워크 자켓_blue,,,,디키즈,국내 캐주얼·스트릿,"{""shop_id"": ""55960"", ""shop_name"": ""무드인사이드우먼"", ""sale_price"": 54520, ""category_id"": ""305"", ""review_count"": 43, ""discount_rate"": 45.0}"
지그재그,Viremont Jacket (2colors) (예약주문 9/20이후 순차발송),viremont jacket (2colors) (예약주문 9/20이후 순차발송),,,,래비티 스포츠,국내 캐주얼·스트릿,"{""shop_id"": ""57"", ""shop_name"": ""메이비베이비"", ""sale_price"": 98000, ""category_id"": ""305"", ""review_count"": 7, ""discount_rate"": 22.0}"
지그재그,[살안타템][여름가디건][여행룩][ofm] 썸머 팔레트 라운드 가디건 (cd),[살안타템][여름가디건][여행룩][ofm] 썸머 팔레트 라운드 가디건 (cd),,,,디미트리블랙,스포츠·액티브,"{""shop_id"": ""786"", ""shop_name"": ""메리어라운드"", ""sale_price"": 20330, ""category_id"": ""327"", ""review_count"": 690, ""discount_rate"": 47.0}"
지그재그,🍂간절기💕MADE💕 여름 스무드 라운드 브이넥 루즈핏 니트 린넨 가디건 (11c) /휴가룩/휴양지룩/바캉스룩/살안타가디건/출근룩,🍂간절기💕made💕 여름 스무드 라운드 브이넥 루즈핏 니트 린넨 가디건 (11c) /휴가룩/휴양지룩/바캉스룩/살안타가디건/출근룩,,,,디에토,스포츠·액티브,"{""shop_id"": ""9771"", ""shop_name"": ""어베인"", ""sale_price"": 23680, ""category_id"": ""327"", ""review_count"": 3278, ""discount_rate"": 52.0}"
지그재그,[🍁얼리어텀 52%][살안타템/MADE/뉴버전/10만장돌파]온리 프리미엄 쿨 니트 가디건 (S-L/여름가디건/데일리룩/출근룩/여름아우터/레이어드/레드가디건/라운드넥/브이넥),[🍁얼리어텀 52%][살안타템/made/뉴버전/10만장돌파]온리 프리미엄 쿨 니트 가디건 (s-l/여름가디건/데일리룩/출근룩/여름아우터/레이어드/레드가디건/라운드넥/브이넥),,,,드리머,스포츠·액티브,"{""shop_id"": ""88"", ""shop_name"": ""케이클럽"", ""sale_price"": 17760, ""category_id"": ""327"", ""review_count"": 5991, ""discount_rate"": 58.0}"
지그재그,Eyelet Round Cardigan [Navy],eyelet round cardigan [navy],,,,라끄,스포츠·액티브,"{""shop_id"": ""11356"", ""shop_name"": ""로제프란츠"", ""sale_price"": 35100, ""category_id"": ""327"", ""review_count"": 5253, ""discount_rate"": 41.0}"
지그재그,[made] 글로우 가디건,[made] 글로우 가디건,,,,라이딩하이,스포츠·액티브,"{""shop_id"": ""55589"", ""shop_name"": ""제니오"", ""sale_price"": 30400, ""category_id"": ""327"", ""review_count"": 178, ""discount_rate"": 29.0}"
지그재그,[1등🏆누적9만장/후기보장🎀/자체제작] 슈어럽 찰랑 레이어드 여리핏 골지 가디건 티셔츠(버튼/꾸안꾸/베이직/기본/하객룩/청순),[1등🏆누적9만장/후기보장🎀/자체제작] 슈어럽 찰랑 레이어드 여리핏 골지 가디건 티셔츠(버튼/꾸안꾸/베이직/기본/하객룩/청순),,,,디써티원,스포츠·액티브,"{""shop_id"": ""8929"", ""shop_name"": ""나이니"", ""sale_price"": 17010, ""category_id"": ""327"", ""review_count"": 17133, ""discount_rate"": 23.0}"
지그재그,[예약판매]하이넥 페이크레더 자켓_MIWJLG947C,[예약판매]하이넥 페이크레더 자켓_miwjlg947c,,,,드림월드,,"{""shop_id"": ""11864"", ""shop_name"": ""미쏘"", ""sale_price"": 92550, ""category_id"": ""307"", ""review_count"": 21, ""discount_rate"": 28.0}"
지그재그,[직잭단독💖] 하이넥 블루종_SPJJG49W01,[직잭단독💖] 하이넥 블루종_spjjg49w01,,,,디그노루시르,국내 컨템포러리·디자이너,"{""shop_id"": ""25938"", ""shop_name"": ""스파오"", ""sale_price"": 71910, ""category_id"": ""315"", ""review_count"": 14, ""discount_rate"": 10.0}"
지그재그,"[얼리어텀] [단독컬러] [전지현,장원영 착용/5만천장돌파/MADE] 프롬 골지 쉘 버튼 가디건 (당일출고/간절기/가을/롱슬리브/출근룩/여행룩/브라운/카키/퍼플)","[얼리어텀] [단독컬러] [전지현,장원영 착용/5만천장돌파/made] 프롬 골지 쉘 버튼 가디건 (당일출고/간절기/가을/롱슬리브/출근룩/여행룩/브라운/카키/퍼플)",,,,디아스토리,스포츠·액티브,"{""shop_id"": ""176"", ""shop_name"": ""커먼유니크"", ""sale_price"": 25600, ""category_id"": ""327"", ""review_count"": 9956, ""discount_rate"": 38.0}"
지그재그,[살안타템][ofm] 플레인 썸머 스탠다드 가디건 (cd),[살안타템][ofm] 플레인 썸머 스탠다드 가디건 (cd),,,,디미트리블랙,스포츠·액티브,"{""shop_id"": ""786"", ""shop_name"": ""메리어라운드"", ""sale_price"": 15520, ""category_id"": ""327"", ""review_count"": 1207, ""discount_rate"": 51.0}"
지그재그,"올랑 R 소프트 하찌 가디건 (다크 네이비), (free)","올랑 r 소프트 하찌 가디건 (다크 네이비), (free)",,,,드파시온,스포츠·액티브,"{""shop_id"": ""6817"", ""shop_name"": ""사색"", ""sale_price"": 41300, ""category_id"": ""327"", ""review_count"": 188, ""discount_rate"": 7.0}"
지그재그,[MADE/여리핏]소르베 라운드 골지 가디건,[made/여리핏]소르베 라운드 골지 가디건,,,,디아레,스포츠·액티브,"{""shop_id"": ""4600"", ""shop_name"": ""베이델리"", ""sale_price"": 22770, ""category_id"": ""327"", ""review_count"": 9721, ""discount_rate"": 31.0}"
지그재그,V넥 변형 자켓_MIWJKG90QC,v넥 변형 자켓_miwjkg90qc,,,,드림월드,국내 캐주얼·스트릿,"{""shop_id"": ""11864"", ""shop_name"": ""미쏘"", ""sale_price"": 71170, ""category_id"": ""305"", ""review_count"": 42, ""discount_rate"": 29.0}"
지그재그,[🍂가을][mlt] 케인 하이넥 하프 트렌치 코트,[🍂가을][mlt] 케인 하이넥 하프 트렌치 코트,,,,드퐁,기타 액세서리,"{""shop_id"": ""55187"", ""shop_name"": ""모렌트"", ""sale_price"": 62370, ""category_id"": ""296"", ""review_count"": 17, ""discount_rate"": 46.0}"
지그재그,[✨단독기획/여름가디건] 알레 골지 살안타 가디건,[✨단독기획/여름가디건] 알레 골지 살안타 가디건,,,,랩12,스포츠·액티브,"{""shop_id"": ""31182"", ""shop_name"": ""모어댄슈가"", ""sale_price"": 15750, ""category_id"": ""327"", ""review_count"": 202, ""discount_rate"": 21.0}"
지그재그,[30% 깜짝 쿠폰][무료배송] 보이핏 히든 버튼 레더 블루종_Subtle Brown,[30% 깜짝 쿠폰][무료배송] 보이핏 히든 버튼 레더 블루종_subtle brown,,,,디나이언트,국내 컨템포러리·디자이너,"{""shop_id"": ""55213"", ""shop_name"": ""하네"", ""sale_price"": 92900, ""category_id"": ""315"", ""review_count"": 311, ""discount_rate"": 60.0}"
지그재그,[🍁얼리어텀 60%][살안타템/MADE/뉴컬러]오브유 자개 린넨 긴팔 가디건 (S-M/5천장돌파/장마룩/바캉스룩/데일리룩/데이트룩/린넨가디건/여름가디건/시스루가디건),[🍁얼리어텀 60%][살안타템/made/뉴컬러]오브유 자개 린넨 긴팔 가디건 (s-m/5천장돌파/장마룩/바캉스룩/데일리룩/데이트룩/린넨가디건/여름가디건/시스루가디건),,,,드리머,스포츠·액티브,"{""shop_id"": ""88"", ""shop_name"": ""케이클럽"", ""sale_price"": 14780, ""category_id"": ""327"", ""review_count"": 939, ""discount_rate"": 65.0}"
지그재그,[가을아우터][역대급판매량자켓][ofm] 페이보릿 클래식 (jk),[가을아우터][역대급판매량자켓][ofm] 페이보릿 클래식 (jk),,,,디미트리블랙,,"{""shop_id"": ""786"", ""shop_name"": ""메리어라운드"", ""sale_price"": 53070, ""category_id"": ""306"", ""review_count"": 12828, ""discount_rate"": 37.0}"
지그재그,[예약판매]하이넥 점퍼_MIWJJG92QC,[예약판매]하이넥 점퍼_miwjjg92qc,,,,드림월드,신발·스니커즈,"{""shop_id"": ""11864"", ""shop_name"": ""미쏘"", ""sale_price"": 92550, ""category_id"": ""314"", ""review_count"": 34, ""discount_rate"": 28.0}"
지그재그,[made]핸더하프야상,[made]핸더하프야상,,,,디스커버리 익스페디션,글로벌 스포츠·캐주얼,"{""shop_id"": ""7320"", ""shop_name"": ""어텀"", ""sale_price"": 63200, ""category_id"": ""320"", ""review_count"": 140, ""discount_rate"": 20.0}"
지그재그,[지금하네][해서영 Pick][30% 쿠폰][무료배송]오버핏 포켓 레더 블루종_Deep Black,[지금하네][해서영 pick][30% 쿠폰][무료배송]오버핏 포켓 레더 블루종_deep black,,,,디나이언트,,"{""shop_id"": ""55213"", ""shop_name"": ""하네"", ""sale_price"": 98420, ""category_id"": ""307"", ""review_count"": 36, ""discount_rate"": 52.0}"
지그재그,[에센셜] 라운드넥/브이넥 가디건_MIWCKG910T/MIWCKG920T,[에센셜] 라운드넥/브이넥 가디건_miwckg910t/miwckg920t,,,,드림월드,스포츠·액티브,"{""shop_id"": ""11864"", ""shop_name"": ""미쏘"", ""sale_price"": 26530, ""category_id"": ""327"", ""review_count"": 3768, ""discount_rate"": 34.0}"
지그재그,[최실장PICK][🍂가을][mlt] 위버 오버핏 코튼 야상,[최실장pick][🍂가을][mlt] 위버 오버핏 코튼 야상,,,,드퐁,글로벌 스포츠·캐주얼,"{""shop_id"": ""55187"", ""shop_name"": ""모렌트"", ""sale_price"": 63630, ""category_id"": ""320"", ""review_count"": 12, ""discount_rate"": 47.0}"
지그재그,소프트 라운드넥 자켓_MIWJKGT2PG,소프트 라운드넥 자켓_miwjkgt2pg,,,,드림월드,국내 캐주얼·스트릿,"{""shop_id"": ""11864"", ""shop_name"": ""미쏘"", ""sale_price"": 71170, ""category_id"": ""305"", ""review_count"": 693, ""discount_rate"": 29.0}"
지그재그,[신상컬러💖] [COOL] 썸머 골지 카디건_SPCKG24G02,[신상컬러💖] [cool] 썸머 골지 카디건_spckg24g02,,,,디그노루시르,스포츠·액티브,"{""shop_id"": ""25938"", ""shop_name"": ""스파오"", ""sale_price"": 26910, ""category_id"": ""327"", ""review_count"": 5510, ""discount_rate"": 10.0}"
지그재그,[🍁얼리어텀 32%][살안타템/MADE/뉴컬러]가엔드 슬림 골지 가디건 (S-L/간절기/가을가디건/슬림핏/라운드넥가디건/데일리룩/출근룩/레이어드가디건),[🍁얼리어텀 32%][살안타템/made/뉴컬러]가엔드 슬림 골지 가디건 (s-l/간절기/가을가디건/슬림핏/라운드넥가디건/데일리룩/출근룩/레이어드가디건),,,,드리머,스포츠·액티브,"{""shop_id"": ""88"", ""shop_name"": ""케이클럽"", ""sale_price"": 14340, ""category_id"": ""327"", ""review_count"": 172, ""discount_rate"": 40.0}"
지그재그,[🍁얼리어텀 44%][MADE/3만장돌파]매그 노카라 반팔 트위드 자켓 (S-L/하객룩/데이트룩/반팔트위드/여름자켓/하객룩트위드/라운드넥자켓/하객룩자켓/여름아우터),[🍁얼리어텀 44%][made/3만장돌파]매그 노카라 반팔 트위드 자켓 (s-l/하객룩/데이트룩/반팔트위드/여름자켓/하객룩트위드/라운드넥자켓/하객룩자켓/여름아우터),,,,드리머,,"{""shop_id"": ""88"", ""shop_name"": ""케이클럽"", ""sale_price"": 14960, ""category_id"": ""311"", ""review_count"": 1195, ""discount_rate"": 76.0}"
지그재그,[🍂AUTUMN20%][MADE] mjk467 헤일리 오버핏 레더 자켓,[🍂autumn20%][made] mjk467 헤일리 오버핏 레더 자켓,,,,디프,,"{""shop_id"": ""1988"", ""shop_name"": ""에드모어"", ""sale_price"": 59500, ""category_id"": ""307"", ""review_count"": 6467, ""discount_rate"": 30.0}"
지그재그,[신세틱레더] 스웨이드 테일러드 재킷_SPJLG49W01,[신세틱레더] 스웨이드 테일러드 재킷_spjlg49w01,,,,디그노루시르,,"{""shop_id"": ""25938"", ""shop_name"": ""스파오"", ""sale_price"": 80910, ""category_id"": ""307"", ""review_count"": 2818, ""discount_rate"": 10.0}"
지그재그,[가을🍂] 에센셜 플레인 가디건 TRCK269B1,[가을🍂] 에센셜 플레인 가디건 trck269b1,,,,라이크 어 모즈,스포츠·액티브,"{""shop_id"": ""60549"", ""shop_name"": ""트렌드컬렉션"", ""sale_price"": 29920, ""category_id"": ""327"", ""discount_rate"": 25.0}"
지그재그,"[New컬러추가💚][살안타템/간절기가디건] 썸머 쿨 가디건 (긴팔가디건,여름긴팔,크롭가디건,쿨링,썸머가디건,냉방병,휴양지,바캉스,장마룩,페스티벌룩,흠뻑쇼,레이어드 간걸지","[new컬러추가💚][살안타템/간절기가디건] 썸머 쿨 가디건 (긴팔가디건,여름긴팔,크롭가디건,쿨링,썸머가디건,냉방병,휴양지,바캉스,장마룩,페스티벌룩,흠뻑쇼,레이어드 간걸지",,,,디셈버텐,스포츠·액티브,"{""shop_id"": ""92"", ""shop_name"": ""고고싱"", ""sale_price"": 16020, ""category_id"": ""327"", ""review_count"": 1550, ""discount_rate"": 46.0}"
지그재그,바이커자켓_MIWJLG90QG,바이커자켓_miwjlg90qg,,,,드림월드,해외 럭셔리·컨템포러리,"{""shop_id"": ""11864"", ""shop_name"": ""미쏘"", ""sale_price"": 92550, ""category_id"": ""316"", ""review_count"": 42, ""discount_rate"": 28.0}"
지그재그,사이드 스트링 가디건_MIWCKG92QT,사이드 스트링 가디건_miwckg92qt,,,,드림월드,스포츠·액티브,"{""shop_id"": ""11864"", ""shop_name"": ""미쏘"", ""sale_price"": 33180, ""category_id"": ""327"", ""review_count"": 309, ""discount_rate"": 34.0}"
지그재그,🚀[🎉니트버전!][자체제작] 마레 나그랑 심볼 가디건 & 니트 (라운드/브이) -10 color,🚀[🎉니트버전!][자체제작] 마레 나그랑 심볼 가디건 & 니트 (라운드/브이) -10 color,,,,떨스티,스포츠·액티브,"{""shop_id"": ""3278"", ""shop_name"": ""히니크"", ""sale_price"": 27280, ""category_id"": ""327"", ""review_count"": 783, ""discount_rate"": 39.0}"
지그재그,미드랭스 워싱 야상  애쉬 (356839SM14),미드랭스 워싱 야상 애쉬 (356839sm14),,,,레브,국내 컨템포러리·디자이너,"{""shop_id"": ""14875"", ""shop_name"": ""에잇세컨즈"", ""sale_price"": 67420, ""category_id"": ""315"", ""review_count"": 3, ""discount_rate"": 25.0}"
지그재그,나이키 써마핏 ADV 러닝 자켓 FB7557-010,나이키 써마핏 adv 러닝 자켓 fb7557-010,,,,라츠유,해외 럭셔리·컨템포러리,"{""shop_id"": ""16272"", ""shop_name"": ""나이키"", ""sale_price"": 221600, ""category_id"": ""316"", ""review_count"": 1, ""discount_rate"": 33.0}"
지그재그,"젤라 크롭트 슬림 가디건 (블랙), (free)","젤라 크롭트 슬림 가디건 (블랙), (free)",,,,드파시온,스포츠·액티브,"{""shop_id"": ""6817"", ""shop_name"": ""사색"", ""sale_price"": 36800, ""category_id"": ""327"", ""review_count"": 30, ""discount_rate"": 8.0}"
지그재그,[by LAROOM] 캐롯가디건세트,[by laroom] 캐롯가디건세트,,,,디에봇,스포츠·액티브,"{""shop_id"": ""3847"", ""shop_name"": ""라룸"", ""sale_price"": 48000, ""category_id"": ""327"", ""review_count"": 2071, ""discount_rate"": 20.0}"
지그재그,[made]썸머크루즈가디건,[made]썸머크루즈가디건,,,,디스커버리 익스페디션,스포츠·액티브,"{""shop_id"": ""7320"", ""shop_name"": ""어텀"", ""sale_price"": 11610, ""category_id"": ""327"", ""review_count"": 915, ""discount_rate"": 67.0}"
지그재그,쉬폰 러플 크롭 오픈 가디건 - White [여름가디건/휴양지가디건],쉬폰 러플 크롭 오픈 가디건 - white [여름가디건/휴양지가디건],,,,라모드마키,스포츠·액티브,"{""shop_id"": ""792"", ""shop_name"": ""비키니밴더"", ""sale_price"": 24750, ""category_id"": ""327"", ""review_count"": 717, ""discount_rate"": 25.0}"
지그재그,CASHMERE BLENDED WOOL CARDIGAN [TIFA04CD01]_lvory,cashmere blended wool cardigan [tifa04cd01]_lvory,,,,딥센스,스포츠·액티브,"{""shop_id"": ""62359"", ""shop_name"": ""틸아이다이"", ""sale_price"": 84580, ""category_id"": ""327"", ""review_count"": 1, ""discount_rate"": 22.0}"
지그재그,[2.8만장돌파✨/단독 컬러💖] 스티브 패커블 윈드브레이커 / WHJJG2411U,[2.8만장돌파✨/단독 컬러💖] 스티브 패커블 윈드브레이커 / whjjg2411u,,,,라이프워크,해외 럭셔리·컨템포러리,"{""shop_id"": ""40027"", ""shop_name"": ""후아유"", ""sale_price"": 29950, ""category_id"": ""316"", ""review_count"": 2522, ""discount_rate"": 50.0}"
지그재그,시즌오프⚡[직진배송/7천장돌파][MNLB] 브리 썸머 시스루 린넨 골지 브이넥 가디건,시즌오프⚡[직진배송/7천장돌파][mnlb] 브리 썸머 시스루 린넨 골지 브이넥 가디건,,,,드파운드,스포츠·액티브,"{""shop_id"": ""202"", ""shop_name"": ""디어먼트"", ""sale_price"": 14580, ""category_id"": ""327"", ""review_count"": 830, ""discount_rate"": 64.0}"
지그재그,[라이트VER 추가]하이넥 체크 배색 점퍼_MIWJJG411B/MIWJJG51QB,[라이트ver 추가]하이넥 체크 배색 점퍼_miwjjg411b/miwjjg51qb,,,,드림월드,신발·스니커즈,"{""shop_id"": ""11864"", ""shop_name"": ""미쏘"", ""sale_price"": 34960, ""category_id"": ""314"", ""review_count"": 177, ""discount_rate"": 65.0}"
지그재그,[🩷살안타템/MADE]라이 실키 블렌드 가디건(+NEW컬러)(자체제작 제작상품 가디건 블렌드니트 실키니트 실키블렌드가디건 살안타니트 살안타가디건 여름가디건),[🩷살안타템/made]라이 실키 블렌드 가디건(+new컬러)(자체제작 제작상품 가디건 블렌드니트 실키니트 실키블렌드가디건 살안타니트 살안타가디건 여름가디건),,,,디아도라,스포츠·액티브,"{""shop_id"": ""701"", ""shop_name"": ""메이빈스"", ""sale_price"": 19800, ""category_id"": ""327"", ""review_count"": 472, ""discount_rate"": 29.0}"
지그재그,[5천장돌파][살안타템/6컬러]소르베 오픈 긴팔 가디건 / 가을 개강룩 데이트룩 시스루 얇은 올리브 텐셀 여리 슬림핏 시어 레이어드 찰랑 기본 팔뚝커버 사무실 숏 휴양지룩,[5천장돌파][살안타템/6컬러]소르베 오픈 긴팔 가디건 / 가을 개강룩 데이트룩 시스루 얇은 올리브 텐셀 여리 슬림핏 시어 레이어드 찰랑 기본 팔뚝커버 사무실 숏 휴양지룩,,,,디올,스포츠·액티브,"{""shop_id"": ""42932"", ""shop_name"": ""니스휴"", ""sale_price"": 20160, ""category_id"": ""327"", ""review_count"": 153, ""discount_rate"": 51.0}"
지그재그,[따로또같이][살안타템/주름X][MADE] 제오라 플리츠 보트넥 나시 + 긴팔가디건set(44~110) (빅사이즈세트-투피스세트-가디건세트-나시세트-여름가디건-보트넥나시),[따로또같이][살안타템/주름x][made] 제오라 플리츠 보트넥 나시 + 긴팔가디건set(44~110) (빅사이즈세트-투피스세트-가디건세트-나시세트-여름가디건-보트넥나시),,,,디망쉬,스포츠·액티브,"{""shop_id"": ""216"", ""shop_name"": ""핫핑"", ""sale_price"": 31920, ""category_id"": ""327"", ""review_count"": 135, ""discount_rate"": 26.0}"
지그재그,[여리핏/울함유][MADE]스테디 골지 라운드 크롭 니트 가디건 (8color),[여리핏/울함유][made]스테디 골지 라운드 크롭 니트 가디건 (8color),,,,디스코도넛,스포츠·액티브,"{""shop_id"": ""8533"", ""shop_name"": ""프렌치오브"", ""sale_price"": 28460, ""category_id"": ""327"", ""review_count"": 471, ""discount_rate"": 30.0}"
지그재그,(woman) VTG 워시드 필드 자켓_Khaki,(woman) vtg 워시드 필드 자켓_khaki,,,,디키즈,국내 캐주얼·스트릿,"{""shop_id"": ""55960"", ""shop_name"": ""무드인사이드우먼"", ""sale_price"": 62320, ""category_id"": ""305"", ""review_count"": 1, ""discount_rate"": 55.0}"
지그재그,[1만장판매🏆/자체제작] 안타라 찰랑 레이어드 골지 긴팔 가디건 (휴양지/여행룩/공항룩),[1만장판매🏆/자체제작] 안타라 찰랑 레이어드 골지 긴팔 가디건 (휴양지/여행룩/공항룩),,,,디써티원,스포츠·액티브,"{""shop_id"": ""8929"", ""shop_name"": ""나이니"", ""sale_price"": 16110, ""category_id"": ""327"", ""review_count"": 1665, ""discount_rate"": 26.0}"
지그재그,[UV차단] 라이트 후드 윈드브레이커_SPJJG25G01,[uv차단] 라이트 후드 윈드브레이커_spjjg25g01,,,,디그노루시르,해외 럭셔리·컨템포러리,"{""shop_id"": ""25938"", ""shop_name"": ""스파오"", ""sale_price"": 24900, ""category_id"": ""316"", ""review_count"": 9180, ""discount_rate"": 38.0}"
지그재그,스탠카라 집업 자켓_MIWJLGT0PB,스탠카라 집업 자켓_miwjlgt0pb,,,,드림월드,신발·스니커즈,"{""shop_id"": ""11864"", ""shop_name"": ""미쏘"", ""sale_price"": 71170, ""category_id"": ""314"", ""review_count"": 4965, ""discount_rate"": 29.0}"
지그재그,"예가체프 R 파인울 가디건 (마젠타 로즈), (free)","예가체프 r 파인울 가디건 (마젠타 로즈), (free)",,,,드파시온,스포츠·액티브,"{""shop_id"": ""6817"", ""shop_name"": ""사색"", ""sale_price"": 42700, ""category_id"": ""327"", ""review_count"": 44, ""discount_rate"": 7.0}"
지그재그,[해서영 Pick][핸드메이드]엔케이스 레글런 울 하프코트_Cream,[해서영 pick][핸드메이드]엔케이스 레글런 울 하프코트_cream,,,,디나이언트,,"{""shop_id"": ""55213"", ""shop_name"": ""하네"", ""sale_price"": 164920, ""category_id"": ""4070"", ""discount_rate"": 40.0}"
지그재그,[made]캐븐 썸머 골지 가디건,[made]캐븐 썸머 골지 가디건,,,,디어류,스포츠·액티브,"{""shop_id"": ""58775"", ""shop_name"": ""포네크"", ""sale_price"": 15840, ""category_id"": ""327"", ""review_count"": 208, ""discount_rate"": 28.0}"
지그재그,[얼리어텀] [유진PICK] 레던 더블 버튼 루즈 롱 트렌치 코트 (당일출고/가을/간절기/데일리룩/일상룩/페미닌룩/포멀룩/출근룩/데이트룩),[얼리어텀] [유진pick] 레던 더블 버튼 루즈 롱 트렌치 코트 (당일출고/가을/간절기/데일리룩/일상룩/페미닌룩/포멀룩/출근룩/데이트룩),,,,디아스토리,기타 액세서리,"{""shop_id"": ""176"", ""shop_name"": ""커먼유니크"", ""sale_price"": 75610, ""category_id"": ""296"", ""review_count"": 7, ""discount_rate"": 37.0}"
지그재그,[🏆가을가디건1위/재구매폭주] made. 플레인 데이베이직 가디건 - 9 color,[🏆가을가디건1위/재구매폭주] made. 플레인 데이베이직 가디건 - 9 color,,,,드릭스,스포츠·액티브,"{""shop_id"": ""2833"", ""shop_name"": ""슬로우앤드"", ""sale_price"": 17010, ""category_id"": ""327"", ""review_count"": 8272, ""discount_rate"": 56.0}"
지그재그,[🍁얼리어텀 60%][살안타템/MADE]온리 프리미엄 썸머 팬던트 린넨 니트 가디건 (S-L/1천장돌파/장마룩/라운드넥가디건/여름가디건/골지가디건/올리브가디건/데일리룩/출근룩),[🍁얼리어텀 60%][살안타템/made]온리 프리미엄 썸머 팬던트 린넨 니트 가디건 (s-l/1천장돌파/장마룩/라운드넥가디건/여름가디건/골지가디건/올리브가디건/데일리룩/출근룩),,,,드리머,스포츠·액티브,"{""shop_id"": ""88"", ""shop_name"": ""케이클럽"", ""sale_price"": 10560, ""category_id"": ""327"", ""review_count"": 309, ""discount_rate"": 75.0}"
지그재그,가성비 자켓 | 면접용 베스트! 단정한 기본정장자켓,가성비 자켓 | 면접용 베스트! 단정한 기본정장자켓,,,,라코스테,,"{""shop_id"": ""1500"", ""shop_name"": ""더웨이나인"", ""sale_price"": 39760, ""category_id"": ""306"", ""review_count"": 1375, ""discount_rate"": 83.0}"
지그재그,[🤍긴팔가디건!] made. 플레인 여리핏 썸머가디건 - 7 color,[🤍긴팔가디건!] made. 플레인 여리핏 썸머가디건 - 7 color,,,,드릭스,스포츠·액티브,"{""shop_id"": ""2833"", ""shop_name"": ""슬로우앤드"", ""sale_price"": 24210, ""category_id"": ""327"", ""review_count"": 5814, ""discount_rate"": 46.0}"
지그재그,[지금하네][30% 쿠폰][무료배송]플레인 버클 자켓_Beige,[지금하네][30% 쿠폰][무료배송]플레인 버클 자켓_beige,,,,디나이언트,국내 캐주얼·스트릿,"{""shop_id"": ""55213"", ""shop_name"": ""하네"", ""sale_price"": 78470, ""category_id"": ""305"", ""review_count"": 431, ""discount_rate"": 51.0}"
지그재그,[🍁가을]니트(Knit) 헤어사 브이넥(V-neck) 크롭 가디건 4color,[🍁가을]니트(knit) 헤어사 브이넥(v-neck) 크롭 가디건 4color,,,,레노마 유니버스,스포츠·액티브,"{""shop_id"": ""60519"", ""shop_name"": ""아워마이러"", ""sale_price"": 21800, ""category_id"": ""327"", ""review_count"": 3, ""discount_rate"": 52.0}"
지그재그,[🍁가을/MNQ] 리들리 하이넥 워싱 야상 자켓,[🍁가을/mnq] 리들리 하이넥 워싱 야상 자켓,,,,디그,글로벌 스포츠·캐주얼,"{""shop_id"": ""9512"", ""shop_name"": ""매니크"", ""sale_price"": 39600, ""category_id"": ""320"", ""review_count"": 24, ""discount_rate"": 56.0}"
지그재그,"[살안타템💙여름가디건] 린넨 박시 아방 가디건 (벌룬소매,여리핏,세미크롭,여름긴팔,썸머가디건,시스루,냉방병,휴양지,바캉스,장마룩,페스티벌,흠뻑쇼,레이어드가디건)","[살안타템💙여름가디건] 린넨 박시 아방 가디건 (벌룬소매,여리핏,세미크롭,여름긴팔,썸머가디건,시스루,냉방병,휴양지,바캉스,장마룩,페스티벌,흠뻑쇼,레이어드가디건)",,,,디셈버텐,스포츠·액티브,"{""shop_id"": ""92"", ""shop_name"": ""고고싱"", ""sale_price"": 22320, ""category_id"": ""327"", ""review_count"": 1217, ""discount_rate"": 34.0}"
지그재그,[가을🍂] 에센셜 스트라이프 가디건 TRCK269B2,[가을🍂] 에센셜 스트라이프 가디건 trck269b2,,,,라이크 어 모즈,스포츠·액티브,"{""shop_id"": ""60549"", ""shop_name"": ""트렌드컬렉션"", ""sale_price"": 29920, ""category_id"": ""327"", ""discount_rate"": 25.0}"
지그재그,Basic Linen Cardigan [6color],basic linen cardigan [6color],,,,디어시스,스포츠·액티브,"{""shop_id"": ""22289"", ""shop_name"": ""드헤베"", ""sale_price"": 36620, ""category_id"": ""327"", ""review_count"": 524, ""discount_rate"": 45.0}"
지그재그,"[엠디픽,9가지컬러💕] 드뮤트 심플 라운드넥 루즈핏 울 가디건 89557","[엠디픽,9가지컬러💕] 드뮤트 심플 라운드넥 루즈핏 울 가디건 89557",,,,뚜누,,"{""price"": 18900, ""shop_id"": ""862"", ""shop_name"": ""공구우먼"", ""discount_rate"": 5}"
지그재그,"[단독][🎀HOT,주문폭주🚚] 르보 나시+가디건 세트 4color [크롭/볼레로/셔링/레이스/물결/가을/간절기/가을코디/하객룩/여행룩/데일리룩/데이트룩/페미닌]","[단독][🎀hot,주문폭주🚚] 르보 나시+가디건 세트 4color [크롭/볼레로/셔링/레이스/물결/가을/간절기/가을코디/하객룩/여행룩/데일리룩/데이트룩/페미닌]",,,,락피쉬웨더웨어,스포츠·액티브,"{""shop_id"": ""7355"", ""shop_name"": ""리썸데이"", ""sale_price"": 36300, ""category_id"": ""327"", ""review_count"": 1873, ""discount_rate"": 34.0}"
지그재그,[바스락💕/made] 레니아 크롭 바람막이 (6color),[바스락💕/made] 레니아 크롭 바람막이 (6color),,,,드리프트아웃,해외 럭셔리·컨템포러리,"{""shop_id"": ""200"", ""shop_name"": ""리얼코코"", ""sale_price"": 12560, ""category_id"": ""316"", ""review_count"": 741, ""discount_rate"": 73.0}"
지그재그,[MADE/살안타템]페일 시스루 긴팔 가디건,[made/살안타템]페일 시스루 긴팔 가디건,,,,디아레,스포츠·액티브,"{""shop_id"": ""4600"", ""shop_name"": ""베이델리"", ""sale_price"": 16350, ""category_id"": ""327"", ""review_count"": 1401, ""discount_rate"": 27.0}"
지그재그,[2만장판매/무료배송] 데얼드 비스코스 라운드 가디건,[2만장판매/무료배송] 데얼드 비스코스 라운드 가디건,,,,디그,스포츠·액티브,"{""shop_id"": ""9512"", ""shop_name"": ""매니크"", ""sale_price"": 22920, ""category_id"": ""327"", ""review_count"": 3459, ""discount_rate"": 45.0}"
지그재그,[MADE] 헤르츠 코튼 하이넥 더블버튼 점퍼,[made] 헤르츠 코튼 하이넥 더블버튼 점퍼,,,,디에스엠티,국내 캐주얼·스트릿,"{""shop_id"": ""517"", ""shop_name"": ""블랙업"", ""sale_price"": 64800, ""category_id"": ""305"", ""review_count"": 25, ""discount_rate"": 23.0}"
지그재그,[made] 리브 볼레로 가디건,[made] 리브 볼레로 가디건,,,,라이딩하이,스포츠·액티브,"{""shop_id"": ""55589"", ""shop_name"": ""제니오"", ""sale_price"": 32800, ""category_id"": ""327"", ""review_count"": 8, ""discount_rate"": 20.0}"
지그재그,[얼리어텀] [유진PICK] [MADE] 라디엘 베이직 라운드 니트 가디건 (당일출고/간절기/가을/레이어드/포인트/기본템/데일리/캐주얼룩/블루),[얼리어텀] [유진pick] [made] 라디엘 베이직 라운드 니트 가디건 (당일출고/간절기/가을/레이어드/포인트/기본템/데일리/캐주얼룩/블루),,,,디아스토리,스포츠·액티브,"{""shop_id"": ""176"", ""shop_name"": ""커먼유니크"", ""sale_price"": 24480, ""category_id"": ""327"", ""review_count"": 48, ""discount_rate"": 28.0}"
지그재그,[지금하네][30% 쿠폰][무료배송]오버핏 필드 숏 레더 자켓_Subtle Black,[지금하네][30% 쿠폰][무료배송]오버핏 필드 숏 레더 자켓_subtle black,,,,디나이언트,,"{""shop_id"": ""55213"", ""shop_name"": ""하네"", ""sale_price"": 98420, ""category_id"": ""307"", ""review_count"": 101, ""discount_rate"": 52.0}"
지그재그,[문의폭주/무료배송] 바던 로우하프 하이넥 트렌치코트 - 3 color,[문의폭주/무료배송] 바던 로우하프 하이넥 트렌치코트 - 3 color,,,,드릭스,기타 액세서리,"{""shop_id"": ""2833"", ""shop_name"": ""슬로우앤드"", ""sale_price"": 64800, ""category_id"": ""296"", ""discount_rate"": 46.0}"
지그재그,[🍂얼리어텀/두가지넥라인/9천장돌파] made  MOIRE 드무아 라인 자켓 (여름/데일리/데일리룩/출근룩/데이트룩/오피스룩/자켓/하객룩/여름하객룩/봄자켓/반팔자켓),[🍂얼리어텀/두가지넥라인/9천장돌파] made moire 드무아 라인 자켓 (여름/데일리/데일리룩/출근룩/데이트룩/오피스룩/자켓/하객룩/여름하객룩/봄자켓/반팔자켓),,,,디어라이프,국내 캐주얼·스트릿,"{""shop_id"": ""132"", ""shop_name"": ""베니토"", ""sale_price"": 53930, ""category_id"": ""305"", ""review_count"": 1324, ""discount_rate"": 33.0}"
지그재그,[made]멀티윈드점퍼,[made]멀티윈드점퍼,,,,디스커버리 익스페디션,,"{""price"": 26500, ""shop_id"": ""7320"", ""shop_name"": ""어텀"", ""discount_rate"": 81}"
지그재그,[7color/간절기가디건] 바벨 골지 슬림 가디건 (골지가디건-니트가디건-라운드넥가디건-슬림핏가디건-여리핏가디건-긴팔가디건-긴소매가디건-에어컨템-살안타템-기본가디건),[7color/간절기가디건] 바벨 골지 슬림 가디건 (골지가디건-니트가디건-라운드넥가디건-슬림핏가디건-여리핏가디건-긴팔가디건-긴소매가디건-에어컨템-살안타템-기본가디건),,,,디앤에스알,스포츠·액티브,"{""shop_id"": ""34140"", ""shop_name"": ""마이온"", ""sale_price"": 24560, ""category_id"": ""327"", ""review_count"": 88, ""discount_rate"": 35.0}"
지그재그,[🍂얼리어텀/올가을트렌치] made  모네르 하이넥 하프 트렌치 코트 (봄/여름/가을/신상/데일리/데일리룩/출근룩/데이트룩/자켓/아우터/트렌치/하프트렌치/트렌치자켓/트렌치코트/가을자켓/코트/하프코트/개강룩/하이넥),[🍂얼리어텀/올가을트렌치] made 모네르 하이넥 하프 트렌치 코트 (봄/여름/가을/신상/데일리/데일리룩/출근룩/데이트룩/자켓/아우터/트렌치/하프트렌치/트렌치자켓/트렌치코트/가을자켓/코트/하프코트/개강룩/하이넥),,,,디어라이프,,"{""price"": 110800, ""shop_id"": ""132"", ""shop_name"": ""베니토"", ""discount_rate"": 36}"
지그재그,"[S,M,L/여름살안타템✨] 킨즈 잘록핏 워터밤 시스루 긴팔 데일리 캐주얼 무지 쿨링 물놀이 휴양지 팔뚝커버 썸머 가디건","[s,m,l/여름살안타템✨] 킨즈 잘록핏 워터밤 시스루 긴팔 데일리 캐주얼 무지 쿨링 물놀이 휴양지 팔뚝커버 썸머 가디건",,,,딜레탕티즘,,"{""price"": 25900, ""shop_id"": ""9501"", ""shop_name"": ""조이조이"", ""discount_rate"": 10}"
지그재그,[직잭단독🎀]오프숄더 집업_MIWJMG927C,[직잭단독🎀]오프숄더 집업_miwjmg927c,,,,드림월드,,"{""price"": 59900, ""shop_id"": ""11864"", ""shop_name"": ""미쏘"", ""discount_rate"": 34}"
지그재그,[made] 모노 체크 스웨이드 자켓,[made] 모노 체크 스웨이드 자켓,,,,라티젠,,"{""price"": 55000, ""shop_id"": ""56392"", ""shop_name"": ""라온느"", ""discount_rate"": 28}"
지그재그,[살안타템/가볍게툭] 샤베트 시스루 링클 가디건 4978,[살안타템/가볍게툭] 샤베트 시스루 링클 가디건 4978,,,,떼마,,"{""price"": 24000, ""shop_id"": ""11650"", ""shop_name"": ""10가트"", ""discount_rate"": 25}"
지그재그,핀카 데일리 버튼 니트가디건 (8color),핀카 데일리 버튼 니트가디건 (8color),,,,라드,,"{""price"": 29900, ""shop_id"": ""16073"", ""shop_name"": ""르베네"", ""discount_rate"": 27}"
지그재그,라이트 시어 후드 크롭 윈드브레이커_SPJJG37G02,라이트 시어 후드 크롭 윈드브레이커_spjjg37g02,,,,디그노루시르,,"{""price"": 39900, ""shop_id"": ""25938"", ""shop_name"": ""스파오"", ""discount_rate"": 50}"
지그재그,[DEMOOR] 메이 코튼 야상,[demoor] 메이 코튼 야상,,,,디스이즈네버댓,,"{""price"": 93500, ""shop_id"": ""55404"", ""shop_name"": ""드무어"", ""discount_rate"": 44}"
지그재그,유니클로 후리스 스탠드 블루종 플리스 남여공용 487517,유니클로 후리스 스탠드 블루종 플리스 남여공용 487517,,,,레이지,,"{""price"": 72000, ""shop_id"": ""54882"", ""shop_name"": ""유니클로"", ""discount_rate"": 20}"
지그재그,[살안타템☀️/에어컨템][여리핏][MADE] 랄피 라운드넥 긴팔 물결가디건 (44~110) (빅사이즈가디건-살안타템-여름가디건-골지가디건-에어컨템-러블리-체형커버),[살안타템☀️/에어컨템][여리핏][made] 랄피 라운드넥 긴팔 물결가디건 (44~110) (빅사이즈가디건-살안타템-여름가디건-골지가디건-에어컨템-러블리-체형커버),,,,디망쉬,,"{""price"": 34900, ""shop_id"": ""216"", ""shop_name"": ""핫핑"", ""discount_rate"": 24}"
지그재그,[🍁얼리어텀 60%][10만장돌파/MADE]모이브 반팔 골지 니트 가디건 (S-L/데일리룩/데이트룩/여름니트/카라니트/여름가디건/레이어드/여름아우터),[🍁얼리어텀 60%][10만장돌파/made]모이브 반팔 골지 니트 가디건 (s-l/데일리룩/데이트룩/여름니트/카라니트/여름가디건/레이어드/여름아우터),,,,드리머,,"{""price"": 13200, ""shop_id"": ""88"", ""shop_name"": ""케이클럽"", ""discount_rate"": 65}"
지그재그,[🍁가을/MNQ] 레먼 소프트터치 워셔블 라운드넥 가디건,[🍁가을/mnq] 레먼 소프트터치 워셔블 라운드넥 가디건,,,,디그,,"{""price"": 37000, ""shop_id"": ""9512"", ""shop_name"": ""매니크"", ""discount_rate"": 43}"
지그재그,[살안타템/텐셀+울혼방/여름가디건🧊][MADE] 라비레 브이넥 썸머 텐셀가디건 (44~110) (빅사이즈가디건-썸머가디건-여름니트가디건-텐셀가디건-장마-에어컨템-크롭가디건),[살안타템/텐셀+울혼방/여름가디건🧊][made] 라비레 브이넥 썸머 텐셀가디건 (44~110) (빅사이즈가디건-썸머가디건-여름니트가디건-텐셀가디건-장마-에어컨템-크롭가디건),,,,디망쉬,,"{""price"": 32900, ""shop_id"": ""216"", ""shop_name"": ""핫핑"", ""discount_rate"": 25}"
지그재그,[브이넥&라운드넥💙/made] 매니브 긴팔 가디건 (6color),[브이넥&라운드넥💙/made] 매니브 긴팔 가디건 (6color),,,,드리프트아웃,,"{""price"": 29900, ""shop_id"": ""200"", ""shop_name"": ""리얼코코"", ""discount_rate"": 59}"
지그재그,"[MADE:자체제작]살안타 썸머 시스루 가디건[텐셀70%,울30%]","[made:자체제작]살안타 썸머 시스루 가디건[텐셀70%,울30%]",,,,떨스티클럽,,"{""price"": 22800, ""shop_id"": ""485"", ""shop_name"": ""히프나틱"", ""discount_rate"": 55}"
지그재그,스킴스 여리브이 -3kg 가디건 - 6color,스킴스 여리브이 -3kg 가디건 - 6color,,,,딥인블루,,"{""price"": 34000, ""shop_id"": ""858"", ""shop_name"": ""퍼빗"", ""discount_rate"": 24}"
지그재그,[직잭단독🎀]하이넥 하프 트렌치 코트_MIWJTG916C,[직잭단독🎀]하이넥 하프 트렌치 코트_miwjtg916c,,,,드림월드,기타 액세서리,"{""shop_id"": ""11864"", ""shop_name"": ""미쏘"", ""sale_price"": 99000, ""category_id"": ""296"", ""review_count"": 47, ""discount_rate"": 23.0}"
지그재그,[최실장PICK][🍂가을][mlt] 넬리아 소프트 울 캐시 카라 긴소매 니트,[최실장pick][🍂가을][mlt] 넬리아 소프트 울 캐시 카라 긴소매 니트,,,,드퐁,무신사 자체 브랜드,"{""shop_id"": ""55187"", ""shop_name"": ""모렌트"", ""sale_price"": 40950, ""category_id"": ""347"", ""review_count"": 78, ""discount_rate"": 37.0}"
지그재그,[오버핏&크롭💕/럭비티/made] 코이튼 단가라 카라 티셔츠,[오버핏&크롭💕/럭비티/made] 코이튼 단가라 카라 티셔츠,,,,드리프트아웃,,"{""shop_id"": ""200"", ""shop_name"": ""리얼코코"", ""sale_price"": 12560, ""category_id"": ""4072"", ""review_count"": 1795, ""discount_rate"": 78.0}"
지그재그,[무료배송] made. 앤오버 소프트울 라운드니트 - 7 color,[무료배송] made. 앤오버 소프트울 라운드니트 - 7 color,,,,드릭스,,"{""price"": 32900, ""shop_id"": ""2833"", ""shop_name"": ""슬로우앤드"", ""discount_rate"": 37}"
지그재그,[27만장🏆] [하객룩💐] 찰랑셔츠(반팔ver추가) [링클프리],[27만장🏆] [하객룩💐] 찰랑셔츠(반팔ver추가) [링클프리],,,,라이즈앤빌로우,,"{""price"": 29900, ""shop_id"": ""11999"", ""shop_name"": ""클라비스"", ""discount_rate"": 34}"
지그재그,[S.L사이즈추가] French Muse Artwork Tee_RED,[s.l사이즈추가] french muse artwork tee_red,,,,라슬로,,"{""price"": 68000, ""shop_id"": ""59104"", ""shop_name"": ""앤하츠"", ""discount_rate"": 36}"
지그재그,"[S 9/11, M 9/15 순차배송][얼리어텀🍂] 오버랩 레이스 브이넥 세트 ( 2 colors )","[s 9/11, m 9/15 순차배송][얼리어텀🍂] 오버랩 레이스 브이넥 세트 ( 2 colors )",,,,라 메종 스튜디오,,"{""price"": 99000, ""shop_id"": ""9430"", ""shop_name"": ""레터프롬문"", ""discount_rate"": 30}"
지그재그,"[노유진,아무 PICK][made]치트인 브이넥 린넨 오버핏 니트","[노유진,아무 pick][made]치트인 브이넥 린넨 오버핏 니트",,,,디어류,,"{""price"": 26400, ""shop_id"": ""58775"", ""shop_name"": ""포네크"", ""discount_rate"": 43}"
지그재그,[살안타템][ofm] 썸머 스무디 언발 오프숄더 니트 (knit)(린넨12%)(라이오셀28%) *뉴 컬러 추가 ♡,[살안타템][ofm] 썸머 스무디 언발 오프숄더 니트 (knit)(린넨12%)(라이오셀28%) *뉴 컬러 추가 ♡,,,,디미트리블랙,,"{""price"": 29800, ""shop_id"": ""786"", ""shop_name"": ""메리어라운드"", ""discount_rate"": 54}"
지그재그,[✨주문폭주/긴팔니트!] 쿨라이트 썸머 딥브이넥 니트 - 5 color,[✨주문폭주/긴팔니트!] 쿨라이트 썸머 딥브이넥 니트 - 5 color,,,,드릭스,,"{""price"": 22900, ""shop_id"": ""2833"", ""shop_name"": ""슬로우앤드"", ""discount_rate"": 41}"
지그재그,[살안타템/누적5천장🥇] 포플 딥 브이넥 가을 긴팔 니트,[살안타템/누적5천장🥇] 포플 딥 브이넥 가을 긴팔 니트,,,,러프사이드,,"{""price"": 32000, ""shop_id"": ""6552"", ""shop_name"": ""샌드포유"", ""discount_rate"": 24}"
지그재그,[3만장돌파🏆/썸머BEST/살안타템]마레트 체크 셔츠(셔츠 체크셔츠 남방 체크남방 베이직 가을 간절기 가을셔츠 오버핏셔츠 살안타셔츠),[3만장돌파🏆/썸머best/살안타템]마레트 체크 셔츠(셔츠 체크셔츠 남방 체크남방 베이직 가을 간절기 가을셔츠 오버핏셔츠 살안타셔츠),,,,디아도라,,"{""price"": 16900, ""shop_id"": ""701"", ""shop_name"": ""메이빈스"", ""discount_rate"": 34}"
지그재그,[얼리어텀🍁] 마일라 딥 브이넥 니트,[얼리어텀🍁] 마일라 딥 브이넥 니트,,,,라클레르,,"{""price"": 33000, ""shop_id"": ""60462"", ""shop_name"": ""델로르"", ""discount_rate"": 27}"
지그재그,에르고핏 에어코튼 브이넥 캐미탑,에르고핏 에어코튼 브이넥 캐미탑,,,,레터리,,"{""price"": 42900, ""shop_id"": ""4557"", ""shop_name"": ""컴포트랩"", ""discount_rate"": 20}"
지그재그,[가을셔츠🍂/made] 메이킹 스트라이프 셔츠 (반팔/긴팔),[가을셔츠🍂/made] 메이킹 스트라이프 셔츠 (반팔/긴팔),,,,드리프트아웃,,"{""price"": 36900, ""shop_id"": ""200"", ""shop_name"": ""리얼코코"", ""discount_rate"": 74}"
지그재그,"[20%쿠폰][💙여름][직진배송/6만장돌파/S,M,L][MNLB] 하프 클레어 유넥 쫀쫀 슬림 반팔 티셔츠","[20%쿠폰][💙여름][직진배송/6만장돌파/s,m,l][mnlb] 하프 클레어 유넥 쫀쫀 슬림 반팔 티셔츠",,,,드파운드,,"{""price"": 22500, ""shop_id"": ""202"", ""shop_name"": ""디어먼트"", ""discount_rate"": 60}"
지그재그,[품절대란🔥+긴팔ver🍂S-XL/하객룩/여리핏/반팔블라우스/브이넥/린넨/레이스/데이트룩/긴팔블라우스/가을하객룩]세라레이스블라우스 - 3color,[품절대란🔥+긴팔ver🍂s-xl/하객룩/여리핏/반팔블라우스/브이넥/린넨/레이스/데이트룩/긴팔블라우스/가을하객룩]세라레이스블라우스 - 3color,,,,디스이즈파인,,"{""price"": 37900, ""shop_id"": ""5875"", ""shop_name"": ""니썸"", ""discount_rate"": 36}"
지그재그,[mlt] 오데트 레이어드 와이드넥 긴소매 티셔츠 (원숄더가능),[mlt] 오데트 레이어드 와이드넥 긴소매 티셔츠 (원숄더가능),,,,드퐁,,"{""price"": 22000, ""shop_id"": ""55187"", ""shop_name"": ""모렌트"", ""discount_rate"": 41}"
지그재그,라소 골지 슬리브리스 탑 (블랙),라소 골지 슬리브리스 탑 (블랙),,,,드파시온,,"{""price"": 14900, ""shop_id"": ""6817"", ""shop_name"": ""사색"", ""discount_rate"": 5}"
지그재그,[4만장돌파][여리핏/격식룩][MADE] 로즐 플리츠 반팔 블라우스(긴팔/반팔),[4만장돌파][여리핏/격식룩][made] 로즐 플리츠 반팔 블라우스(긴팔/반팔),,,,라이크썸모어,,"{""price"": 24000, ""shop_id"": ""1103"", ""shop_name"": ""퓨어다"", ""discount_rate"": 33}"
지그재그,레이스 언발란스 레이어드 원피스_MIWOWG906B,레이스 언발란스 레이어드 원피스_miwowg906b,,,,드림월드,,"{""shop_id"": ""11864"", ""shop_name"": ""미쏘"", ""sale_price"": 46480, ""category_id"": ""435"", ""review_count"": 35, ""discount_rate"": 34.0}"
지그재그,[자체제작] 마렌 퍼프 쉬폰 배색 레이어드 롱원피스 (2color) - 하객룩 출근룩 오피스룩 비즈니스캐주얼 상견례룩 데이트룩 가을 간절기 반팔 7부 면접룩 정장룩 FW,[자체제작] 마렌 퍼프 쉬폰 배색 레이어드 롱원피스 (2color) - 하객룩 출근룩 오피스룩 비즈니스캐주얼 상견례룩 데이트룩 가을 간절기 반팔 7부 면접룩 정장룩 fw,,,,라드,,"{""shop_id"": ""16073"", ""shop_name"": ""르베네"", ""sale_price"": 70810, ""category_id"": ""435"", ""review_count"": 223, ""discount_rate"": 33.0}"
지그재그,[🤍여름/MADE]라미 쉬폰 미니 원피스(+NEW컬러)(자체제작 제작상품 원피스 미니원피스 쉬폰원피스 쉬폰미니원피스 시어링원피스 데이트룩 하객룩 여름원피스),[🤍여름/made]라미 쉬폰 미니 원피스(+new컬러)(자체제작 제작상품 원피스 미니원피스 쉬폰원피스 쉬폰미니원피스 시어링원피스 데이트룩 하객룩 여름원피스),,,,디아도라,,"{""shop_id"": ""701"", ""shop_name"": ""메이빈스"", ""sale_price"": 43840, ""category_id"": ""413"", ""review_count"": 474, ""discount_rate"": 37.0}"
지그재그,[무료배송][주문폭주]글로우 실크 레이어드 원피스,[무료배송][주문폭주]글로우 실크 레이어드 원피스,,,,라이프워크 키즈,,"{""shop_id"": ""8044"", ""shop_name"": ""그레이스뮤즈"", ""sale_price"": 26820, ""category_id"": ""413"", ""review_count"": 1220, ""discount_rate"": 29.0}"
지그재그,[하객룩✨][13만장] [ordinaire] 썸머 아르테 원피스 (3color/XS-L/단독주문시오늘출발),[하객룩✨][13만장] [ordinaire] 썸머 아르테 원피스 (3color/xs-l/단독주문시오늘출발),,,,디어마이디어,,"{""shop_id"": ""3548"", ""shop_name"": ""가내스라"", ""sale_price"": 46440, ""category_id"": ""435"", ""review_count"": 9769, ""discount_rate"": 39.0}"
지그재그,[🍁가을][누적2만장🔥/MADE/인기폭주!💗] 필립 카라넥 셔츠 허리끈 벨트 하객룩 맥시 롱 원피스(하객룩원피스/데이트룩/출근룩),[🍁가을][누적2만장🔥/made/인기폭주!💗] 필립 카라넥 셔츠 허리끈 벨트 하객룩 맥시 롱 원피스(하객룩원피스/데이트룩/출근룩),,,,디앤드퀘스천,,"{""shop_id"": ""6841"", ""shop_name"": ""루어스룸"", ""sale_price"": 27920, ""category_id"": ""435"", ""review_count"": 992, ""discount_rate"": 65.0}"
지그재그,[가을원피스🤎/하객룩/made] 리브엘 셔링 캉캉 미니원피스 (3color),[가을원피스🤎/하객룩/made] 리브엘 셔링 캉캉 미니원피스 (3color),,,,드리프트아웃,,"{""shop_id"": ""200"", ""shop_name"": ""리얼코코"", ""sale_price"": 25130, ""category_id"": ""413"", ""review_count"": 3437, ""discount_rate"": 52.0}"
지그재그,[단독][~88.99사이즈#하객룩] 플로럴 뷔스티에 원피스,[단독][~88.99사이즈#하객룩] 플로럴 뷔스티에 원피스,,,,디파인,,"{""shop_id"": ""6273"", ""shop_name"": ""빈트더빈"", ""sale_price"": 15600, ""category_id"": ""435"", ""review_count"": 5980, ""discount_rate"": 61.0}"
지그재그,[30% 깜짝 쿠폰][무료배송]텐셀 트위스트 맥시 원피스_Melange Gray,[30% 깜짝 쿠폰][무료배송]텐셀 트위스트 맥시 원피스_melange gray,,,,디나이언트,,"{""shop_id"": ""55213"", ""shop_name"": ""하네"", ""sale_price"": 39760, ""category_id"": ""435"", ""review_count"": 16, ""discount_rate"": 54.0}"
지그재그,[🍁얼리어텀 68%][MADE]힐스 나시 뷔스티에 롱 원피스 (S-M/하객룩/가을하객룩/하객룩원피스/차콜원피스/데이트룩/레이어드원피스/가을원피스),[🍁얼리어텀 68%][made]힐스 나시 뷔스티에 롱 원피스 (s-m/하객룩/가을하객룩/하객룩원피스/차콜원피스/데이트룩/레이어드원피스/가을원피스),,,,드리머,,"{""shop_id"": ""88"", ""shop_name"": ""케이클럽"", ""sale_price"": 24110, ""category_id"": ""435"", ""review_count"": 208, ""discount_rate"": 58.0}"
지그재그,[🍂가을][mlt] 다프네 레이스 새틴 미디 원피스,[🍂가을][mlt] 다프네 레이스 새틴 미디 원피스,,,,드퐁,,"{""shop_id"": ""55187"", ""shop_name"": ""모렌트"", ""sale_price"": 30240, ""category_id"": ""424"", ""review_count"": 272, ""discount_rate"": 51.0}"
지그재그,[🍁가을/무료배송] 라이엇 레이어드 롱 나시 원피스,[🍁가을/무료배송] 라이엇 레이어드 롱 나시 원피스,,,,디그,,"{""shop_id"": ""9512"", ""shop_name"": ""매니크"", ""sale_price"": 28000, ""category_id"": ""435"", ""review_count"": 234, ""discount_rate"": 40.0}"
지그재그,[🍂얼리어텀/하객룩1위🏆/1만장돌파] made  프리미엄 라엔 레이어드 롱 H라인 원피스 (봄/간절기/여름/데일리/데일리룩/출근룩/데이트룩/하객룩/격식룩/오피스룩/원피스/레이어드/레이어드원피스),[🍂얼리어텀/하객룩1위🏆/1만장돌파] made 프리미엄 라엔 레이어드 롱 h라인 원피스 (봄/간절기/여름/데일리/데일리룩/출근룩/데이트룩/하객룩/격식룩/오피스룩/원피스/레이어드/레이어드원피스),,,,디어라이프,,"{""shop_id"": ""132"", ""shop_name"": ""베니토"", ""sale_price"": 57450, ""category_id"": ""435"", ""review_count"": 734, ""discount_rate"": 33.0}"
지그재그,Jenn Round Neck Pleated Half-Sleeve Suit Jacket Dress - Grey,jenn round neck pleated half-sleeve suit jacket dress - grey,,,,라드픽션,,"{""shop_id"": ""17715"", ""shop_name"": ""마우솔레움"", ""sale_price"": 121740, ""category_id"": ""413"", ""review_count"": 6, ""discount_rate"": 39.0}"
지그재그,데니스 홀터 에스닉 언발란스 원피스 [휴양지/여름원피스],데니스 홀터 에스닉 언발란스 원피스 [휴양지/여름원피스],,,,라모드마키,,"{""shop_id"": ""792"", ""shop_name"": ""비키니밴더"", ""sale_price"": 37120, ""category_id"": ""435"", ""review_count"": 207, ""discount_rate"": 33.0}"
지그재그,[🔥주문폭주🔥]다프네 플라워 퍼프 원피스,[🔥주문폭주🔥]다프네 플라워 퍼프 원피스,,,,따따따와,,"{""shop_id"": ""20"", ""shop_name"": ""프롬비기닝"", ""sale_price"": 58400, ""category_id"": ""435"", ""review_count"": 19, ""discount_rate"": 43.0}"
지그재그,[직잭단독✨/데이트룩]칼프 미니 원피스(원피스 미니원피스 여름미니원피스 썸머 여름원피스 러블리 청순 여리 여리원피스),[직잭단독✨/데이트룩]칼프 미니 원피스(원피스 미니원피스 여름미니원피스 썸머 여름원피스 러블리 청순 여리 여리원피스),,,,디아도라,,"{""shop_id"": ""701"", ""shop_name"": ""메이빈스"", ""sale_price"": 21420, ""category_id"": ""413"", ""review_count"": 134, ""discount_rate"": 37.0}"
지그재그,시즌오프⚡[직진배송/5천장돌파][MNLB] 아로마 레이스 라인 스트랩 코튼 롱 원피스,시즌오프⚡[직진배송/5천장돌파][mnlb] 아로마 레이스 라인 스트랩 코튼 롱 원피스,,,,드파운드,,"{""shop_id"": ""202"", ""shop_name"": ""디어먼트"", ""sale_price"": 23170, ""category_id"": ""435"", ""review_count"": 1327, ""discount_rate"": 55.0}"
지그재그,[가을🍁직진배송/4천장돌파][긴팔/반팔][MADE] 클레어 사이드 셔링 여리 스퀘어넥 롱 원피스,[가을🍁직진배송/4천장돌파][긴팔/반팔][made] 클레어 사이드 셔링 여리 스퀘어넥 롱 원피스,,,,드파운드,,"{""shop_id"": ""202"", ""shop_name"": ""디어먼트"", ""sale_price"": 31680, ""category_id"": ""435"", ""review_count"": 444, ""discount_rate"": 36.0}"
지그재그,Made)리네트 숄 셋업 트위드 롱원피스(봄/여름/벨트set/라운드넥/퍼프/반팔/플레어/훌/A라인/페미닌/하객룩/격식룩/모임룩/데이트룩),made)리네트 숄 셋업 트위드 롱원피스(봄/여름/벨트set/라운드넥/퍼프/반팔/플레어/훌/a라인/페미닌/하객룩/격식룩/모임룩/데이트룩),,,,드마크,,"{""shop_id"": ""991"", ""shop_name"": ""프롬데이원"", ""sale_price"": 79840, ""category_id"": ""435"", ""review_count"": 38, ""discount_rate"": 36.0}"
지그재그,리뷰best༞♡Made)아드리엘 타이카라 미니원피스(+5cm추가기장/라운드넥/반팔/세미A라인/데이트룩/하객룩/격식룩/오피스룩),리뷰best༞♡made)아드리엘 타이카라 미니원피스(+5cm추가기장/라운드넥/반팔/세미a라인/데이트룩/하객룩/격식룩/오피스룩),,,,드마크,,"{""shop_id"": ""991"", ""shop_name"": ""프롬데이원"", ""sale_price"": 47090, ""category_id"": ""413"", ""review_count"": 83, ""discount_rate"": 40.0}"
지그재그,"하객룩1위✨Made)르네아 하트 스퀘어넥 퍼프원피스(미니,롱.ver/하객룩/데이트룩/H라인)","하객룩1위✨made)르네아 하트 스퀘어넥 퍼프원피스(미니,롱.ver/하객룩/데이트룩/h라인)",,,,드마크,,"{""shop_id"": ""991"", ""shop_name"": ""프롬데이원"", ""sale_price"": 64760, ""category_id"": ""413"", ""review_count"": 2056, ""discount_rate"": 36.0}"
지그재그,Jenn Pleated Half-Sleeve Suit Jacket Dress - Grey,jenn pleated half-sleeve suit jacket dress - grey,,,,라드픽션,,"{""shop_id"": ""17715"", ""shop_name"": ""마우솔레움"", ""sale_price"": 128480, ""category_id"": ""413"", ""review_count"": 6, ""discount_rate"": 39.0}"
지그재그,리뷰best༞♡Made)르블룸 셋업 트위드 미디원피스(반팔/라운드넥/플레어/A라인/하객룩/격식룩/데이트룩),리뷰best༞♡made)르블룸 셋업 트위드 미디원피스(반팔/라운드넥/플레어/a라인/하객룩/격식룩/데이트룩),,,,드마크,,"{""shop_id"": ""991"", ""shop_name"": ""프롬데이원"", ""sale_price"": 71160, ""category_id"": ""424"", ""review_count"": 124, ""discount_rate"": 36.0}"
지그재그,"[🍁얼리어텀 44%][MADE/뉴컬러/숏,롱]엠프 플라워 뷔스티에 롱 원피스 부유방커버 (S-XL/휴양지룩/여름원피스/휴양지원피스/레이어드원피스/레이어드/나시원피스/스모크밴딩)","[🍁얼리어텀 44%][made/뉴컬러/숏,롱]엠프 플라워 뷔스티에 롱 원피스 부유방커버 (s-xl/휴양지룩/여름원피스/휴양지원피스/레이어드원피스/레이어드/나시원피스/스모크밴딩)",,,,드리머,,"{""shop_id"": ""88"", ""shop_name"": ""케이클럽"", ""sale_price"": 11440, ""category_id"": ""435"", ""review_count"": 16266, ""discount_rate"": 73.0}"
지그재그,"[55~99착용/8,000장돌파/🏆극찬후기🏆/사계절] 레이 빅사이즈 뷔스티에 레이어드 랩 나시 하객 롱 원피스 (하객룩원피스/하객원피스/빅사이즈하객룩/빅사이즈하객원피스)","[55~99착용/8,000장돌파/🏆극찬후기🏆/사계절] 레이 빅사이즈 뷔스티에 레이어드 랩 나시 하객 롱 원피스 (하객룩원피스/하객원피스/빅사이즈하객룩/빅사이즈하객원피스)",,,,라이더커뮨,,"{""shop_id"": ""25331"", ""shop_name"": ""정이네데일리룩"", ""sale_price"": 60900, ""category_id"": ""435"", ""review_count"": 117, ""discount_rate"": 23.0}"
지그재그,[8천장돌파✨/후기인증/MADE]라린 미니 원피스(+NEW컬러)(자체제작 제작상품 원피스 미니원피스 여름 봄 봄미니원피스 간절기미니원피스 셔링미니원피스 하객룩 데이트룩),[8천장돌파✨/후기인증/made]라린 미니 원피스(+new컬러)(자체제작 제작상품 원피스 미니원피스 여름 봄 봄미니원피스 간절기미니원피스 셔링미니원피스 하객룩 데이트룩),,,,디아도라,,"{""shop_id"": ""701"", ""shop_name"": ""메이빈스"", ""sale_price"": 39840, ""category_id"": ""413"", ""review_count"": 232, ""discount_rate"": 33.0}"
지그재그,[💙여름][직진배송/4만장돌파][MNLB] 슬러쉬 롱ver. 매트 나일론 심플 스티치 나시 원피스 (S/M),[💙여름][직진배송/4만장돌파][mnlb] 슬러쉬 롱ver. 매트 나일론 심플 스티치 나시 원피스 (s/m),,,,드파운드,,"{""shop_id"": ""202"", ""shop_name"": ""디어먼트"", ""sale_price"": 12420, ""category_id"": ""435"", ""review_count"": 5851, ""discount_rate"": 73.0}"
지그재그,"[🍁얼리어텀 32%][MADE/숏,롱]메리 하트넥 트위드 원피스 (S-XL/1만장돌파/하객룩/격식룩/하객룩원피스/가을원피스/미니원피스/롱원피스/가을하객룩)","[🍁얼리어텀 32%][made/숏,롱]메리 하트넥 트위드 원피스 (s-xl/1만장돌파/하객룩/격식룩/하객룩원피스/가을원피스/미니원피스/롱원피스/가을하객룩)",,,,드리머,,"{""shop_id"": ""88"", ""shop_name"": ""케이클럽"", ""sale_price"": 31430, ""category_id"": ""413"", ""review_count"": 1283, ""discount_rate"": 52.0}"
지그재그,[🍁얼리어텀 60%][MADE/3만장돌파]베러즈 데일리 뷔스티에 원피스 부유방커버 (S-L/여름원피스/바캉스룩/휴가룩/휴양지룩/데이트룩/나시원피스/레이어드원피스/휴양지원피스),[🍁얼리어텀 60%][made/3만장돌파]베러즈 데일리 뷔스티에 원피스 부유방커버 (s-l/여름원피스/바캉스룩/휴가룩/휴양지룩/데이트룩/나시원피스/레이어드원피스/휴양지원피스),,,,드리머,,"{""shop_id"": ""88"", ""shop_name"": ""케이클럽"", ""sale_price"": 14080, ""category_id"": ""435"", ""review_count"": 1172, ""discount_rate"": 66.0}"
지그재그,[롱버전추가/2기장][하객룩추천✨/몸매보정핏][MADE] 렌브니 하트넥 쉬폰 배색 플레어 원피스(44~99) (쉬폰원피스-하객룩원피스-하객룩-하트넥원피스-빅사이즈원피스-졸업식),[롱버전추가/2기장][하객룩추천✨/몸매보정핏][made] 렌브니 하트넥 쉬폰 배색 플레어 원피스(44~99) (쉬폰원피스-하객룩원피스-하객룩-하트넥원피스-빅사이즈원피스-졸업식),,,,디망쉬,,"{""shop_id"": ""216"", ""shop_name"": ""핫핑"", ""sale_price"": 39840, ""category_id"": ""435"", ""review_count"": 438, ""discount_rate"": 22.0}"
지그재그,[당일출고] 꿈틀 여름 셀프웨딩 브라이덜샤워 원피스 화이트 핑크 피로연 이브닝 슬리브리스 나시 오프숄더 새틴 롱원피스,[당일출고] 꿈틀 여름 셀프웨딩 브라이덜샤워 원피스 화이트 핑크 피로연 이브닝 슬리브리스 나시 오프숄더 새틴 롱원피스,,,,라피네아뜰리에,,"{""shop_id"": ""11537"", ""shop_name"": ""르뚜앙"", ""sale_price"": 32530, ""category_id"": ""696"", ""review_count"": 274, ""discount_rate"": 34.0}"
지그재그,리뷰best༞♡Made)엘루아 오간자 레이어드 롱원피스(여름/하트스퀘어넥/캡소매/플레어/훌/격식룩/모임룩/하객룩/데이트룩/돌잔치룩/2부드레스),리뷰best༞♡made)엘루아 오간자 레이어드 롱원피스(여름/하트스퀘어넥/캡소매/플레어/훌/격식룩/모임룩/하객룩/데이트룩/돌잔치룩/2부드레스),,,,드마크,,"{""shop_id"": ""991"", ""shop_name"": ""프롬데이원"", ""sale_price"": 72000, ""category_id"": ""435"", ""review_count"": 16, ""discount_rate"": 40.0}"
지그재그,[단독] [5만장돌파🏆/하객룩/made] 슬러쉬 스트링 퍼프 롱원피스,[단독] [5만장돌파🏆/하객룩/made] 슬러쉬 스트링 퍼프 롱원피스,,,,드리프트아웃,,"{""shop_id"": ""200"", ""shop_name"": ""리얼코코"", ""sale_price"": 15440, ""category_id"": ""435"", ""review_count"": 2111, ""discount_rate"": 72.0}"
지그재그,[10만장돌파🏆][미니&롱&/MADE] 백리스 홀터넥 나시 니트 롱원피스 (3color),[10만장돌파🏆][미니&롱&/made] 백리스 홀터넥 나시 니트 롱원피스 (3color),,,,디앤드퀘스천,,"{""shop_id"": ""6841"", ""shop_name"": ""루어스룸"", ""sale_price"": 26320, ""category_id"": ""435"", ""review_count"": 4718, ""discount_rate"": 56.0}"
지그재그,하객룩🖤Made)르네아 하트 스퀘어넥 롱원피스(하객룩/격식룩/데이트룩/H라인),하객룩🖤made)르네아 하트 스퀘어넥 롱원피스(하객룩/격식룩/데이트룩/h라인),,,,드마크,,"{""shop_id"": ""991"", ""shop_name"": ""프롬데이원"", ""sale_price"": 68160, ""category_id"": ""435"", ""review_count"": 274, ""discount_rate"": 36.0}"
지그재그,[🍁얼리어텀 60%][MADE/15만장돌파]슬로우 스트링 원피스 (S-XL/바캉스룩/휴양지룩/데일리룩/하객룩/여름원피스/롱원피스/스트링원피스/라운드넥원피스),[🍁얼리어텀 60%][made/15만장돌파]슬로우 스트링 원피스 (s-xl/바캉스룩/휴양지룩/데일리룩/하객룩/여름원피스/롱원피스/스트링원피스/라운드넥원피스),,,,드리머,,"{""shop_id"": ""88"", ""shop_name"": ""케이클럽"", ""sale_price"": 14960, ""category_id"": ""435"", ""review_count"": 5642, ""discount_rate"": 67.0}"
지그재그,하객룩🖤Made)르벨 하트스퀘어넥 퍼프 미니원피스(+5cm기장추가/벨트set/A라인/7부/데이트룩/오피스룩/격식룩),하객룩🖤made)르벨 하트스퀘어넥 퍼프 미니원피스(+5cm기장추가/벨트set/a라인/7부/데이트룩/오피스룩/격식룩),,,,드마크,,"{""shop_id"": ""991"", ""shop_name"": ""프롬데이원"", ""sale_price"": 72140, ""category_id"": ""413"", ""review_count"": 337, ""discount_rate"": 32.0}"
지그재그,[5천장돌파][여름하객룩✨][키작녀][MADE]폰리 뷔스티에 원피스,[5천장돌파][여름하객룩✨][키작녀][made]폰리 뷔스티에 원피스,,,,라벨아카이브,,"{""shop_id"": ""8867"", ""shop_name"": ""슬로우리스트"", ""sale_price"": 22410, ""category_id"": ""435"", ""review_count"": 301, ""discount_rate"": 59.0}"
지그재그,"[가을신상/하객룩/당일/숏,롱기장/MADE/국내] 히어리 브이넥프릴미니원피스 (단독주문만 당일 출고 가능!)","[가을신상/하객룩/당일/숏,롱기장/made/국내] 히어리 브이넥프릴미니원피스 (단독주문만 당일 출고 가능!)",,,,디퍼런트벗세임,,"{""shop_id"": ""1922"", ""shop_name"": ""스프링콤마"", ""sale_price"": 49600, ""category_id"": ""413"", ""review_count"": 92, ""discount_rate"": 28.0}"
지그재그,[가을🍁원피스/핀턱원피스/미니원피스/원피스/긴팔원피스/레이어드/러블리/하객룩/가을하객룩/출근룩]헤리핀턱미니원피스 - 2color,[가을🍁원피스/핀턱원피스/미니원피스/원피스/긴팔원피스/레이어드/러블리/하객룩/가을하객룩/출근룩]헤리핀턱미니원피스 - 2color,,,,디스이즈파인,,"{""shop_id"": ""5875"", ""shop_name"": ""니썸"", ""sale_price"": 31200, ""category_id"": ""413"", ""review_count"": 304, ""discount_rate"": 33.0}"
지그재그,타이 미니 원피스_SPOWG23W01,타이 미니 원피스_spowg23w01,,,,디그노루시르,,"{""shop_id"": ""25938"", ""shop_name"": ""스파오"", ""sale_price"": 29900, ""category_id"": ""413"", ""review_count"": 77, ""discount_rate"": 50.0}"
지그재그,[5만장판매/MADE] 퍼니첼 펀칭 끈나시 레이어드 롱 원피스 (미니/롱),[5만장판매/made] 퍼니첼 펀칭 끈나시 레이어드 롱 원피스 (미니/롱),,,,뚜오미오,,"{""shop_id"": ""4220"", ""shop_name"": ""데일리쥬"", ""sale_price"": 31600, ""category_id"": ""435"", ""review_count"": 7175, ""discount_rate"": 46.0}"
지그재그,[🍁얼리어텀 68%][MADE]팬터즈 브이넥 셔링 미니 원피스 (S-L/여름원피스/레이어드원피스/브이넥원피스/휴양지룩/데이트룩/데일리룩/캉캉원피스/캡소매),[🍁얼리어텀 68%][made]팬터즈 브이넥 셔링 미니 원피스 (s-l/여름원피스/레이어드원피스/브이넥원피스/휴양지룩/데이트룩/데일리룩/캉캉원피스/캡소매),,,,드리머,,"{""shop_id"": ""88"", ""shop_name"": ""케이클럽"", ""sale_price"": 12930, ""category_id"": ""413"", ""review_count"": 130, ""discount_rate"": 72.0}"
지그재그,[가을NEW신상🍂/고급/가을의하객룩][made] 디벨로 타이 배색 7부 원피스(S~L),[가을new신상🍂/고급/가을의하객룩][made] 디벨로 타이 배색 7부 원피스(s~l),,,,라스트리조트,,"{""shop_id"": ""111"", ""shop_name"": ""악녀일기"", ""sale_price"": 90240, ""category_id"": ""435"", ""review_count"": 9, ""discount_rate"": 46.0}"
지그재그,[🤍일체형/레이어드] made. 세이 셔츠앤 레이어링 니트원피스 (워셔블니트) - 2 size,[🤍일체형/레이어드] made. 세이 셔츠앤 레이어링 니트원피스 (워셔블니트) - 2 size,,,,드릭스,,"{""shop_id"": ""2833"", ""shop_name"": ""슬로우앤드"", ""sale_price"": 47840, ""category_id"": ""413"", ""review_count"": 12, ""discount_rate"": 34.0}"
지그재그,하객룩🖤Made)온더선셋 트임보트넥 롱원피스(벨트set/플레어/훌라인/7부/하객룩/데이트룩/격식룩),하객룩🖤made)온더선셋 트임보트넥 롱원피스(벨트set/플레어/훌라인/7부/하객룩/데이트룩/격식룩),,,,드마크,,"{""shop_id"": ""991"", ""shop_name"": ""프롬데이원"", ""sale_price"": 71740, ""category_id"": ""435"", ""review_count"": 414, ""discount_rate"": 36.0}"
지그재그,[3컬러🌼] 아오이 플라워 핀턱 미니 원피스 빈티지 레이스 프릴 셔링 레이어드 나시 민소매 뷔스티에 모리걸 모리녀,[3컬러🌼] 아오이 플라워 핀턱 미니 원피스 빈티지 레이스 프릴 셔링 레이어드 나시 민소매 뷔스티에 모리걸 모리녀,,,,라온,,"{""shop_id"": ""3958"", ""shop_name"": ""에이비글"", ""sale_price"": 30800, ""category_id"": ""413"", ""review_count"": 229, ""discount_rate"": 34.0}"
지그재그,"(국내제작)[MADE,실물고퀄,후기극찬] 젬마 2기장 민소매 플레어 원피스 플레어원피스 민소매원피스 롱원피스 미니원피스 하객룩 데일리룩 여리핏코디 꾸안꾸룩 원피스추천 캠퍼스룩 레이어드 가을하객룩 슬리브리스 레이어드원피스 하객룩원피스 뷔스티에 뷔스티에원피스 면접원피스 나시원피스 op15033","(국내제작)[made,실물고퀄,후기극찬] 젬마 2기장 민소매 플레어 원피스 플레어원피스 민소매원피스 롱원피스 미니원피스 하객룩 데일리룩 여리핏코디 꾸안꾸룩 원피스추천 캠퍼스룩 레이어드 가을하객룩 슬리브리스 레이어드원피스 하객룩원피스 뷔스티에 뷔스티에원피스 면접원피스 나시원피스 op15033",,,,디퍼슈,,"{""shop_id"": ""72"", ""shop_name"": ""아뜨랑스"", ""sale_price"": 52000, ""category_id"": ""413"", ""review_count"": 283, ""discount_rate"": 42.0}"
지그재그,[l.m.w] 팬지 플라워 원피스 (ops),[l.m.w] 팬지 플라워 원피스 (ops),,,,디미트리블랙,,"{""shop_id"": ""786"", ""shop_name"": ""메리어라운드"", ""sale_price"": 34560, ""category_id"": ""413"", ""review_count"": 346, ""discount_rate"": 50.0}"
지그재그,"(국내제작)(셔츠원피스,하객룩) 2기장 셔츠 배색 플레어라인 원피스 캠퍼스룩 가을하객룩 하객룩원피스 롱원피스,플레어원피스,출근룩,오피스룩,데이트룩,배색원피스,카라원피스 op15110","(국내제작)(셔츠원피스,하객룩) 2기장 셔츠 배색 플레어라인 원피스 캠퍼스룩 가을하객룩 하객룩원피스 롱원피스,플레어원피스,출근룩,오피스룩,데이트룩,배색원피스,카라원피스 op15110",,,,디퍼슈,,"{""shop_id"": ""72"", ""shop_name"": ""아뜨랑스"", ""sale_price"": 61910, ""category_id"": ""435"", ""review_count"": 654, ""discount_rate"": 45.0}"
지그재그,[🍁얼리어텀 32%][MADE/1천장돌파]가엔 뷔스티에 미니 원피스 (S-L/하객룩/데이트룩/가을원피스/하객룩원피스/스퀘어넥원피스/레이어드원피스/나시원피스),[🍁얼리어텀 32%][made/1천장돌파]가엔 뷔스티에 미니 원피스 (s-l/하객룩/데이트룩/가을원피스/하객룩원피스/스퀘어넥원피스/레이어드원피스/나시원피스),,,,드리머,,"{""shop_id"": ""88"", ""shop_name"": ""케이클럽"", ""sale_price"": 26640, ""category_id"": ""413"", ""review_count"": 288, ""discount_rate"": 46.0}"
지그재그,🍂여행룩 💕5000장돌파! MADE💕 챠밍 오버롤 멜빵 원피스 (4c) 캠핑룩/바캉스룩/휴가룩/휴양지룩/여름원피스,🍂여행룩 💕5000장돌파! made💕 챠밍 오버롤 멜빵 원피스 (4c) 캠핑룩/바캉스룩/휴가룩/휴양지룩/여름원피스,,,,디에토,,"{""shop_id"": ""9771"", ""shop_name"": ""어베인"", ""sale_price"": 35850, ""category_id"": ""435"", ""review_count"": 996, ""discount_rate"": 42.0}"
지그재그,🚫유사품주의🚫[L-size추가!] 슈렌 나시 레이어드 미니 원피스 (1color) 레이스 시스루 숏 프릴 A라인 쉬폰 봄 여름,🚫유사품주의🚫[l-size추가!] 슈렌 나시 레이어드 미니 원피스 (1color) 레이스 시스루 숏 프릴 a라인 쉬폰 봄 여름,,,,레인보우볼,,"{""shop_id"": ""4117"", ""shop_name"": ""이센치"", ""sale_price"": 24320, ""category_id"": ""413"", ""review_count"": 1166, ""discount_rate"": 51.0}"
지그재그,리뷰best༞♡단독)루메르 셔링 슬리브리스 미니원피스(여름/캡내장/라운드넥/나시/골지/핀턱/끈조절/H라인/슬림핏/글램핏/데이트룩/꾸안꾸룩/휴양지룩/휴가룩/공항룩),리뷰best༞♡단독)루메르 셔링 슬리브리스 미니원피스(여름/캡내장/라운드넥/나시/골지/핀턱/끈조절/h라인/슬림핏/글램핏/데이트룩/꾸안꾸룩/휴양지룩/휴가룩/공항룩),,,,드마크,,"{""shop_id"": ""991"", ""shop_name"": ""프롬데이원"", ""sale_price"": 25600, ""category_id"": ""413"", ""review_count"": 52, ""discount_rate"": 36.0}"
지그재그,[🍁얼리어텀 32%][MADE]샤잇 타이 플레어 미니 원피스 (S-L/3천장돌파/하객룩/데이트룩/봄원피스/봄하객룩/플레어원피스/레이어드/타이원피스/캡소매),[🍁얼리어텀 32%][made]샤잇 타이 플레어 미니 원피스 (s-l/3천장돌파/하객룩/데이트룩/봄원피스/봄하객룩/플레어원피스/레이어드/타이원피스/캡소매),,,,드리머,,"{""shop_id"": ""88"", ""shop_name"": ""케이클럽"", ""sale_price"": 26640, ""category_id"": ""413"", ""review_count"": 477, ""discount_rate"": 46.0}"
지그재그,"[하객룩/미니,롱ver/3SIZE/][MADE] 세레나 플레어 타이 원피스","[하객룩/미니,롱ver/3size/][made] 세레나 플레어 타이 원피스",,,,디프런티스,,"{""shop_id"": ""936"", ""shop_name"": ""에브리모닝"", ""sale_price"": 44800, ""category_id"": ""413"", ""review_count"": 301, ""discount_rate"": 52.0}"
지그재그,"누적5000장,🔥주문폭주, 양리본 블랙 셀프웨딩 원피스 2color, 화이트 민소매 브라이덜샤워 스냅촬영 새틴 2부 드레스","누적5000장,🔥주문폭주, 양리본 블랙 셀프웨딩 원피스 2color, 화이트 민소매 브라이덜샤워 스냅촬영 새틴 2부 드레스",,,,라디네오,,"{""shop_id"": ""5709"", ""shop_name"": ""모반디"", ""sale_price"": 68000, ""category_id"": ""696"", ""review_count"": 653, ""discount_rate"": 7.0}"
지그재그,Made)샤로트 트위드 미니원피스(스퀘어넥/반팔/펄사/H라인/슬림핏/로맨틱룩/데이트룩/하객룩/약속룩/모임룩),made)샤로트 트위드 미니원피스(스퀘어넥/반팔/펄사/h라인/슬림핏/로맨틱룩/데이트룩/하객룩/약속룩/모임룩),,,,드마크,,"{""shop_id"": ""991"", ""shop_name"": ""프롬데이원"", ""sale_price"": 55200, ""category_id"": ""413"", ""review_count"": 94, ""discount_rate"": 40.0}"
지그재그,Made)르넬리아 하트 스퀘어넥 훌 롱원피스(벨트set/7부소매/퍼프/핀턱/플레어/하객룩/격식룩/데이트룩),made)르넬리아 하트 스퀘어넥 훌 롱원피스(벨트set/7부소매/퍼프/핀턱/플레어/하객룩/격식룩/데이트룩),,,,드마크,,"{""shop_id"": ""991"", ""shop_name"": ""프롬데이원"", ""sale_price"": 83280, ""category_id"": ""435"", ""review_count"": 1, ""discount_rate"": 40.0}"
지그재그,Dart Back Ribbon Dress [2color],dart back ribbon dress [2color],,,,디어시스,,"{""shop_id"": ""22289"", ""shop_name"": ""드헤베"", ""sale_price"": 70870, ""category_id"": ""435"", ""review_count"": 56, ""discount_rate"": 33.0}"
지그재그,하객룩🤍Made)튤립 보트넥 핀턱 롱원피스(반팔/여름/격식룩/하객룩/출근룩/오피스룩),하객룩🤍made)튤립 보트넥 핀턱 롱원피스(반팔/여름/격식룩/하객룩/출근룩/오피스룩),,,,드마크,,"{""shop_id"": ""991"", ""shop_name"": ""프롬데이원"", ""sale_price"": 67900, ""category_id"": ""435"", ""review_count"": 216, ""discount_rate"": 36.0}"
지그재그,"켄달 버튼나시미니원피스 (숏기장,롱기장)","켄달 버튼나시미니원피스 (숏기장,롱기장)",,,,디퍼런트벗세임,,"{""shop_id"": ""1922"", ""shop_name"": ""스프링콤마"", ""sale_price"": 37600, ""category_id"": ""413"", ""review_count"": 428, ""discount_rate"": 28.0}"
지그재그,[🏆1만장돌파/꾸안꾸원피스] made 쫀듯핏 H라인 뒷트임 롱 원피스 OPS050,[🏆1만장돌파/꾸안꾸원피스] made 쫀듯핏 h라인 뒷트임 롱 원피스 ops050,,,,떼마,,"{""shop_id"": ""11650"", ""shop_name"": ""10가트"", ""sale_price"": 29200, ""category_id"": ""435"", ""review_count"": 1137, ""discount_rate"": 33.0}"
지그재그,시즌오프⚡[직진배송/나시원피스][MNLB] 라타 캉캉 레이어드 나시 미니 원피스,시즌오프⚡[직진배송/나시원피스][mnlb] 라타 캉캉 레이어드 나시 미니 원피스,,,,드파운드,,"{""shop_id"": ""202"", ""shop_name"": ""디어먼트"", ""sale_price"": 5590, ""category_id"": ""413"", ""review_count"": 29, ""discount_rate"": 87.0}"
지그재그,(국내제작)3만장 돌파✨ (MADE/미니&롱)(하객룩/하객룩원피스/뷔스티에원피스/미니원피스)  2기장 뷔스티에 핀턱 A라인 가을원피스 레이어드 가을출근룩 가을하객룩 출근룩 여름하객룩 슬리브리스 레이어드원피스  op15632,(국내제작)3만장 돌파✨ (made/미니&롱)(하객룩/하객룩원피스/뷔스티에원피스/미니원피스) 2기장 뷔스티에 핀턱 a라인 가을원피스 레이어드 가을출근룩 가을하객룩 출근룩 여름하객룩 슬리브리스 레이어드원피스 op15632,,,,디퍼슈,,"{""shop_id"": ""72"", ""shop_name"": ""아뜨랑스"", ""sale_price"": 49200, ""category_id"": ""413"", ""review_count"": 2170, ""discount_rate"": 46.0}"
지그재그,[하객룩💐/잘록허리][MADE] 로스카 스퀘어넥 비죠 트위드 반팔 미니원피스 (44~99) (빅사이즈트위드원피스-상견례룩-여름트위드-베이직핏-출근룩-체형커버-군살커버),[하객룩💐/잘록허리][made] 로스카 스퀘어넥 비죠 트위드 반팔 미니원피스 (44~99) (빅사이즈트위드원피스-상견례룩-여름트위드-베이직핏-출근룩-체형커버-군살커버),,,,디망쉬,,"{""shop_id"": ""216"", ""shop_name"": ""핫핑"", ""sale_price"": 38320, ""category_id"": ""413"", ""review_count"": 213, ""discount_rate"": 23.0}"
지그재그,[단독][휴양지원피스🌴/나시원피스]봄 여름 비치 휴양지룩 레이어드 끈나시 롱원피스 (가디건/여행/동남아/바캉스/썸머/살안타템/여리여리),[단독][휴양지원피스🌴/나시원피스]봄 여름 비치 휴양지룩 레이어드 끈나시 롱원피스 (가디건/여행/동남아/바캉스/썸머/살안타템/여리여리),,,,레어 온 레어,,"{""shop_id"": ""11975"", ""shop_name"": ""오디샵"", ""sale_price"": 16840, ""category_id"": ""435"", ""review_count"": 1246, ""discount_rate"": 44.0}"
지그재그,[가을 신상]/MADE] 크라운 골드버튼 고급 브이넥 핀턱 여자 하객룩 벨트 롱 원피스 (출근룩/오피스룩),[가을 신상]/made] 크라운 골드버튼 고급 브이넥 핀턱 여자 하객룩 벨트 롱 원피스 (출근룩/오피스룩),,,,디앤드퀘스천,,"{""shop_id"": ""6841"", ""shop_name"": ""루어스룸"", ""sale_price"": 31920, ""category_id"": ""435"", ""review_count"": 240, ""discount_rate"": 47.0}"
지그재그,[🍁얼리어텀 68%][MADE/30만장돌파]메이비 뷔스티에 롱 원피스 (S-XL/여름원피스/나시원피스/데이트룩/휴양지룩/레이어드원피스/화이트원피스/플레어원피스),[🍁얼리어텀 68%][made/30만장돌파]메이비 뷔스티에 롱 원피스 (s-xl/여름원피스/나시원피스/데이트룩/휴양지룩/레이어드원피스/화이트원피스/플레어원피스),,,,드리머,,"{""shop_id"": ""88"", ""shop_name"": ""케이클럽"", ""sale_price"": 13810, ""category_id"": ""435"", ""review_count"": 8033, ""discount_rate"": 72.0}"
지그재그,[얼리어텀] [유진PICK] 무킨 스웨이드 레이스 슬리브리스 원피스 (당일출고/가을/간절기/데일리룩/일상룩/레이어드/페미닌룩/데이트룩),[얼리어텀] [유진pick] 무킨 스웨이드 레이스 슬리브리스 원피스 (당일출고/가을/간절기/데일리룩/일상룩/레이어드/페미닌룩/데이트룩),,,,디아스토리,,"{""shop_id"": ""176"", ""shop_name"": ""커먼유니크"", ""sale_price"": 38800, ""category_id"": ""413"", ""review_count"": 3, ""discount_rate"": 20.0}"
지그재그,[가을바지🍁/50만장돌파/made] 허쉬 코튼 와이드팬츠 (숏/기본/롱),[가을바지🍁/50만장돌파/made] 허쉬 코튼 와이드팬츠 (숏/기본/롱),,,,드리프트아웃,,"{""shop_id"": ""200"", ""shop_name"": ""리얼코코"", ""sale_price"": 15210, ""category_id"": ""365"", ""review_count"": 38349, ""discount_rate"": 74.0}"
지그재그,[자체제작/미니&롱] #MADE 산토리 백트임 나시 원피스 (미니원피스-민소매원피스-롱원피스-레이어드원피스-백트임원피스-하체커버-코튼원피스-러블리룩-여친룩-데이트룩-하객룩),[자체제작/미니&롱] #made 산토리 백트임 나시 원피스 (미니원피스-민소매원피스-롱원피스-레이어드원피스-백트임원피스-하체커버-코튼원피스-러블리룩-여친룩-데이트룩-하객룩),,,,디앤에스알,,"{""shop_id"": ""34140"", ""shop_name"": ""마이온"", ""sale_price"": 9400, ""category_id"": ""413"", ""review_count"": 11, ""discount_rate"": 82.0}"
지그재그,"하객룩🤍MADE)비올리아 튤립소매 원피스(미니,롱VER/반팔/스퀘어넥/H라인/하객룩/격식룩/데이트룩/기념일룩/봄원피스/여름원피스)","하객룩🤍made)비올리아 튤립소매 원피스(미니,롱ver/반팔/스퀘어넥/h라인/하객룩/격식룩/데이트룩/기념일룩/봄원피스/여름원피스)",,,,드마크,,"{""shop_id"": ""991"", ""shop_name"": ""프롬데이원"", ""sale_price"": 65690, ""category_id"": ""424"", ""review_count"": 121, ""discount_rate"": 40.0}"
지그재그,[🍂얼리어텀/🏅팝업BEST🏅/트임포인트/S-L/6천장돌파] made  로리아 슬릿 뷔스티에 원피스 (가을/간절기/데일리/데일리룩/출근룩/데이트룩/오피스룩/연말/연말룩/연말원피스/연말드레스/크리스마스),[🍂얼리어텀/🏅팝업best🏅/트임포인트/s-l/6천장돌파] made 로리아 슬릿 뷔스티에 원피스 (가을/간절기/데일리/데일리룩/출근룩/데이트룩/오피스룩/연말/연말룩/연말원피스/연말드레스/크리스마스),,,,디어라이프,,"{""shop_id"": ""132"", ""shop_name"": ""베니토"", ""sale_price"": 47590, ""category_id"": ""435"", ""review_count"": 454, ""discount_rate"": 36.0}"
지그재그,[휴양지룩🌴][부유방커버/끈조절O][MADE] 앨리시아 홀터 슬리브리스 도트 플레어롱원피스 (44~99) (홀터넥원피스-홀터넥도트롱원피스-나시롱원피스-도트원피스-빅사이즈원피스),[휴양지룩🌴][부유방커버/끈조절o][made] 앨리시아 홀터 슬리브리스 도트 플레어롱원피스 (44~99) (홀터넥원피스-홀터넥도트롱원피스-나시롱원피스-도트원피스-빅사이즈원피스),,,,디망쉬,,"{""shop_id"": ""216"", ""shop_name"": ""핫핑"", ""sale_price"": 31920, ""category_id"": ""435"", ""review_count"": 173, ""discount_rate"": 24.0}"
지그재그,[썸머원피스/비죠포인트/쾌적💙][MADE][ICH] 리비오 허리비죠 루즈핏 반팔 셔츠롱원피스 (44~110) (빅사이즈원피스-여름원피스-셔츠원피스-비죠디테일-스트라이프패턴),[썸머원피스/비죠포인트/쾌적💙][made][ich] 리비오 허리비죠 루즈핏 반팔 셔츠롱원피스 (44~110) (빅사이즈원피스-여름원피스-셔츠원피스-비죠디테일-스트라이프패턴),,,,디망쉬,,"{""shop_id"": ""216"", ""shop_name"": ""핫핑"", ""sale_price"": 32720, ""category_id"": ""435"", ""review_count"": 21, ""discount_rate"": 24.0}"
지그재그,[MADE/끈조절/오버핏 ] 마스 데님 멜빵 롱원피스 오버롤,[made/끈조절/오버핏 ] 마스 데님 멜빵 롱원피스 오버롤,,,,럭키브랜드,,"{""shop_id"": ""4672"", ""shop_name"": ""소솔마켓"", ""sale_price"": 24400, ""category_id"": ""435"", ""review_count"": 258, ""discount_rate"": 24.0}"
지그재그,[55~77착용🤍/⭐MD추천⭐/하객룩] 로엘린 빅사이즈 여름 쉬폰 오간자 레이어드 휴양지 바캉스 롱 원피스,[55~77착용🤍/⭐md추천⭐/하객룩] 로엘린 빅사이즈 여름 쉬폰 오간자 레이어드 휴양지 바캉스 롱 원피스,,,,라이더커뮨,,"{""shop_id"": ""25331"", ""shop_name"": ""정이네데일리룩"", ""sale_price"": 38900, ""category_id"": ""435"", ""review_count"": 7, ""discount_rate"": 12.0}"
지그재그,[⭐1만장/하객룩/면접룩] MADE 클레어 스퀘어넥 퍼프 스트랩 원피스 - 2color (졸업식원피스/출근룩/격식룩),[⭐1만장/하객룩/면접룩] made 클레어 스퀘어넥 퍼프 스트랩 원피스 - 2color (졸업식원피스/출근룩/격식룩),,,,라프레미디,,"{""shop_id"": ""19114"", ""shop_name"": ""루엣"", ""sale_price"": 27920, ""category_id"": ""424"", ""review_count"": 494, ""discount_rate"": 43.0}"
지그재그,[직진🚀] [블랙컬러추가][인플PICK] 레이어드 원피스_CVOWG2511Q,[직진🚀] [블랙컬러추가][인플pick] 레이어드 원피스_cvowg2511q,,,,라이즈앤빌로우,,"{""shop_id"": ""11999"", ""shop_name"": ""클라비스"", ""sale_price"": 50930, ""category_id"": ""435"", ""review_count"": 75, ""discount_rate"": 36.0}"
지그재그,[BEST] [DEMOOR] 크리시 비조 절개 팬츠,[best] [demoor] 크리시 비조 절개 팬츠,,,,디스이즈네버댓,,"{""shop_id"": ""55404"", ""shop_name"": ""드무어"", ""sale_price"": 26730, ""category_id"": ""365"", ""review_count"": 1110, ""discount_rate"": 49.0}"
지그재그,리뷰best༞♡Made)레므아 더블버튼 셋업 트위드 롱원피스(투피스ST/스퀘어넥/반팔/퍼프/진주버튼/플레어/훌/A라인/하객룩/격식룩/모임룩),리뷰best༞♡made)레므아 더블버튼 셋업 트위드 롱원피스(투피스st/스퀘어넥/반팔/퍼프/진주버튼/플레어/훌/a라인/하객룩/격식룩/모임룩),,,,드마크,,"{""shop_id"": ""991"", ""shop_name"": ""프롬데이원"", ""sale_price"": 79320, ""category_id"": ""435"", ""review_count"": 23, ""discount_rate"": 40.0}"
지그재그,무배🚀[자체제작🌸청순큐티🤍숏&롱] *MADE* 캉캉 셔링 리본 나시 미니 원피스 스모크 슬리브리스 민소매 프릴 A라인 플레어 린넨 코튼 가을 봄 여름 하객룩 출근룩 화이트 블,무배🚀[자체제작🌸청순큐티🤍숏&롱] *made* 캉캉 셔링 리본 나시 미니 원피스 스모크 슬리브리스 민소매 프릴 a라인 플레어 린넨 코튼 가을 봄 여름 하객룩 출근룩 화이트 블,,,,레이몬트,,"{""shop_id"": ""9275"", ""shop_name"": ""워너비뮤즈"", ""sale_price"": 26410, ""category_id"": ""413"", ""review_count"": 1132, ""discount_rate"": 12.0}"
지그재그,[DEMOOR] 로잘린 쉬폰 랩 롱 원피스,[demoor] 로잘린 쉬폰 랩 롱 원피스,,,,디스이즈네버댓,,"{""shop_id"": ""55404"", ""shop_name"": ""드무어"", ""sale_price"": 8650, ""category_id"": ""435"", ""review_count"": 95, ""discount_rate"": 78.0}"
지그재그,Made)에덴로즈 드레이프 롱원피스(여름/보트넥/퍼프/캡소매/트임/슬림핏/H라인/하객룩/격식룩/모임룩),made)에덴로즈 드레이프 롱원피스(여름/보트넥/퍼프/캡소매/트임/슬림핏/h라인/하객룩/격식룩/모임룩),,,,드마크,,"{""shop_id"": ""991"", ""shop_name"": ""프롬데이원"", ""sale_price"": 62760, ""category_id"": ""435"", ""review_count"": 18, ""discount_rate"": 40.0}"
지그재그,하객룩🖤Made)레피나도 홀터스퀘어 롱원피스,하객룩🖤made)레피나도 홀터스퀘어 롱원피스,,,,드마크,,"{""shop_id"": ""991"", ""shop_name"": ""프롬데이원"", ""sale_price"": 69820, ""category_id"": ""424"", ""review_count"": 831, ""discount_rate"": 36.0}"
지그재그,[💐하객룩/S-L][made]파르페 브이넥 셔링 H라인 하프 원피스(하객룩/상견례룩/졸업식룩),[💐하객룩/s-l][made]파르페 브이넥 셔링 h라인 하프 원피스(하객룩/상견례룩/졸업식룩),,,,디자이너 인비테이션,,"{""shop_id"": ""5514"", ""shop_name"": ""달리호텔"", ""sale_price"": 73600, ""category_id"": ""435"", ""review_count"": 1100, ""discount_rate"": 20.0}"
지그재그,"[자체제작/여리청순🌷] @vinvle made, 엘츠렌 플라워 리본 백스트랩 레이어드 나시 롱 원피스","[자체제작/여리청순🌷] @vinvle made, 엘츠렌 플라워 리본 백스트랩 레이어드 나시 롱 원피스",,,,러프넥,,"{""shop_id"": ""1908"", ""shop_name"": ""빈블"", ""sale_price"": 29120, ""category_id"": ""435"", ""review_count"": 2, ""discount_rate"": 36.0}"
지그재그,"클라라 셀프웨딩 드레스 2color, 블랙 화이트 피로연 2부 돌잔치 브라이덜샤워 하프숄더 스냅 파티 연주회 머메이드 원피스","클라라 셀프웨딩 드레스 2color, 블랙 화이트 피로연 2부 돌잔치 브라이덜샤워 하프숄더 스냅 파티 연주회 머메이드 원피스",,,,라디네오,,"{""shop_id"": ""5709"", ""shop_name"": ""모반디"", ""sale_price"": 84000, ""category_id"": ""696"", ""review_count"": 269, ""discount_rate"": 6.0}"
지그재그,V-Neck Flare Dress [3color],v-neck flare dress [3color],,,,디어시스,,"{""shop_id"": ""22289"", ""shop_name"": ""드헤베"", ""sale_price"": 77700, ""category_id"": ""435"", ""review_count"": 19, ""discount_rate"": 48.0}"
지그재그,[🍁얼리어텀15%] [1만장돌파][평점4.9/하객룩] [P.B MADE] 원모어타임 타이 배색 원피스 (숏/롱/7부/긴팔/반팔) - 2color,[🍁얼리어텀15%] [1만장돌파][평점4.9/하객룩] [p.b made] 원모어타임 타이 배색 원피스 (숏/롱/7부/긴팔/반팔) - 2color,,,,딥인블루,,"{""shop_id"": ""858"", ""shop_name"": ""퍼빗"", ""sale_price"": 47600, ""category_id"": ""413"", ""review_count"": 362, ""discount_rate"": 20.0}"
지그재그,[기획][S-3XL/2단기장]카나 절개 커버핏 부츠컷 데님 청바지 팬츠 [2color/2type/6size],[기획][s-3xl/2단기장]카나 절개 커버핏 부츠컷 데님 청바지 팬츠 [2color/2type/6size],,,,렛츠슬림,,"{""shop_id"": ""2672"", ""shop_name"": ""플랫퍼"", ""sale_price"": 25440, ""category_id"": ""4292"", ""review_count"": 12, ""discount_rate"": 35.0}"
지그재그,💛휴양지룩💛무이 오프숄더 캡소매 반팔 프릴 리본타이 플라워 쉬폰 롱원피스(휴가룩/데이트룩/나시원피스/레이어드원피스/휴양지원피스/동남아룩/신혼여행/반팔롱원피스),💛휴양지룩💛무이 오프숄더 캡소매 반팔 프릴 리본타이 플라워 쉬폰 롱원피스(휴가룩/데이트룩/나시원피스/레이어드원피스/휴양지원피스/동남아룩/신혼여행/반팔롱원피스),,,,레뷰라,,"{""shop_id"": ""20889"", ""shop_name"": ""어썸앤드"", ""sale_price"": 31920, ""category_id"": ""435"", ""review_count"": 55, ""discount_rate"": 37.0}"
지그재그,[🍁얼리어텀 44%][MADE/3천장돌파]유렌 프릴 레이어드 원피스 (S-L/레이어드/여름원피스/데일리룩/데이트룩/화이트원피스/뷔스티에원피스/나시원피스/레이어드원피스),[🍁얼리어텀 44%][made/3천장돌파]유렌 프릴 레이어드 원피스 (s-l/레이어드/여름원피스/데일리룩/데이트룩/화이트원피스/뷔스티에원피스/나시원피스/레이어드원피스),,,,드리머,,"{""shop_id"": ""88"", ""shop_name"": ""케이클럽"", ""sale_price"": 13810, ""category_id"": ""413"", ""review_count"": 395, ""discount_rate"": 51.0}"
지그재그,[NEW컬러추가✨] [MADE]샤이니 새틴 실크 슬립 민소매 나시 뷔스티에 a라인 맥시 롱 원피스 (데일리룩/출근룩/하객룩),[new컬러추가✨] [made]샤이니 새틴 실크 슬립 민소매 나시 뷔스티에 a라인 맥시 롱 원피스 (데일리룩/출근룩/하객룩),,,,디앤드퀘스천,,"{""shop_id"": ""6841"", ""shop_name"": ""루어스룸"", ""sale_price"": 26910, ""category_id"": ""435"", ""review_count"": 814, ""discount_rate"": 62.0}"
지그재그,[1천장판매/made]어뎁트 뷔스티에 레이어드 원피스,[1천장판매/made]어뎁트 뷔스티에 레이어드 원피스,,,,디어류,,"{""shop_id"": ""58775"", ""shop_name"": ""포네크"", ""sale_price"": 14740, ""category_id"": ""424"", ""review_count"": 188, ""discount_rate"": 43.0}"
지그재그,[부츠컷 추가]커브드 밴딩 팬츠_MIWTMG70QB/MIWTMG80QC/MIWTMG90QC/MIWTMG92QA/MIWTMG940A,[부츠컷 추가]커브드 밴딩 팬츠_miwtmg70qb/miwtmg80qc/miwtmg90qc/miwtmg92qa/miwtmg940a,,,,드림월드,,"{""shop_id"": ""11864"", ""shop_name"": ""미쏘"", ""sale_price"": 33180, ""category_id"": ""365"", ""review_count"": 3016, ""discount_rate"": 34.0}"
지그재그,Made)레이어 블라우스 배색 훌원피스(미디.롱.ver/오픈카라/셔츠/하트넥/진주/A라인/배색/퍼프/버튼/격식룩/데이트룩/기념일룩/하객룩),made)레이어 블라우스 배색 훌원피스(미디.롱.ver/오픈카라/셔츠/하트넥/진주/a라인/배색/퍼프/버튼/격식룩/데이트룩/기념일룩/하객룩),,,,드마크,,"{""shop_id"": ""991"", ""shop_name"": ""프롬데이원"", ""sale_price"": 80520, ""category_id"": ""435"", ""review_count"": 42, ""discount_rate"": 40.0}"
지그재그,"히어리 브이넥프릴미니원피스 (숏기장,롱기장)","히어리 브이넥프릴미니원피스 (숏기장,롱기장)",,,,디퍼런트벗세임,,"{""shop_id"": ""1922"", ""shop_name"": ""스프링콤마"", ""sale_price"": 49600, ""category_id"": ""413"", ""review_count"": 14, ""discount_rate"": 28.0}"
지그재그,[LL] 드레이프랩롱OPS,[ll] 드레이프랩롱ops,,,,레이쿠,,"{""shop_id"": ""214"", ""shop_name"": ""육육걸즈"", ""sale_price"": 27200, ""category_id"": ""435"", ""review_count"": 1, ""discount_rate"": 20.0}"
지그재그,체르보 데일리 썸머 후드 원피스,체르보 데일리 썸머 후드 원피스,,,,락케이크,,"{""shop_id"": ""47045"", ""shop_name"": ""르포엠"", ""sale_price"": 14920, ""category_id"": ""435"", ""review_count"": 8, ""discount_rate"": 81.0}"
지그재그,[🍁얼리어텀 60%][MADE]슈픈 스트라이프 레이어드 나시 미니 원피스 (S-L/레이어드원피스/여름원피스/데이트룩/휴양지룩/뷔스티에원피스/a라인원피스),[🍁얼리어텀 60%][made]슈픈 스트라이프 레이어드 나시 미니 원피스 (s-l/레이어드원피스/여름원피스/데이트룩/휴양지룩/뷔스티에원피스/a라인원피스),,,,드리머,,"{""shop_id"": ""88"", ""shop_name"": ""케이클럽"", ""sale_price"": 9680, ""category_id"": ""413"", ""review_count"": 99, ""discount_rate"": 76.0}"
지그재그,피그먼트 부츠컷 카고 팬츠 [블랙],피그먼트 부츠컷 카고 팬츠 [블랙],,,,라이프리버티러브,,"{""shop_id"": ""44502"", ""shop_name"": ""헬레네파리스"", ""sale_price"": 35110, ""category_id"": ""366"", ""review_count"": 1739, ""discount_rate"": 53.0}"
지그재그,[🍁얼리어텀 44%][노말워싱/MADE/3천장돌파]도티 리본 스퀘어넥 원피스 (S-L/데이트룩/휴양지룩/리본원피스/스퀘어넥/미니원피스/여름원피스/휴가룩/퍼프원피스/여행룩),[🍁얼리어텀 44%][노말워싱/made/3천장돌파]도티 리본 스퀘어넥 원피스 (s-l/데이트룩/휴양지룩/리본원피스/스퀘어넥/미니원피스/여름원피스/휴가룩/퍼프원피스/여행룩),,,,드리머,,"{""shop_id"": ""88"", ""shop_name"": ""케이클럽"", ""sale_price"": 22700, ""category_id"": ""413"", ""review_count"": 343, ""discount_rate"": 51.0}"
지그재그,[BAONHAUS] 킨라브 카고 롱 원피스 (3color),[baonhaus] 킨라브 카고 롱 원피스 (3color),,,,디티엠씨,,"{""price"": 36000, ""shop_id"": ""1007"", ""shop_name"": ""바온"", ""discount_rate"": 28}"
지그재그,[단독] [made]시니엘 브이넥 버튼 A라인 미니 트위드 원피스(하객룩),[단독] [made]시니엘 브이넥 버튼 a라인 미니 트위드 원피스(하객룩),,,,디자이너 인비테이션,,"{""price"": 93000, ""shop_id"": ""5514"", ""shop_name"": ""달리호텔"", ""discount_rate"": 20}"
지그재그,[가을/데일리] MADE 피넛진 셔링 멜빵 롱 원피스 (2 color),[가을/데일리] made 피넛진 셔링 멜빵 롱 원피스 (2 color),,,,러브참,,"{""price"": 46000, ""shop_id"": ""1836"", ""shop_name"": ""민지콩"", ""discount_rate"": 28}"
지그재그,[MADE/오늘출발]메이브 하트넥 나시 원피스 (S-XL/데이트룩/하객룩/출근룩/레이어드/하객룩원피스/롱원피스/봄원피스),[made/오늘출발]메이브 하트넥 나시 원피스 (s-xl/데이트룩/하객룩/출근룩/레이어드/하객룩원피스/롱원피스/봄원피스),,,,드리머,,"{""price"": 16900, ""shop_id"": ""88"", ""shop_name"": ""케이클럽"", ""discount_rate"": 76}"
지그재그,[5천장돌파][란제리코어/새틴]주디 레이스 미니 원피스 / 가을 레이어드 개강룩 데이트룩 뷔스티에 끈나시 슬립 페미닌 민소매 파티 슬림 이너 꾸안꾸 ops 숏 슬리브리스 브이넥,[5천장돌파][란제리코어/새틴]주디 레이스 미니 원피스 / 가을 레이어드 개강룩 데이트룩 뷔스티에 끈나시 슬립 페미닌 민소매 파티 슬림 이너 꾸안꾸 ops 숏 슬리브리스 브이넥,,,,디올,,"{""price"": 31700, ""shop_id"": ""42932"", ""shop_name"": ""니스휴"", ""discount_rate"": 52}"
지그재그,"[JOYSMADE/여행룩/숏,롱] 오헨 바스락 나일론 방수 장마룩 휴양지 여름 민소매미니원피스 레이어드 나시 원피스(썸머/휴가룩/바캉스/여행/가벼운/심플)","[joysmade/여행룩/숏,롱] 오헨 바스락 나일론 방수 장마룩 휴양지 여름 민소매미니원피스 레이어드 나시 원피스(썸머/휴가룩/바캉스/여행/가벼운/심플)",,,,딜레탕티즘,,"{""price"": 25500, ""shop_id"": ""9501"", ""shop_name"": ""조이조이"", ""discount_rate"": 10}"
지그재그,[MADE] mop351 르본 뷔스티에 코튼 원피스,[made] mop351 르본 뷔스티에 코튼 원피스,,,,디프,,"{""price"": 36000, ""shop_id"": ""1988"", ""shop_name"": ""에드모어"", ""discount_rate"": 37}"
지그재그,[레이어드/MDPICK🖤] 뮤앙 슬립 언발 뷔스티에 원피스 2color,[레이어드/mdpick🖤] 뮤앙 슬립 언발 뷔스티에 원피스 2color,,,,라비올렛트,,"{""price"": 27900, ""shop_id"": ""17839"", ""shop_name"": ""시프트에잇"", ""discount_rate"": 16}"
지그재그,"파리스 반팔 핀턱 미니 원피스 (앞리본,루즈핏,하객룩,2colors)","파리스 반팔 핀턱 미니 원피스 (앞리본,루즈핏,하객룩,2colors)",,,,라이프타임콜렉티브,,"{""price"": 29900, ""shop_id"": ""14689"", ""shop_name"": ""그리니스튜디오"", ""discount_rate"": 28}"
지그재그,세라 셀프웨딩 튜브탑 오간자 드레스 스카프 세트 화이트,세라 셀프웨딩 튜브탑 오간자 드레스 스카프 세트 화이트,,,,러버킬러,,"{""price"": 95000, ""shop_id"": ""35638"", ""shop_name"": ""미즈밋"", ""discount_rate"": 26}"
지그재그,[골반뽕탈부착][~2XL][8만장🏆][힙딥커버]렌더 코튼 부츠컷 팬츠 (숏/롱ver)(7color),[골반뽕탈부착][~2xl][8만장🏆][힙딥커버]렌더 코튼 부츠컷 팬츠 (숏/롱ver)(7color),,,,디스코도넛,,"{""shop_id"": ""8533"", ""shop_name"": ""프렌치오브"", ""sale_price"": 19680, ""category_id"": ""366"", ""review_count"": 12795, ""discount_rate"": 52.0}"
지그재그,🚚[MADE/XS출시] ★루브나 드레스★셀프웨딩/2부드레스/블랙드레스/화이트드레스/빅사이즈/브라이덜샤워/레이어드/웨딩촬영/피로연/돌잔치/연주드레스/휴양지,🚚[made/xs출시] ★루브나 드레스★셀프웨딩/2부드레스/블랙드레스/화이트드레스/빅사이즈/브라이덜샤워/레이어드/웨딩촬영/피로연/돌잔치/연주드레스/휴양지,,,,러움,,"{""price"": 56420, ""shop_id"": ""20224"", ""shop_name"": ""브이루아"", ""discount_rate"": 46}"
지그재그,"하객룩🖤Made)르템포 트임보트넥 반팔원피스(미니,롱.ver/여름/H라인/캡소매/오피스룩/출근룩/하객룩/격식룩)","하객룩🖤made)르템포 트임보트넥 반팔원피스(미니,롱.ver/여름/h라인/캡소매/오피스룩/출근룩/하객룩/격식룩)",,,,드마크,,"{""price"": 88000, ""shop_id"": ""991"", ""shop_name"": ""프롬데이원"", ""discount_rate"": 36}"
지그재그,[자체제작/로맨틱무드] #MADE 유스티 플라워 뷔스티에 미니원피스 (플라워미니원피스-끈나시미니원피스-민소매미니원피스-슬리브리스미니원피스-시스루원피스-프릴미니원피스),[자체제작/로맨틱무드] #made 유스티 플라워 뷔스티에 미니원피스 (플라워미니원피스-끈나시미니원피스-민소매미니원피스-슬리브리스미니원피스-시스루원피스-프릴미니원피스),,,,디앤에스알,,"{""price"": 37900, ""shop_id"": ""34140"", ""shop_name"": ""마이온"", ""discount_rate"": 42}"
지그재그,Made)헤이린 여리골지 롱원피스(반팔/라운드넥/슬림핏/여리핏/글램핏/데일리룩/데이트룩/여친룩/꾸안꾸룩),made)헤이린 여리골지 롱원피스(반팔/라운드넥/슬림핏/여리핏/글램핏/데일리룩/데이트룩/여친룩/꾸안꾸룩),,,,드마크,,"{""price"": 47000, ""shop_id"": ""991"", ""shop_name"": ""프롬데이원"", ""discount_rate"": 40}"
지그재그,[3만장돌파🏆/2기장] 크로플 백트임 나시 롱원피스 (3color),[3만장돌파🏆/2기장] 크로플 백트임 나시 롱원피스 (3color),,,,드리프트아웃,,"{""price"": 39900, ""shop_id"": ""200"", ""shop_name"": ""리얼코코"", ""discount_rate"": 69}"
지그재그,[고급미✨/44-66] 글리즈 새틴 플레어 롱원피스 여름 휴양지 바캉스 비치 리조트룩 휴양지룩,[고급미✨/44-66] 글리즈 새틴 플레어 롱원피스 여름 휴양지 바캉스 비치 리조트룩 휴양지룩,,,,라쏨,,"{""price"": 32800, ""shop_id"": ""6848"", ""shop_name"": ""어썸나나"", ""discount_rate"": 20}"
지그재그,아르테 HARU 논페이드 데님 팬츠 (다크 인디고),아르테 haru 논페이드 데님 팬츠 (다크 인디고),,,,드파시온,,"{""shop_id"": ""6817"", ""shop_name"": ""사색"", ""sale_price"": 43700, ""category_id"": ""4290"", ""review_count"": 525, ""discount_rate"": 7.0}"
지그재그,Made)바이넬 슬림 H라인 롱원피스(벨트SET/스퀘어넥/7부/트임/절개/세미슬림핏/하객룩/격식룩/모임룩/약속룩/가을),made)바이넬 슬림 h라인 롱원피스(벨트set/스퀘어넥/7부/트임/절개/세미슬림핏/하객룩/격식룩/모임룩/약속룩/가을),,,,드마크,,"{""price"": 139000, ""shop_id"": ""991"", ""shop_name"": ""프롬데이원"", ""discount_rate"": 40}"
지그재그,[🍂가을][mlt] 에스트 레이어드 시스루 슬리브리스 원피스,[🍂가을][mlt] 에스트 레이어드 시스루 슬리브리스 원피스,,,,드퐁,,"{""price"": 37000, ""shop_id"": ""55187"", ""shop_name"": ""모렌트"", ""discount_rate"": 42}"
지그재그,[청순🤍/44-66] 포린 백리스 허리끈 투웨이 롱원피스 여름 휴양지 비치 바캉스 리조트룩 휴양지룩,[청순🤍/44-66] 포린 백리스 허리끈 투웨이 롱원피스 여름 휴양지 비치 바캉스 리조트룩 휴양지룩,,,,라쏨,,"{""price"": 34000, ""shop_id"": ""6848"", ""shop_name"": ""어썸나나"", ""discount_rate"": 20}"
지그재그,[55~77.88size/하객룩/출근룩] 데이 민소매 미니 원피스,[55~77.88size/하객룩/출근룩] 데이 민소매 미니 원피스,,,,디파인,,"{""price"": 24900, ""shop_id"": ""6273"", ""shop_name"": ""빈트더빈"", ""discount_rate"": 82}"
지그재그,[MADE:자체제작]스냅 후드 셔링 롱원피스,[made:자체제작]스냅 후드 셔링 롱원피스,,,,떨스티클럽,,"{""price"": 36000, ""shop_id"": ""485"", ""shop_name"": ""히프나틱"", ""discount_rate"": 46}"
지그재그,[하체커버/~2XL][히든밴딩][3만장🏆][3기장]베타 리오셀 절개 와이드 팬츠 (오리지널/썸머ver)(숏/베이직/롱ver)(5color),[하체커버/~2xl][히든밴딩][3만장🏆][3기장]베타 리오셀 절개 와이드 팬츠 (오리지널/썸머ver)(숏/베이직/롱ver)(5color),,,,디스코도넛,,"{""shop_id"": ""8533"", ""shop_name"": ""프렌치오브"", ""sale_price"": 19680, ""category_id"": ""365"", ""review_count"": 1326, ""discount_rate"": 52.0}"
지그재그,[🏆팬츠1위🏆누적4만장][❣️후기인정/3사이즈/2기장/여름ver] 밸런스 데일리 팬츠 / 부츠컷추리닝 / 여름바지 / 부츠컷트레이닝 / 와이드팬츠 /스트레이트체형 / 로우라이즈,[🏆팬츠1위🏆누적4만장][❣️후기인정/3사이즈/2기장/여름ver] 밸런스 데일리 팬츠 / 부츠컷추리닝 / 여름바지 / 부츠컷트레이닝 / 와이드팬츠 /스트레이트체형 / 로우라이즈,,,,레터프롬문,,"{""shop_id"": ""7416"", ""shop_name"": ""코코블랑"", ""sale_price"": 26910, ""category_id"": ""366"", ""review_count"": 5229, ""discount_rate"": 23.0}"
지그재그,"[카프리1위🏆/5부,7부,9부기장/MADE] 클립 스판 슬릿 바이커 카프리 데님 팬츠","[카프리1위🏆/5부,7부,9부기장/made] 클립 스판 슬릿 바이커 카프리 데님 팬츠",,,,라이크더모스트,,"{""shop_id"": ""2394"", ""shop_name"": ""트렌디어패럴"", ""sale_price"": 28800, ""category_id"": ""371"", ""review_count"": 8434, ""discount_rate"": 36.0}"
지그재그,아이테 절개 3부 면반바지,아이테 절개 3부 면반바지,,,,레티켓스튜디오,,"{""shop_id"": ""8835"", ""shop_name"": ""토마토스토어"", ""sale_price"": 26470, ""category_id"": ""367"", ""review_count"": 214, ""discount_rate"": 22.0}"
지그재그,[🏆역대급100만장/3기장선택!] made. 마켓 와이드 트레이닝슬랙스 (+숏/베이직/롱ver) - 4 size,[🏆역대급100만장/3기장선택!] made. 마켓 와이드 트레이닝슬랙스 (+숏/베이직/롱ver) - 4 size,,,,드릭스,,"{""shop_id"": ""2833"", ""shop_name"": ""슬로우앤드"", ""sale_price"": 25110, ""category_id"": ""364"", ""review_count"": 78037, ""discount_rate"": 42.0}"
지그재그,[가을바지🍁/3단기장/made] 시그니처 논페이드 데님 팬츠 (2color),[가을바지🍁/3단기장/made] 시그니처 논페이드 데님 팬츠 (2color),,,,드리프트아웃,,"{""shop_id"": ""200"", ""shop_name"": ""리얼코코"", ""sale_price"": 17950, ""category_id"": ""4291"", ""review_count"": 7145, ""discount_rate"": 70.0}"
지그재그,[🍁가을/3기장선택!] made. 모먼트 투커버 올데이슬랙스 (+숏/베이직/롱ver) - 4 size,[🍁가을/3기장선택!] made. 모먼트 투커버 올데이슬랙스 (+숏/베이직/롱ver) - 4 size,,,,드릭스,,"{""shop_id"": ""2833"", ""shop_name"": ""슬로우앤드"", ""sale_price"": 26820, ""category_id"": ""364"", ""review_count"": 48371, ""discount_rate"": 50.0}"
지그재그,[26FW트렌드핏/스트레이트핏🍁가을데님/누적12만장🏆재구매율1등/코튼+데님][간절기/출근룩/스판데님/세미와이드/와이드데님][MADE]투게더워싱세미와이드데님 - 9color,[26fw트렌드핏/스트레이트핏🍁가을데님/누적12만장🏆재구매율1등/코튼+데님][간절기/출근룩/스판데님/세미와이드/와이드데님][made]투게더워싱세미와이드데님 - 9color,,,,디스이즈파인,,"{""shop_id"": ""5875"", ""shop_name"": ""니썸"", ""sale_price"": 24930, ""category_id"": ""4291"", ""review_count"": 15237, ""discount_rate"": 43.0}"
지그재그,[+골반패드탈부착/부츠컷원조1등🏆누적80만장💙마법보정핏+미친편안함/재구매율끝판왕/가을팬츠][made]세인트부츠컷데님 - 9color,[+골반패드탈부착/부츠컷원조1등🏆누적80만장💙마법보정핏+미친편안함/재구매율끝판왕/가을팬츠][made]세인트부츠컷데님 - 9color,,,,디스이즈파인,,"{""shop_id"": ""5875"", ""shop_name"": ""니썸"", ""sale_price"": 24000, ""category_id"": ""366"", ""review_count"": 79838, ""discount_rate"": 48.0}"
지그재그,[🍁가을슬랙스/누적50만장🏆밴딩ver추가✨일자+부츠컷/복원력+구김걱정NO][간절기/가을슬랙스/하객룩/모임룩][MADE]어텐션슬랙스 - 5color,[🍁가을슬랙스/누적50만장🏆밴딩ver추가✨일자+부츠컷/복원력+구김걱정no][간절기/가을슬랙스/하객룩/모임룩][made]어텐션슬랙스 - 5color,,,,디스이즈파인,,"{""shop_id"": ""5875"", ""shop_name"": ""니썸"", ""sale_price"": 20970, ""category_id"": ""364"", ""review_count"": 34165, ""discount_rate"": 53.0}"
지그재그,런던 릴렉스드-스트레이트 트라우저 (블랙),런던 릴렉스드-스트레이트 트라우저 (블랙),,,,드파시온,,"{""shop_id"": ""6817"", ""shop_name"": ""사색"", ""sale_price"": 38700, ""category_id"": ""364"", ""review_count"": 1306, ""discount_rate"": 7.0}"
지그재그,로젠하임 릴렉스드-플레어 트라우저 (블랙),로젠하임 릴렉스드-플레어 트라우저 (블랙),,,,드파시온,,"{""shop_id"": ""6817"", ""shop_name"": ""사색"", ""sale_price"": 38700, ""category_id"": ""364"", ""review_count"": 825, ""discount_rate"": 7.0}"
지그재그,에르네 릴렉스드-미니멀 트라우저 (에스프레소),에르네 릴렉스드-미니멀 트라우저 (에스프레소),,,,드파시온,,"{""shop_id"": ""6817"", ""shop_name"": ""사색"", ""sale_price"": 38700, ""category_id"": ""364"", ""review_count"": 271, ""discount_rate"": 7.0}"
지그재그,낭트 여름 릴렉스드-스트레이트 데님 팬츠 (쿨 라이트 블루),낭트 여름 릴렉스드-스트레이트 데님 팬츠 (쿨 라이트 블루),,,,드파시온,,"{""shop_id"": ""6817"", ""shop_name"": ""사색"", ""sale_price"": 22260, ""category_id"": ""4290"", ""review_count"": 472, ""discount_rate"": 50.0}"
지그재그,[🏆인생부츠컷/3기장선택!] made. 세미부츠컷 찰랑슬랙스 (+숏/베이직/롱ver) - 4 size,[🏆인생부츠컷/3기장선택!] made. 세미부츠컷 찰랑슬랙스 (+숏/베이직/롱ver) - 4 size,,,,드릭스,,"{""shop_id"": ""2833"", ""shop_name"": ""슬로우앤드"", ""sale_price"": 25520, ""category_id"": ""364"", ""review_count"": 12030, ""discount_rate"": 48.0}"
지그재그,핏업데님 릴렉스 부츠컷 Short/Long_MIWTJG936J/MIWTJG946J,핏업데님 릴렉스 부츠컷 short/long_miwtjg936j/miwtjg946j,,,,드림월드,,"{""shop_id"": ""11864"", ""shop_name"": ""미쏘"", ""sale_price"": 33180, ""category_id"": ""4292"", ""review_count"": 170, ""discount_rate"": 34.0}"
지그재그,Signature Low Rise Wide Jeans DCWPT004BlueB,signature low rise wide jeans dcwpt004blueb,,,,디어스토커,,"{""shop_id"": ""56003"", ""shop_name"": ""데케트우먼"", ""sale_price"": 44790, ""category_id"": ""4291"", ""review_count"": 372, ""discount_rate"": 28.0}"
지그재그,[DEMOOR] 바셋 절개 커브드 슬랙스 (숏/롱),[demoor] 바셋 절개 커브드 슬랙스 (숏/롱),,,,디스이즈네버댓,,"{""shop_id"": ""55404"", ""shop_name"": ""드무어"", ""sale_price"": 29400, ""category_id"": ""364"", ""review_count"": 43, ""discount_rate"": 44.0}"
지그재그,"[군살커버청바지🍂35만장🏆] 파스텔와이드데님PT (데님팬츠,와이드데님,와이드청바지,세미와이드,사계절데님,화이트팬츠,블랙진,면팬츠,출근룩,하객룩,키작녀,가을바지)","[군살커버청바지🍂35만장🏆] 파스텔와이드데님pt (데님팬츠,와이드데님,와이드청바지,세미와이드,사계절데님,화이트팬츠,블랙진,면팬츠,출근룩,하객룩,키작녀,가을바지)",,,,디셈버텐,,"{""shop_id"": ""92"", ""shop_name"": ""고고싱"", ""sale_price"": 26820, ""category_id"": ""4291"", ""review_count"": 58485, ""discount_rate"": 44.0}"
지그재그,"[+어텀/누적65만장] WONT 어텀 핀턱 슬랙스 (미니,숏,롱,맥시ver) / 썸머 어텀 핀턱 슬랙스","[+어텀/누적65만장] wont 어텀 핀턱 슬랙스 (미니,숏,롱,맥시ver) / 썸머 어텀 핀턱 슬랙스",,,,레이버러스,,"{""shop_id"": ""830"", ""shop_name"": ""원로그"", ""sale_price"": 37680, ""category_id"": ""364"", ""review_count"": 28500, ""discount_rate"": 23.0}"
지그재그,[가을바지🍁/5만장돌파🏆/made] 모티브 핀턱 슬랙스 (숏/기본),[가을바지🍁/5만장돌파🏆/made] 모티브 핀턱 슬랙스 (숏/기본),,,,드리프트아웃,,"{""shop_id"": ""200"", ""shop_name"": ""리얼코코"", ""sale_price"": 19300, ""category_id"": ""364"", ""review_count"": 7824, ""discount_rate"": 69.0}"
지그재그,[5부&7부&9부🤎/made] 스니크 카프리 팬츠 (2color),[5부&7부&9부🤎/made] 스니크 카프리 팬츠 (2color),,,,드리프트아웃,,"{""shop_id"": ""200"", ""shop_name"": ""리얼코코"", ""sale_price"": 26560, ""category_id"": ""371"", ""review_count"": 3958, ""discount_rate"": 45.0}"
지그재그,"[가을코튼팬츠🍂21만장돌파!👍] 허리조절 투스트랩 와이드 팬츠 (와이드팬츠,화이트팬츠,면바지,출근룩,키작녀,흰바지,사계절바지,가을바지)","[가을코튼팬츠🍂21만장돌파!👍] 허리조절 투스트랩 와이드 팬츠 (와이드팬츠,화이트팬츠,면바지,출근룩,키작녀,흰바지,사계절바지,가을바지)",,,,디셈버텐,,"{""shop_id"": ""92"", ""shop_name"": ""고고싱"", ""sale_price"": 26820, ""category_id"": ""365"", ""review_count"": 31020, ""discount_rate"": 46.0}"
지그재그,"[얼리어텀] [유진PICK] [4만장돌파/S-2XL/숏,기본,롱 기장옵션] 콤마 핀턱 와이드 슬랙스 - 2 타입 (당일출고/가을/빅사이즈/하객룩/출근룩/오피스룩)","[얼리어텀] [유진pick] [4만장돌파/s-2xl/숏,기본,롱 기장옵션] 콤마 핀턱 와이드 슬랙스 - 2 타입 (당일출고/가을/빅사이즈/하객룩/출근룩/오피스룩)",,,,디아스토리,,"{""shop_id"": ""176"", ""shop_name"": ""커먼유니크"", ""sale_price"": 28610, ""category_id"": ""364"", ""review_count"": 8329, ""discount_rate"": 36.0}"
지그재그,베일라 여름 릴렉스드-스트레이트 린넨 트라우저 (샌드베이지),베일라 여름 릴렉스드-스트레이트 린넨 트라우저 (샌드베이지),,,,드파시온,,"{""shop_id"": ""6817"", ""shop_name"": ""사색"", ""sale_price"": 41300, ""category_id"": ""364"", ""review_count"": 349, ""discount_rate"": 7.0}"
지그재그,[지금하네][직잭단독][30% 쿠폰][무료배송]에센셜 벌룬 조거 팬츠 12Color,[지금하네][직잭단독][30% 쿠폰][무료배송]에센셜 벌룬 조거 팬츠 12color,,,,디나이언트,,"{""shop_id"": ""55213"", ""shop_name"": ""하네"", ""sale_price"": 34910, ""category_id"": ""372"", ""review_count"": 89, ""discount_rate"": 48.0}"
지그재그,[MADE/기본템]마인 데일리 3부 숏팬츠&반바지,[made/기본템]마인 데일리 3부 숏팬츠&반바지,,,,디아레,,"{""shop_id"": ""4600"", ""shop_name"": ""베이델리"", ""sale_price"": 21980, ""category_id"": ""367"", ""review_count"": 11858, ""discount_rate"": 24.0}"
지그재그,[🤎가을팬츠/기장선택] made. 도어 워싱코튼 카고팬츠 (숏/베이직/롱),[🤎가을팬츠/기장선택] made. 도어 워싱코튼 카고팬츠 (숏/베이직/롱),,,,드릭스,,"{""shop_id"": ""2833"", ""shop_name"": ""슬로우앤드"", ""sale_price"": 35200, ""category_id"": ""365"", ""review_count"": 87, ""discount_rate"": 34.0}"
지그재그,[주문폭주] 커브드 플레어 밴딩 팬츠,[주문폭주] 커브드 플레어 밴딩 팬츠,,,,라퍼,,"{""shop_id"": ""7740"", ""shop_name"": ""라우코하우스"", ""sale_price"": 40800, ""category_id"": ""365"", ""review_count"": 30, ""discount_rate"": 20.0}"
지그재그,[핏보정팬츠] made. 나이브 히든밴딩 세미부츠컷 팬츠 (+숏/베이직/롱ver) - 4 size,[핏보정팬츠] made. 나이브 히든밴딩 세미부츠컷 팬츠 (+숏/베이직/롱ver) - 4 size,,,,드릭스,,"{""shop_id"": ""2833"", ""shop_name"": ""슬로우앤드"", ""sale_price"": 26910, ""category_id"": ""4292"", ""review_count"": 6169, ""discount_rate"": 47.0}"
지그재그,[7만장판매] [B-BASIC] 에어스웨트 와이드 투웨이 밴딩팬츠,[7만장판매] [b-basic] 에어스웨트 와이드 투웨이 밴딩팬츠,,,,디에스엠티,,"{""shop_id"": ""517"", ""shop_name"": ""블랙업"", ""sale_price"": 32680, ""category_id"": ""365"", ""review_count"": 11005, ""discount_rate"": 24.0}"
지그재그,"[🥇재구매1위,인생데님👖#후기검증#가을신상] 언유즈얼리 에브리 세미 부츠컷 데님 (7color) (생지롱XS,S할인중💥) 3기장/XS-XL/스판/부츠컷청바지/빅사이즈","[🥇재구매1위,인생데님👖#후기검증#가을신상] 언유즈얼리 에브리 세미 부츠컷 데님 (7color) (생지롱xs,s할인중💥) 3기장/xs-xl/스판/부츠컷청바지/빅사이즈",,,,라카이,,"{""shop_id"": ""4598"", ""shop_name"": ""니어웨어"", ""sale_price"": 24720, ""category_id"": ""4292"", ""review_count"": 21365, ""discount_rate"": 35.0}"
지그재그,Signature Low Rise Semi Flared Jeans DCWPT003BlueB,signature low rise semi flared jeans dcwpt003blueb,,,,디어스토커,,"{""shop_id"": ""56003"", ""shop_name"": ""데케트우먼"", ""sale_price"": 44790, ""category_id"": ""4292"", ""review_count"": 47, ""discount_rate"": 28.0}"
지그재그,[직진배송🚀] 유틸리티 와이드 팬츠_3COLORS,[직진배송🚀] 유틸리티 와이드 팬츠_3colors,,,,런던,,"{""shop_id"": ""9264"", ""shop_name"": ""시티브리즈"", ""sale_price"": 77280, ""category_id"": ""4291"", ""review_count"": 689, ""discount_rate"": 41.0}"
지그재그,Signature Slim Low Rise Flared Jeans DCWPT006BLACKCT,signature slim low rise flared jeans dcwpt006blackct,,,,디어스토커,,"{""shop_id"": ""56003"", ""shop_name"": ""데케트우먼"", ""sale_price"": 53460, ""category_id"": ""4292"", ""review_count"": 366, ""discount_rate"": 28.0}"
지그재그,[라룸] [by LAROOM] 에센셜카프리팬츠,[라룸] [by laroom] 에센셜카프리팬츠,,,,디에봇,,"{""shop_id"": ""3847"", ""shop_name"": ""라룸"", ""sale_price"": 31200, ""category_id"": ""371"", ""review_count"": 123, ""discount_rate"": 20.0}"
지그재그,"[카프리최저가🔥][4만장돌파🏆5부,7부,9부/사방스판&복원력✨2ver🤍체형커버/하객룩/출근룩/카프리/몸매보정][made]어텐션카프리팬츠 - 2color","[카프리최저가🔥][4만장돌파🏆5부,7부,9부/사방스판&복원력✨2ver🤍체형커버/하객룩/출근룩/카프리/몸매보정][made]어텐션카프리팬츠 - 2color",,,,디스이즈파인,,"{""shop_id"": ""5875"", ""shop_name"": ""니썸"", ""sale_price"": 20970, ""category_id"": ""371"", ""review_count"": 1699, ""discount_rate"": 54.0}"
지그재그,[S-2XL/핏 보장✨] 히엘 로우라이즈 부츠컷 밴딩 팬츠,[s-2xl/핏 보장✨] 히엘 로우라이즈 부츠컷 밴딩 팬츠,,,,디오디,,"{""shop_id"": ""6415"", ""shop_name"": ""원더원더"", ""sale_price"": 22420, ""category_id"": ""366"", ""review_count"": 735, ""discount_rate"": 21.0}"
지그재그,핏업데님 부츠컷 Basic/Long_MIWTJG910J/MIWTJG920J,핏업데님 부츠컷 basic/long_miwtjg910j/miwtjg920j,,,,드림월드,,"{""shop_id"": ""11864"", ""shop_name"": ""미쏘"", ""sale_price"": 33180, ""category_id"": ""4292"", ""review_count"": 2994, ""discount_rate"": 34.0}"
지그재그,[무료배송] 스키어 벌룬 와이드 코튼 팬츠,[무료배송] 스키어 벌룬 와이드 코튼 팬츠,,,,디그,,"{""shop_id"": ""9512"", ""shop_name"": ""매니크"", ""sale_price"": 37600, ""category_id"": ""365"", ""review_count"": 837, ""discount_rate"": 40.0}"
지그재그,[가을🍂/체형커버💗/후기보장🏆/MADE] 마르텔 데님 숏 팬츠,[가을🍂/체형커버💗/후기보장🏆/made] 마르텔 데님 숏 팬츠,,,,라이크더모스트,,"{""shop_id"": ""2394"", ""shop_name"": ""트렌디어패럴"", ""sale_price"": 23710, ""category_id"": ""367"", ""review_count"": 1504, ""discount_rate"": 32.0}"
지그재그,[🏆재구매1위!/기장선택가능!] made. 나스 디테일러 와이드팬츠 (베이직/롱),[🏆재구매1위!/기장선택가능!] made. 나스 디테일러 와이드팬츠 (베이직/롱),,,,드릭스,,"{""shop_id"": ""2833"", ""shop_name"": ""슬로우앤드"", ""sale_price"": 30320, ""category_id"": ""4291"", ""review_count"": 12311, ""discount_rate"": 47.0}"
지그재그,[MADE/국내제작]오션 와이드 데님 팬츠,[made/국내제작]오션 와이드 데님 팬츠,,,,디아레,,"{""shop_id"": ""4600"", ""shop_name"": ""베이델리"", ""sale_price"": 25760, ""category_id"": ""4291"", ""review_count"": 29252, ""discount_rate"": 32.0}"
지그재그,[골반뽕탈부착][5/7/9부][~2XL][힙딥보완]클로드 코튼 슬릿 바이커 카프리 팬츠 (5부/7부/9부ver)(4color),[골반뽕탈부착][5/7/9부][~2xl][힙딥보완]클로드 코튼 슬릿 바이커 카프리 팬츠 (5부/7부/9부ver)(4color),,,,디스코도넛,,"{""shop_id"": ""8533"", ""shop_name"": ""프렌치오브"", ""sale_price"": 19680, ""category_id"": ""367"", ""review_count"": 974, ""discount_rate"": 52.0}"
지그재그,"[비율보정/부츠컷데님🏆5만장] 빈티지 워시드 롱 부츠컷 데님팬츠 (가을청바지,가을데님,화이트데님,블랙진,출근룩,하객룩,키작녀,부츠컷청바지,롱부츠컷)","[비율보정/부츠컷데님🏆5만장] 빈티지 워시드 롱 부츠컷 데님팬츠 (가을청바지,가을데님,화이트데님,블랙진,출근룩,하객룩,키작녀,부츠컷청바지,롱부츠컷)",,,,디셈버텐,,"{""shop_id"": ""92"", ""shop_name"": ""고고싱"", ""sale_price"": 26820, ""category_id"": ""4292"", ""review_count"": 13969, ""discount_rate"": 44.0}"
지그재그,[쫀득스판🏆8만장] 중독팬츠ver.코튼와이드 - 6color (와이드팬츠/코튼팬츠/면바지/롱와이드/브라운팬츠/흰바지/가을바지/출근룩/MADE/키작녀),[쫀득스판🏆8만장] 중독팬츠ver.코튼와이드 - 6color (와이드팬츠/코튼팬츠/면바지/롱와이드/브라운팬츠/흰바지/가을바지/출근룩/made/키작녀),,,,디셈버텐,,"{""shop_id"": ""92"", ""shop_name"": ""고고싱"", ""sale_price"": 26820, ""category_id"": ""365"", ""review_count"": 13341, ""discount_rate"": 43.0}"
지그재그,플로잉 플리츠 피그먼트 부츠컷 팬츠 [그레이],플로잉 플리츠 피그먼트 부츠컷 팬츠 [그레이],,,,라이프리버티러브,,"{""shop_id"": ""44502"", ""shop_name"": ""헬레네파리스"", ""sale_price"": 49740, ""category_id"": ""366"", ""review_count"": 352, ""discount_rate"": 34.0}"
지그재그,[🏆BEST슬랙스/기장선택가능] made. 마켓 세미부츠컷 트레이닝슬랙스 (+베이직/롱ver) - 2 size,[🏆best슬랙스/기장선택가능] made. 마켓 세미부츠컷 트레이닝슬랙스 (+베이직/롱ver) - 2 size,,,,드릭스,,"{""shop_id"": ""2833"", ""shop_name"": ""슬로우앤드"", ""sale_price"": 21510, ""category_id"": ""364"", ""review_count"": 17715, ""discount_rate"": 50.0}"
지그재그,코튼 반바지_MIWTHG911B,코튼 반바지_miwthg911b,,,,드림월드,,"{""shop_id"": ""11864"", ""shop_name"": ""미쏘"", ""sale_price"": 27930, ""category_id"": ""367"", ""review_count"": 57, ""discount_rate"": 30.0}"
지그재그,[서경 PICK][얼리어텀🍂][ordinaire] 디핀 데님 (11color/숏·롱/XS-L),[서경 pick][얼리어텀🍂][ordinaire] 디핀 데님 (11color/숏·롱/xs-l),,,,디어마이디어,,"{""shop_id"": ""3548"", ""shop_name"": ""가내스라"", ""sale_price"": 25200, ""category_id"": ""4291"", ""review_count"": 2515, ""discount_rate"": 44.0}"
지그재그,[가을신상🍁/8월특가/국내제작] 루베나 찰랑 밴딩 하렘팬츠 (6col),[가을신상🍁/8월특가/국내제작] 루베나 찰랑 밴딩 하렘팬츠 (6col),,,,레슈엠,,"{""shop_id"": ""2222"", ""shop_name"": ""옐로우바빌"", ""sale_price"": 16630, ""category_id"": ""372"", ""review_count"": 89, ""discount_rate"": 51.0}"
지그재그,"[55만장🏆미친깔끔핏/구김X] 핀턱 스트레이트 일자슬랙스 - 9color (사계절 슬랙스/하객룩,출근룩,와이드슬랙스,핀턱슬랙스,세미와이드,키작녀,슬랙스팬츠,가을슬랙스,간절기)","[55만장🏆미친깔끔핏/구김x] 핀턱 스트레이트 일자슬랙스 - 9color (사계절 슬랙스/하객룩,출근룩,와이드슬랙스,핀턱슬랙스,세미와이드,키작녀,슬랙스팬츠,가을슬랙스,간절기)",,,,디셈버텐,,"{""shop_id"": ""92"", ""shop_name"": ""고고싱"", ""sale_price"": 26820, ""category_id"": ""364"", ""review_count"": 88983, ""discount_rate"": 27.0}"
지그재그,[made]썸머워싱와이드팬츠,[made]썸머워싱와이드팬츠,,,,디스커버리 익스페디션,,"{""shop_id"": ""7320"", ""shop_name"": ""어텀"", ""sale_price"": 25920, ""category_id"": ""365"", ""review_count"": 4479, ""discount_rate"": 28.0}"
지그재그,🚀[🍂가을 new!][🏆5만장돌파/자체제작][숏/롱] 웨일즈 볼륨업 골반패드 부츠컷 롱 팬츠 (반하이/로우) -12 color,🚀[🍂가을 new!][🏆5만장돌파/자체제작][숏/롱] 웨일즈 볼륨업 골반패드 부츠컷 롱 팬츠 (반하이/로우) -12 color,,,,떨스티,,"{""shop_id"": ""3278"", ""shop_name"": ""히니크"", ""sale_price"": 36640, ""category_id"": ""4292"", ""review_count"": 2282, ""discount_rate"": 43.0}"
지그재그,[주미니PICK💖] 부츠컷 진_SPTJG49G61,[주미니pick💖] 부츠컷 진_sptjg49g61,,,,디그노루시르,,"{""shop_id"": ""25938"", ""shop_name"": ""스파오"", ""sale_price"": 44910, ""category_id"": ""4292"", ""review_count"": 351, ""discount_rate"": 10.0}"
지그재그,"2026 뉴컬러 5추가/15만장 돌파🖤[MADE]탄탄 진청 세미 부츠컷 하이웨스트 pt(하객룩/데이트룩/데일리룩/소개팅룩)","2026 뉴컬러 5추가/15만장 돌파🖤[made]탄탄 진청 세미 부츠컷 하이웨스트 pt(하객룩/데이트룩/데일리룩/소개팅룩)",,,,레프트서울,,"{""shop_id"": ""1039"", ""shop_name"": ""파스텔타임"", ""sale_price"": 39800, ""category_id"": ""4292"", ""review_count"": 18445, ""discount_rate"": 24.0}"
지그재그,미드 코튼 스트레이트 PANTS,미드 코튼 스트레이트 pants,,,,라울,,"{""shop_id"": ""8544"", ""shop_name"": ""오브나인"", ""sale_price"": 32000, ""category_id"": ""363"", ""review_count"": 13, ""discount_rate"": 0.0}"
지그재그,벌룬 미니 쇼츠 (3color),벌룬 미니 쇼츠 (3color),,,,디젤,,"{""shop_id"": ""53838"", ""shop_name"": ""루프온"", ""sale_price"": 29600, ""category_id"": ""367"", ""review_count"": 292, ""discount_rate"": 26.0}"
지그재그,애너하임 슬림-플레어 트라우저 (블랙),애너하임 슬림-플레어 트라우저 (블랙),,,,드파시온,,"{""shop_id"": ""6817"", ""shop_name"": ""사색"", ""sale_price"": 41300, ""category_id"": ""364"", ""review_count"": 173, ""discount_rate"": 7.0}"
지그재그,[가을팬츠🍂/3부&5부/made] 노멀 핀턱 반바지 (3color),[가을팬츠🍂/3부&5부/made] 노멀 핀턱 반바지 (3color),,,,드리프트아웃,,"{""shop_id"": ""200"", ""shop_name"": ""리얼코코"", ""sale_price"": 26690, ""category_id"": ""367"", ""review_count"": 5362, ""discount_rate"": 42.0}"
지그재그,웨인 썸머 릴렉스드 플레어-트라우저 (블랙),웨인 썸머 릴렉스드 플레어-트라우저 (블랙),,,,드파시온,,"{""shop_id"": ""6817"", ""shop_name"": ""사색"", ""sale_price"": 41300, ""category_id"": ""364"", ""review_count"": 350, ""discount_rate"": 7.0}"
지그재그,[New와이드부츠컷🤎55만장🏆부츠컷1등] 반하이 모찌슬랙스 #세미부츠컷 (4type/가을슬랙스/가을바지/밴딩슬랙스/부츠컷슬랙스/와이드슬랙스/일자슬랙스/스판슬랙스/출근룩/하객룩),[new와이드부츠컷🤎55만장🏆부츠컷1등] 반하이 모찌슬랙스 #세미부츠컷 (4type/가을슬랙스/가을바지/밴딩슬랙스/부츠컷슬랙스/와이드슬랙스/일자슬랙스/스판슬랙스/출근룩/하객룩),,,,디셈버텐,,"{""shop_id"": ""92"", ""shop_name"": ""고고싱"", ""sale_price"": 26820, ""category_id"": ""366"", ""review_count"": 81365, ""discount_rate"": 27.0}"
지그재그,[12만장돌파][BAONHAUS] 고코부 컬러 코튼 밴딩 와이드 팬츠 (12color),[12만장돌파][baonhaus] 고코부 컬러 코튼 밴딩 와이드 팬츠 (12color),,,,디티엠씨,,"{""shop_id"": ""1007"", ""shop_name"": ""바온"", ""sale_price"": 22870, ""category_id"": ""365"", ""review_count"": 20306, ""discount_rate"": 26.0}"
지그재그,[가을🍁직진배송/4천장돌파][4계절/2기장][MADE] 마켓 코튼ver. 핀턱 와이드 팬츠 (기본/롱),[가을🍁직진배송/4천장돌파][4계절/2기장][made] 마켓 코튼ver. 핀턱 와이드 팬츠 (기본/롱),,,,드파운드,,"{""shop_id"": ""202"", ""shop_name"": ""디어먼트"", ""sale_price"": 14940, ""category_id"": ""365"", ""review_count"": 504, ""discount_rate"": 64.0}"
지그재그,[주미니PICK]Enter Wide Cargo Cotton Pants_9Colors,[주미니pick]enter wide cargo cotton pants_9colors,,,,레베니아,,"{""shop_id"": ""9035"", ""shop_name"": ""어반드레스"", ""sale_price"": 49080, ""category_id"": ""365"", ""review_count"": 1679, ""discount_rate"": 42.0}"
지그재그,[BEST] [DEMOOR] 클리프 와이드 코튼 팬츠 (숏/롱),[best] [demoor] 클리프 와이드 코튼 팬츠 (숏/롱),,,,디스이즈네버댓,,"{""shop_id"": ""55404"", ""shop_name"": ""드무어"", ""sale_price"": 23620, ""category_id"": ""365"", ""review_count"": 342, ""discount_rate"": 55.0}"
지그재그,[출근룩][하객룩][ofm] 포먼 맥시 투턱 와이드 슬랙스 (sl),[출근룩][하객룩][ofm] 포먼 맥시 투턱 와이드 슬랙스 (sl),,,,디미트리블랙,,"{""shop_id"": ""786"", ""shop_name"": ""메리어라운드"", ""sale_price"": 33810, ""category_id"": ""364"", ""review_count"": 714, ""discount_rate"": 39.0}"
지그재그,[컬러추가💗][핏대박/군살지우개][MADE] 레스타 난스판 벌룬와이드 코튼팬츠 (25~36) (빅사이즈바지-오버핏팬츠-벌룬핏-와이드핏-베이직-체형커버-군살커버-면바지),[컬러추가💗][핏대박/군살지우개][made] 레스타 난스판 벌룬와이드 코튼팬츠 (25~36) (빅사이즈바지-오버핏팬츠-벌룬핏-와이드핏-베이직-체형커버-군살커버-면바지),,,,디망쉬,,"{""shop_id"": ""216"", ""shop_name"": ""핫핑"", ""sale_price"": 24240, ""category_id"": ""365"", ""review_count"": 924, ""discount_rate"": 32.0}"
지그재그,[🍂가을/당일출고🚀] 300g 라이트 핀턱 코튼 투웨이 밴딩 팬츠(5color),[🍂가을/당일출고🚀] 300g 라이트 핀턱 코튼 투웨이 밴딩 팬츠(5color),,,,디오스피스,,"{""shop_id"": ""3642"", ""shop_name"": ""페트리코어"", ""sale_price"": 31200, ""category_id"": ""365"", ""review_count"": 2461, ""discount_rate"": 36.0}"
지그재그,[가을🍁/기장선택가능!] made. 어퍼 컬러웨이 와이드 워싱데님팬츠 (베이직/롱),[가을🍁/기장선택가능!] made. 어퍼 컬러웨이 와이드 워싱데님팬츠 (베이직/롱),,,,드릭스,,"{""shop_id"": ""2833"", ""shop_name"": ""슬로우앤드"", ""sale_price"": 36000, ""category_id"": ""365"", ""review_count"": 651, ""discount_rate"": 33.0}"
지그재그,[가을바지][ofm] 이즈 세미 부츠컷 데님 팬츠 (denim pants),[가을바지][ofm] 이즈 세미 부츠컷 데님 팬츠 (denim pants),,,,디미트리블랙,,"{""shop_id"": ""786"", ""shop_name"": ""메리어라운드"", ""sale_price"": 31160, ""category_id"": ""4291"", ""review_count"": 11, ""discount_rate"": 37.0}"
지그재그,[숏&롱/히든밴딩✨]브러쉬 워싱 핀턱 와이드 데님 팬츠(3color),[숏&롱/히든밴딩✨]브러쉬 워싱 핀턱 와이드 데님 팬츠(3color),,,,디컬트,,"{""shop_id"": ""55729"", ""shop_name"": ""리파"", ""sale_price"": 18900, ""category_id"": ""4291"", ""review_count"": 1, ""discount_rate"": 24.0}"
지그재그,[🍁얼리어텀 32%][MADE/5천장돌파]이프 데일리 투핀턱 하프 슬랙스 (S-L/출근룩/데일리룩/가을슬랙스/핀턱슬랙스/가을바지/하객룩/숏팬츠/반바지),[🍁얼리어텀 32%][made/5천장돌파]이프 데일리 투핀턱 하프 슬랙스 (s-l/출근룩/데일리룩/가을슬랙스/핀턱슬랙스/가을바지/하객룩/숏팬츠/반바지),,,,드리머,,"{""shop_id"": ""88"", ""shop_name"": ""케이클럽"", ""sale_price"": 12320, ""category_id"": ""367"", ""review_count"": 828, ""discount_rate"": 71.0}"
지그재그,[made]빈티지워싱쇼츠,[made]빈티지워싱쇼츠,,,,디스커버리 익스페디션,,"{""shop_id"": ""7320"", ""shop_name"": ""어텀"", ""sale_price"": 26100, ""category_id"": ""367"", ""review_count"": 664, ""discount_rate"": 10.0}"
지그재그,와일드 부츠컷 레깅스(나이트블랙),와일드 부츠컷 레깅스(나이트블랙),,,,레투알,,"{""shop_id"": ""6523"", ""shop_name"": ""콘치웨어"", ""sale_price"": 27930, ""category_id"": ""4301"", ""review_count"": 2134, ""discount_rate"": 50.0}"
지그재그,[탈부착골반뽕/3기장🖤]글램 골반뽕 패드 탈부착 부츠컷 워싱 데님 청바지(4color),[탈부착골반뽕/3기장🖤]글램 골반뽕 패드 탈부착 부츠컷 워싱 데님 청바지(4color),,,,디컬트,,"{""shop_id"": ""55729"", ""shop_name"": ""리파"", ""sale_price"": 23800, ""category_id"": ""4292"", ""discount_rate"": 20.0}"
지그재그,루체른 와이드-플레어 트라우저 (블랙),루체른 와이드-플레어 트라우저 (블랙),,,,드파시온,,"{""shop_id"": ""6817"", ""shop_name"": ""사색"", ""sale_price"": 41300, ""category_id"": ""364"", ""review_count"": 92, ""discount_rate"": 7.0}"
지그재그,"[맥스와이드하체커버🏆1만장] 파스텔와이드데님PT ver.맥스와이드 - 6color (와이드데님,롱와이드,워싱데님,출근룩,가을바지,키작녀,데님팬츠,와이드청바지,가을청바지,사계절데님","[맥스와이드하체커버🏆1만장] 파스텔와이드데님pt ver.맥스와이드 - 6color (와이드데님,롱와이드,워싱데님,출근룩,가을바지,키작녀,데님팬츠,와이드청바지,가을청바지,사계절데님",,,,디셈버텐,,"{""shop_id"": ""92"", ""shop_name"": ""고고싱"", ""sale_price"": 31840, ""category_id"": ""4291"", ""review_count"": 3826, ""discount_rate"": 29.0}"
지그재그,시즌오프⚡[직진배송/2기장/여름바지/3천장돌파][MNLB] 원트 썸머 나일론 핀턱 와이드 팬츠 (기본/롱),시즌오프⚡[직진배송/2기장/여름바지/3천장돌파][mnlb] 원트 썸머 나일론 핀턱 와이드 팬츠 (기본/롱),,,,드파운드,,"{""shop_id"": ""202"", ""shop_name"": ""디어먼트"", ""sale_price"": 11470, ""category_id"": ""365"", ""review_count"": 395, ""discount_rate"": 73.0}"
지그재그,"[숏,롱/허얇골넓🔥] 트로이 로우라이즈 힙시크 백포켓 밴딩 바지 핏보장 말라핏 스판 빅사이즈 부츠컷 트레이닝 팬츠","[숏,롱/허얇골넓🔥] 트로이 로우라이즈 힙시크 백포켓 밴딩 바지 핏보장 말라핏 스판 빅사이즈 부츠컷 트레이닝 팬츠",,,,딜레탕티즘,,"{""shop_id"": ""9501"", ""shop_name"": ""조이조이"", ""sale_price"": 24720, ""category_id"": ""366"", ""review_count"": 227, ""discount_rate"": 20.0}"
지그재그,[made]딥나이트데님,[made]딥나이트데님,,,,디스커버리 익스페디션,,"{""shop_id"": ""7320"", ""shop_name"": ""어텀"", ""sale_price"": 36800, ""category_id"": ""4290"", ""review_count"": 22, ""discount_rate"": 20.0}"
지그재그,[가을데님🍁/20만장돌파/3단기장/made] 포스트 와이드 팬츠 (숏/기본/롱),[가을데님🍁/20만장돌파/3단기장/made] 포스트 와이드 팬츠 (숏/기본/롱),,,,드리프트아웃,,"{""price"": 36900, ""shop_id"": ""200"", ""shop_name"": ""리얼코코"", ""discount_rate"": 72}"
지그재그,시즌오프⚡[반바지/2천장돌파][MNLB] 테일 루즈핏 하프 핀턱 워싱 코튼 팬츠,시즌오프⚡[반바지/2천장돌파][mnlb] 테일 루즈핏 하프 핀턱 워싱 코튼 팬츠,,,,드파운드,,"{""shop_id"": ""202"", ""shop_name"": ""디어먼트"", ""sale_price"": 13380, ""category_id"": ""367"", ""review_count"": 301, ""discount_rate"": 69.0}"
지그재그,[BEST] [DEMOOR] 클리어 나일론 절개 밴딩팬츠,[best] [demoor] 클리어 나일론 절개 밴딩팬츠,,,,디스이즈네버댓,,"{""shop_id"": ""55404"", ""shop_name"": ""드무어"", ""sale_price"": 13320, ""category_id"": ""365"", ""review_count"": 133, ""discount_rate"": 64.0}"
지그재그,[숏&롱/와이드&부츠컷]백포켓 와이드&부츠컷 트레이닝 팬츠(3color),[숏&롱/와이드&부츠컷]백포켓 와이드&부츠컷 트레이닝 팬츠(3color),,,,디컬트,,"{""shop_id"": ""55729"", ""shop_name"": ""리파"", ""sale_price"": 17900, ""category_id"": ""365"", ""discount_rate"": 25.0}"
지그재그,리벳 포켓 코튼 와이드 팬츠 (3color),리벳 포켓 코튼 와이드 팬츠 (3color),,,,디젤,,"{""shop_id"": ""53838"", ""shop_name"": ""루프온"", ""sale_price"": 30600, ""category_id"": ""365"", ""review_count"": 397, ""discount_rate"": 34.0}"
지그재그,[2기장][탄탄롱다리핏/힙볼륨UP] 팜무드 캣브러쉬 워싱 와이드 데님팬츠 (25~34) (빅사이즈팬츠-와이드팬츠-워싱데님-간절기데님-코튼데님-체형커버-롱다리핏-데일리룩),[2기장][탄탄롱다리핏/힙볼륨up] 팜무드 캣브러쉬 워싱 와이드 데님팬츠 (25~34) (빅사이즈팬츠-와이드팬츠-워싱데님-간절기데님-코튼데님-체형커버-롱다리핏-데일리룩),,,,디망쉬,,"{""shop_id"": ""216"", ""shop_name"": ""핫핑"", ""sale_price"": 25520, ""category_id"": ""4291"", ""review_count"": 1007, ""discount_rate"": 29.0}"
지그재그,[new컬러] [👍핏보장/🍂가을/단독] 베이 코튼 절개 와이드 팬츠 (봄•가을/출근룩/만능코디/코튼슬랙스),[new컬러] [👍핏보장/🍂가을/단독] 베이 코튼 절개 와이드 팬츠 (봄•가을/출근룩/만능코디/코튼슬랙스),,,,디오스피스,,"{""shop_id"": ""3642"", ""shop_name"": ""페트리코어"", ""sale_price"": 43120, ""category_id"": ""365"", ""review_count"": 113, ""discount_rate"": 33.0}"
지그재그,[알로하PICK / NEW컬러 추가] 셀비 포켓 데님 팬츠_9COLORS,[알로하pick / new컬러 추가] 셀비 포켓 데님 팬츠_9colors,,,,레더리,,"{""shop_id"": ""14219"", ""shop_name"": ""아티드"", ""sale_price"": 73080, ""category_id"": ""366"", ""review_count"": 753, ""discount_rate"": 34.0}"
지그재그,[🍁가을/무료배송] 하젠 와이드 트레이닝 팬츠,[🍁가을/무료배송] 하젠 와이드 트레이닝 팬츠,,,,디그,,"{""shop_id"": ""9512"", ""shop_name"": ""매니크"", ""sale_price"": 31200, ""category_id"": ""365"", ""review_count"": 6, ""discount_rate"": 40.0}"
지그재그,Linen Like Semi Flared Jeans DCWPT027LIGHTBLUE,linen like semi flared jeans dcwpt027lightblue,,,,디어스토커,,"{""shop_id"": ""56003"", ""shop_name"": ""데케트우먼"", ""sale_price"": 53460, ""category_id"": ""4292"", ""review_count"": 38, ""discount_rate"": 28.0}"
지그재그,[체형커버반바지1위🍁누적20만장/3부&4부][🎁압도적리뷰/슬랙스+코튼/반바지/팬츠/바지/하프슬랙스][MADE]내맘에홀릭핀턱하프슬랙스 - 6color,[체형커버반바지1위🍁누적20만장/3부&4부][🎁압도적리뷰/슬랙스+코튼/반바지/팬츠/바지/하프슬랙스][made]내맘에홀릭핀턱하프슬랙스 - 6color,,,,디스이즈파인,,"{""shop_id"": ""5875"", ""shop_name"": ""니썸"", ""sale_price"": 18990, ""category_id"": ""367"", ""review_count"": 19675, ""discount_rate"": 50.0}"
지그재그,[루프온 X OOTJ단독] 로우 플레어 진,[루프온 x ootj단독] 로우 플레어 진,,,,디젤,,"{""shop_id"": ""53838"", ""shop_name"": ""루프온"", ""sale_price"": 62720, ""category_id"": ""4292"", ""review_count"": 631, ""discount_rate"": 31.0}"
지그재그,[속바지내장/숏츠💕/made] 포레드 치마 바지,[속바지내장/숏츠💕/made] 포레드 치마 바지,,,,드리프트아웃,,"{""shop_id"": ""200"", ""shop_name"": ""리얼코코"", ""sale_price"": 25120, ""category_id"": ""369"", ""review_count"": 261, ""discount_rate"": 45.0}"
지그재그,"[10만장돌파🏆/MADE/숏,롱/S~XL]코히 트임 슬랙스(자체제작 제작상품 슬림핏 오피스룩 봄슬랙스 하객룩 웨딩룩 착붙핏)","[10만장돌파🏆/made/숏,롱/s~xl]코히 트임 슬랙스(자체제작 제작상품 슬림핏 오피스룩 봄슬랙스 하객룩 웨딩룩 착붙핏)",,,,디아도라,,"{""price"": 43900, ""shop_id"": ""701"", ""shop_name"": ""메이빈스"", ""discount_rate"": 33}"
지그재그,공용 더블페이스 버뮤다 핏 팬츠_101(10570-037-404-07),공용 더블페이스 버뮤다 핏 팬츠_101(10570-037-404-07),,,,라이클리후드,,"{""price"": 14900, ""shop_id"": ""60708"", ""shop_name"": ""행텐"", ""discount_rate"": 72}"
지그재그,절개 워싱 부츠컷 데님_MIWTJG996J,절개 워싱 부츠컷 데님_miwtjg996j,,,,드림월드,,"{""price"": 59900, ""shop_id"": ""11864"", ""shop_name"": ""미쏘"", ""discount_rate"": 34}"
지그재그,[인기폭주🏆/종아리커버핏] 레쏘드 버뮤다 코튼팬츠 반바지 (여름바지/여름반바지),[인기폭주🏆/종아리커버핏] 레쏘드 버뮤다 코튼팬츠 반바지 (여름바지/여름반바지),,,,디써티원,,"{""price"": 38000, ""shop_id"": ""8929"", ""shop_name"": ""나이니"", ""discount_rate"": 20}"
지그재그,🎬 [단독] [🏆30만장돌파] [숏.기본.롱/5size] 완벽해 히든 밴딩 와이드 데님 팬츠 -5color (S-2XL/빅사이즈팬츠/가을청바지/와이드팬츠/밴딩팬츠/세미와이드),🎬 [단독] [🏆30만장돌파] [숏.기본.롱/5size] 완벽해 히든 밴딩 와이드 데님 팬츠 -5color (s-2xl/빅사이즈팬츠/가을청바지/와이드팬츠/밴딩팬츠/세미와이드),,,,러기드하우스,,"{""price"": 31900, ""shop_id"": ""6309"", ""shop_name"": ""모어라운드"", ""discount_rate"": 43}"
지그재그,[🏆베스트데님/기장선택!] made. 투데이 썸머라이트 데님팬츠 (+베이직/롱ver) - 4 size,[🏆베스트데님/기장선택!] made. 투데이 썸머라이트 데님팬츠 (+베이직/롱ver) - 4 size,,,,드릭스,,"{""price"": 39800, ""shop_id"": ""2833"", ""shop_name"": ""슬로우앤드"", ""discount_rate"": 35}"
지그재그,[made]하데즈 스트랩 밴딩 린넨 와이드 팬츠,[made]하데즈 스트랩 밴딩 린넨 와이드 팬츠,,,,디어류,,"{""price"": 30400, ""shop_id"": ""58775"", ""shop_name"": ""포네크"", ""discount_rate"": 43}"
지그재그,"[💙여름][직진배송/6만장돌파][MNLB] 스텝 썸머 시어서커 스트라이프 밴딩 와이드 팬츠 (기본,롱/2사이즈)","[💙여름][직진배송/6만장돌파][mnlb] 스텝 썸머 시어서커 스트라이프 밴딩 와이드 팬츠 (기본,롱/2사이즈)",,,,드파운드,,"{""price"": 29500, ""shop_id"": ""202"", ""shop_name"": ""디어먼트"", ""discount_rate"": 73}"
지그재그,텐션 벌룬 밴딩 하렘 팬츠,텐션 벌룬 밴딩 하렘 팬츠,,,,레스아뜰리에,,"{""price"": 33030, ""shop_id"": ""45208"", ""shop_name"": ""오뉴이"", ""discount_rate"": 31}"
지그재그,"[여름바지💙3만장돌파!!] 썸머 투웨이 밴딩 와샤 카고팬츠(여름긴바지,나일론팬츠,와샤팬츠,와이드팬츠,밴딩팬츠,화이트팬츠,조거팬츠,바스락팬츠,트레이닝팬츠,장마룩,페스티벌룩,흠뻑쇼)","[여름바지💙3만장돌파!!] 썸머 투웨이 밴딩 와샤 카고팬츠(여름긴바지,나일론팬츠,와샤팬츠,와이드팬츠,밴딩팬츠,화이트팬츠,조거팬츠,바스락팬츠,트레이닝팬츠,장마룩,페스티벌룩,흠뻑쇼)",,,,디셈버텐,,"{""price"": 29800, ""shop_id"": ""92"", ""shop_name"": ""고고싱"", ""discount_rate"": 40}"
지그재그,[🍁가을/MNQ] 엠버 히든스판 슬릿 카프리 팬츠,[🍁가을/mnq] 엠버 히든스판 슬릿 카프리 팬츠,,,,디그,,"{""price"": 47000, ""shop_id"": ""9512"", ""shop_name"": ""매니크"", ""discount_rate"": 44}"
지그재그,[베스트슬랙스🏆/쫀쫀스판][MADE][롱&기본] 디얼즈 속밴딩와이드슬랙스 (25~36) (빅사이즈바지-2기장-세미와이드-체형커버-출근룩-하객룩-격식룩-체형커버-군살커버),[베스트슬랙스🏆/쫀쫀스판][made][롱&기본] 디얼즈 속밴딩와이드슬랙스 (25~36) (빅사이즈바지-2기장-세미와이드-체형커버-출근룩-하객룩-격식룩-체형커버-군살커버),,,,디망쉬,,"{""price"": 39800, ""shop_id"": ""216"", ""shop_name"": ""핫핑"", ""discount_rate"": 27}"
지그재그,"2만장돌파 숏/ 롱 [ 자체제작/ 티 안나는 골반패드 ] 카이젠 로우라이즈 포켓 힙업 청바지 데님 부츠컷","2만장돌파 숏/ 롱 [ 자체제작/ 티 안나는 골반패드 ] 카이젠 로우라이즈 포켓 힙업 청바지 데님 부츠컷",,,,러프 애슬레틱,,"{""price"": 54800, ""shop_id"": ""11006"", ""shop_name"": ""블러핏"", ""discount_rate"": 5}"
지그재그,[기장선택/S-2XL🤎] 테어 포켓 카고 와이드 코튼 팬츠,[기장선택/s-2xl🤎] 테어 포켓 카고 와이드 코튼 팬츠,,,,디오디,,"{""price"": 35900, ""shop_id"": ""6415"", ""shop_name"": ""원더원더"", ""discount_rate"": 20}"
지그재그,[🍂얼리어텀/1000벌중가장편한팬츠/XS-XL/1만장돌파🏆] made 말랑텐션 소프트 하프 팬츠 (가을/겨울/간절기/신상/출근룩/데이트룩/기모안감/슬림핏/하프팬츠/헤링본),[🍂얼리어텀/1000벌중가장편한팬츠/xs-xl/1만장돌파🏆] made 말랑텐션 소프트 하프 팬츠 (가을/겨울/간절기/신상/출근룩/데이트룩/기모안감/슬림핏/하프팬츠/헤링본),,,,디어라이프,,"{""price"": 33800, ""shop_id"": ""132"", ""shop_name"": ""베니토"", ""discount_rate"": 35}"
지그재그,[단 3일 20%][🍁가을/7만장판매/Essential] 코토 투웨이 트레이닝 팬츠 (공용/기모),[단 3일 20%][🍁가을/7만장판매/essential] 코토 투웨이 트레이닝 팬츠 (공용/기모),,,,디그,,"{""price"": 48000, ""shop_id"": ""9512"", ""shop_name"": ""매니크"", ""discount_rate"": 41}"
지그재그,🚀[NEW 컬러추가/🏆8만장돌파][자체제작][숏/롱] 리고 여름/가을ver. 데님 롱 팬츠 (와이드/부츠컷) -10 color,🚀[new 컬러추가/🏆8만장돌파][자체제작][숏/롱] 리고 여름/가을ver. 데님 롱 팬츠 (와이드/부츠컷) -10 color,,,,떨스티,,"{""price"": 39400, ""shop_id"": ""3278"", ""shop_name"": ""히니크"", ""discount_rate"": 52}"
지그재그,"[MADE/숏,롱]올데이 베이직 코튼 와이드 팬츠","[made/숏,롱]올데이 베이직 코튼 와이드 팬츠",,,,디아레,,"{""price"": 31450, ""shop_id"": ""4600"", ""shop_name"": ""베이델리"", ""discount_rate"": 32}"
지그재그,여성 라이트 웨이트 와이드 데님팬츠_291(10570-155-401-10),여성 라이트 웨이트 와이드 데님팬츠_291(10570-155-401-10),,,,라이클리후드,,"{""price"": 33700, ""shop_id"": ""60708"", ""shop_name"": ""행텐"", ""discount_rate"": 73}"
